ISO-10303-21;
HEADER;
/*Generated by software containing ST-Developer
 * from STEP Tools, Inc. (www.steptools.com) 
 */
/*OPTION: using custom renumber hook */
/*description */
/*implementation_level */
FILE_DESCRIPTION(('STEP AP242 Edition 2','STEP AP242 Edition 2''CAx-IF Rec.Pracs.---Representation and Presentation of Product Manufa
cturing Information (PMI)---4.0---2014-10-13','STEP AP242 Edition 2''CAx-IF Rec.Pracs.---Representation and Presentation of Product Manufa
cturing Information (PMI)---4.0---2014-10-13''CAx-IF Rec.Pracs.---3D Tessellated Geometry---0.4---2014-09-14','STEP AP242 Edition 2''CAx-IF Rec.Pracs.---Representation and Presentation of Product Manufa
cturing Information (PMI)---4.0---2014-10-13''CAx-IF Rec.Pracs.---3D Tessellated Geometry---0.4---2014-09-14''2;1','STEP AP242 Edition 2''CAx-IF Rec.Pracs.---Representation and Presentation of Product Manufa
cturing Information (PMI)---4.0---2014-10-13''CAx-IF Rec.Pracs.---3D Tessellated Geometry---0.4---2014-09-14''2;1''CAx-IF Rec.Pracs.---User Defined Attributes---1.5---2016-08-15'),'2;1');
/*name */
/*time_stamp */
/*author */
/*organization */
/*preprocessor_version */
/*originating_system */
/*authorisation */
FILE_NAME('/vol/tmp/translate-11814098580945575985/Part Studio 1 - Left.step','2026-02-23T17:12:54',(''),(''),'ST-DEVELOPER v20','ONSHAPE BY PTC INC, 1.211','  ');
FILE_SCHEMA(('AP242_MANAGED_MODEL_BASED_3D_ENGINEERING_MIM_LF { 1 0 10303 442 3 1 4 }'));
ENDSEC;
DATA;
#10=SHAPE_REPRESENTATION_RELATIONSHIP('','',#3630,#11);
#11=ADVANCED_BREP_SHAPE_REPRESENTATION('',(#3628),#6414);
#12=ELLIPSE('',#4094,0.000707106781186548,0.0005);
#13=ELLIPSE('',#4096,0.000707106781186547,0.0005);
#14=ELLIPSE('',#4100,0.000707106781186548,0.0005);
#15=(
B_SPLINE_SURFACE(3,2,((#6386,#6387,#6388),(#6389,#6390,#6391),(#6392,#6393,
#6394),(#6395,#6396,#6397),(#6398,#6399,#6400)),.UNSPECIFIED.,.F.,.F.,.F.)
B_SPLINE_SURFACE_WITH_KNOTS((4,1,4),(3,3),(0.00128650211729985,0.00168455348103061,0.00208260484476138),(0.,1.),.UNSPECIFIED.)
BOUNDED_SURFACE()
GEOMETRIC_REPRESENTATION_ITEM()
RATIONAL_B_SPLINE_SURFACE(((1.,0.622950529082899,1.),(1.,0.622950533637325,
1.),(1.,0.637860279883274,1.),(1.,0.681118670932024,1.),(1.,0.707106781186612,
1.)))
REPRESENTATION_ITEM('')
SURFACE()
);
#16=TOROIDAL_SURFACE('',#3919,0.00170000038056999,0.001);
#17=TOROIDAL_SURFACE('',#3921,0.00170000038057022,0.001);
#18=TOROIDAL_SURFACE('',#3927,0.00149999999999995,0.001);
#19=TOROIDAL_SURFACE('',#3929,0.00149999999999992,0.001);
#20=TOROIDAL_SURFACE('',#3935,0.00170000038056999,0.001);
#21=TOROIDAL_SURFACE('',#3937,0.00170000038057023,0.001);
#22=TOROIDAL_SURFACE('',#3941,0.00149999999999992,0.001);
#23=TOROIDAL_SURFACE('',#3943,0.00149999999999995,0.001);
#24=TOROIDAL_SURFACE('',#3949,0.00170000038057003,0.001);
#25=TOROIDAL_SURFACE('',#3951,0.00170000038057005,0.001);
#26=TOROIDAL_SURFACE('',#3957,0.00149999999999998,0.001);
#27=TOROIDAL_SURFACE('',#3959,0.00170000038057005,0.001);
#28=TOROIDAL_SURFACE('',#3965,0.00170000038057005,0.001);
#29=TOROIDAL_SURFACE('',#3967,0.00170000038057005,0.001);
#30=TOROIDAL_SURFACE('',#3973,0.00170000524404253,0.001);
#31=TOROIDAL_SURFACE('',#3975,0.00149999999999994,0.001);
#32=TOROIDAL_SURFACE('',#3981,0.00170000038057004,0.001);
#33=TOROIDAL_SURFACE('',#3983,0.00149999999999994,0.001);
#34=TOROIDAL_SURFACE('',#3989,0.00149999999999977,0.001);
#35=TOROIDAL_SURFACE('',#3991,0.00170000038056988,0.001);
#36=TOROIDAL_SURFACE('',#3997,0.00149999999999855,0.001);
#37=TOROIDAL_SURFACE('',#3998,0.00170000524404253,0.001);
#38=TOROIDAL_SURFACE('',#4002,0.00170000038057005,0.001);
#39=TOROIDAL_SURFACE('',#4006,0.00149999999999998,0.001);
#40=TOROIDAL_SURFACE('',#4010,0.00170000038057003,0.001);
#41=TOROIDAL_SURFACE('',#4014,0.00149999999999992,0.001);
#42=TOROIDAL_SURFACE('',#4016,0.00170000038057023,0.001);
#43=TOROIDAL_SURFACE('',#4020,0.00149999999999992,0.001);
#44=TOROIDAL_SURFACE('',#4024,0.00170000038057022,0.001);
#45=TOROIDAL_SURFACE('',#4028,0.00170000038056999,0.001);
#46=TOROIDAL_SURFACE('',#4032,0.00149999999999995,0.001);
#47=TOROIDAL_SURFACE('',#4036,0.00170000038056999,0.001);
#48=TOROIDAL_SURFACE('',#4040,0.00149999999999995,0.001);
#49=TOROIDAL_SURFACE('',#4044,0.00170000038057005,0.001);
#50=TOROIDAL_SURFACE('',#4048,0.00170000038057005,0.001);
#51=TOROIDAL_SURFACE('',#4052,0.00170000038057005,0.001);
#52=TOROIDAL_SURFACE('',#4056,0.00149999999999994,0.001);
#53=TOROIDAL_SURFACE('',#4060,0.00149999999999994,0.001);
#54=TOROIDAL_SURFACE('',#4064,0.00170000038056988,0.001);
#55=TOROIDAL_SURFACE('',#4068,0.00149999999999855,0.001);
#56=TOROIDAL_SURFACE('',#4072,0.00149999999999977,0.001);
#57=TOROIDAL_SURFACE('',#4076,0.00170000038057004,0.001);
#58=TOROIDAL_SURFACE('',#4080,0.003605,0.001);
#59=TOROIDAL_SURFACE('',#4087,0.003605,0.001);
#60=TOROIDAL_SURFACE('',#4088,0.00220000524404253,0.0005);
#61=TOROIDAL_SURFACE('',#4101,0.0005,0.0005);
#62=CYLINDRICAL_SURFACE('',#3680,0.00270000524404253);
#63=CYLINDRICAL_SURFACE('',#3685,0.00270000038057005);
#64=CYLINDRICAL_SURFACE('',#3688,0.00049999999999998);
#65=CYLINDRICAL_SURFACE('',#3692,0.00270000038057003);
#66=CYLINDRICAL_SURFACE('',#3696,0.000499999999999919);
#67=CYLINDRICAL_SURFACE('',#3699,0.00270000038057023);
#68=CYLINDRICAL_SURFACE('',#3703,0.000499999999999924);
#69=CYLINDRICAL_SURFACE('',#3707,0.00270000038057022);
#70=CYLINDRICAL_SURFACE('',#3711,0.00270000038056999);
#71=CYLINDRICAL_SURFACE('',#3715,0.000499999999999952);
#72=CYLINDRICAL_SURFACE('',#3719,0.00270000038056999);
#73=CYLINDRICAL_SURFACE('',#3723,0.000499999999999952);
#74=CYLINDRICAL_SURFACE('',#3727,0.00270000038057005);
#75=CYLINDRICAL_SURFACE('',#3731,0.00270000038057005);
#76=CYLINDRICAL_SURFACE('',#3735,0.00270000038057005);
#77=CYLINDRICAL_SURFACE('',#3739,0.000499999999999945);
#78=CYLINDRICAL_SURFACE('',#3743,0.00049999999999994);
#79=CYLINDRICAL_SURFACE('',#3747,0.00270000038056988);
#80=CYLINDRICAL_SURFACE('',#3751,0.00049999999999855);
#81=CYLINDRICAL_SURFACE('',#3755,0.000499999999999775);
#82=CYLINDRICAL_SURFACE('',#3759,0.00270000038057004);
#83=CYLINDRICAL_SURFACE('',#3762,0.002);
#84=CYLINDRICAL_SURFACE('',#3786,0.0011);
#85=CYLINDRICAL_SURFACE('',#3789,0.00299999999999994);
#86=CYLINDRICAL_SURFACE('',#3793,0.0011);
#87=CYLINDRICAL_SURFACE('',#3796,0.003);
#88=CYLINDRICAL_SURFACE('',#3800,0.0011);
#89=CYLINDRICAL_SURFACE('',#3803,0.00299999999999994);
#90=CYLINDRICAL_SURFACE('',#3807,0.0011);
#91=CYLINDRICAL_SURFACE('',#3810,0.003);
#92=CYLINDRICAL_SURFACE('',#3816,0.000249999999999987);
#93=CYLINDRICAL_SURFACE('',#3818,0.000249999999999973);
#94=CYLINDRICAL_SURFACE('',#3821,0.000249999999999973);
#95=CYLINDRICAL_SURFACE('',#3823,0.000249999999999973);
#96=CYLINDRICAL_SURFACE('',#3825,0.000700000380570012);
#97=CYLINDRICAL_SURFACE('',#3828,0.000300000380569987);
#98=CYLINDRICAL_SURFACE('',#3831,0.000700000380570009);
#99=CYLINDRICAL_SURFACE('',#3834,0.00030000038056999);
#100=CYLINDRICAL_SURFACE('',#3837,0.000700000380569991);
#101=CYLINDRICAL_SURFACE('',#3840,0.000700000380570161);
#102=CYLINDRICAL_SURFACE('',#3843,0.000300000380570011);
#103=CYLINDRICAL_SURFACE('',#3846,0.000700000380570161);
#104=CYLINDRICAL_SURFACE('',#3849,0.000300000380570011);
#105=CYLINDRICAL_SURFACE('',#3852,0.000700000380570085);
#106=CYLINDRICAL_SURFACE('',#3855,0.000300000380569994);
#107=CYLINDRICAL_SURFACE('',#3857,0.000700000380570089);
#108=CYLINDRICAL_SURFACE('',#3860,0.000700005244042091);
#109=CYLINDRICAL_SURFACE('',#3863,0.000700000380570022);
#110=CYLINDRICAL_SURFACE('',#3866,0.000300000380568662);
#111=CYLINDRICAL_SURFACE('',#3869,0.00030000038057155);
#112=CYLINDRICAL_SURFACE('',#3872,0.000700000380570003);
#113=CYLINDRICAL_SURFACE('',#3875,0.000300000380569991);
#114=CYLINDRICAL_SURFACE('',#3878,0.000300001333574995);
#115=CYLINDRICAL_SURFACE('',#3881,0.000700000380570012);
#116=CYLINDRICAL_SURFACE('',#3884,0.000700000380570012);
#117=CYLINDRICAL_SURFACE('',#3910,0.002605);
#118=CYLINDRICAL_SURFACE('',#3913,0.002605);
#119=CYLINDRICAL_SURFACE('',#3916,0.001);
#120=CYLINDRICAL_SURFACE('',#3923,0.001);
#121=CYLINDRICAL_SURFACE('',#3925,0.001);
#122=CYLINDRICAL_SURFACE('',#3931,0.001);
#123=CYLINDRICAL_SURFACE('',#3933,0.001);
#124=CYLINDRICAL_SURFACE('',#3939,0.001);
#125=CYLINDRICAL_SURFACE('',#3945,0.001);
#126=CYLINDRICAL_SURFACE('',#3947,0.001);
#127=CYLINDRICAL_SURFACE('',#3953,0.001);
#128=CYLINDRICAL_SURFACE('',#3955,0.001);
#129=CYLINDRICAL_SURFACE('',#3961,0.001);
#130=CYLINDRICAL_SURFACE('',#3963,0.001);
#131=CYLINDRICAL_SURFACE('',#3969,0.001);
#132=CYLINDRICAL_SURFACE('',#3971,0.001);
#133=CYLINDRICAL_SURFACE('',#3977,0.001);
#134=CYLINDRICAL_SURFACE('',#3979,0.001);
#135=CYLINDRICAL_SURFACE('',#3985,0.001);
#136=CYLINDRICAL_SURFACE('',#3987,0.001);
#137=CYLINDRICAL_SURFACE('',#3993,0.001);
#138=CYLINDRICAL_SURFACE('',#3995,0.001);
#139=CYLINDRICAL_SURFACE('',#4000,0.001);
#140=CYLINDRICAL_SURFACE('',#4004,0.001);
#141=CYLINDRICAL_SURFACE('',#4008,0.001);
#142=CYLINDRICAL_SURFACE('',#4012,0.001);
#143=CYLINDRICAL_SURFACE('',#4018,0.001);
#144=CYLINDRICAL_SURFACE('',#4022,0.001);
#145=CYLINDRICAL_SURFACE('',#4026,0.001);
#146=CYLINDRICAL_SURFACE('',#4030,0.001);
#147=CYLINDRICAL_SURFACE('',#4034,0.001);
#148=CYLINDRICAL_SURFACE('',#4038,0.001);
#149=CYLINDRICAL_SURFACE('',#4042,0.001);
#150=CYLINDRICAL_SURFACE('',#4046,0.001);
#151=CYLINDRICAL_SURFACE('',#4050,0.001);
#152=CYLINDRICAL_SURFACE('',#4054,0.001);
#153=CYLINDRICAL_SURFACE('',#4058,0.001);
#154=CYLINDRICAL_SURFACE('',#4062,0.001);
#155=CYLINDRICAL_SURFACE('',#4066,0.001);
#156=CYLINDRICAL_SURFACE('',#4070,0.001);
#157=CYLINDRICAL_SURFACE('',#4074,0.001);
#158=CYLINDRICAL_SURFACE('',#4078,0.001);
#159=CYLINDRICAL_SURFACE('',#4083,0.001);
#160=CYLINDRICAL_SURFACE('',#4085,0.001);
#161=CYLINDRICAL_SURFACE('',#4090,0.0005);
#162=CYLINDRICAL_SURFACE('',#4093,0.0005);
#163=CYLINDRICAL_SURFACE('',#4095,0.0005);
#164=CYLINDRICAL_SURFACE('',#4097,0.0005);
#165=CYLINDRICAL_SURFACE('',#4099,0.0005);
#166=CYLINDRICAL_SURFACE('',#4103,0.0005);
#167=B_SPLINE_CURVE_WITH_KNOTS('',3,(#5520,#5521,#5522,#5523),.UNSPECIFIED.,.F.,.F.,(4,4),(0.,0.00080245836917657),.UNSPECIFIED.);
#168=B_SPLINE_CURVE_WITH_KNOTS('',3,(#6278,#6279,#6280,#6281,#6282),.UNSPECIFIED.,.F.,.F.,(4,1,4),(0.,0.00079027167004254,0.00158054334008508),.UNSPECIFIED.);
#169=B_SPLINE_CURVE_WITH_KNOTS('',3,(#6373,#6374,#6375,#6376,#6377),.UNSPECIFIED.,.F.,.F.,(4,1,4),(0.,0.000482926306687232,0.000965852613374464),.UNSPECIFIED.);
#170=B_SPLINE_CURVE_WITH_KNOTS('',3,(#6382,#6383,#6384,#6385),.UNSPECIFIED.,.F.,.F.,(4,4),(0.00159697080620775,0.00162734229314039),.UNSPECIFIED.);
#171=CIRCLE('',#3633,0.003605);
#172=CIRCLE('',#3634,0.003605);
#173=CIRCLE('',#3636,0.002605);
#174=CIRCLE('',#3637,0.002605);
#175=CIRCLE('',#3639,0.000249999999999987);
#176=CIRCLE('',#3640,0.000249999999999973);
#177=CIRCLE('',#3642,0.000249999999999973);
#178=CIRCLE('',#3643,0.000249999999999973);
#179=CIRCLE('',#3645,0.002);
#180=CIRCLE('',#3646,0.00299999999999994);
#181=CIRCLE('',#3647,0.003);
#182=CIRCLE('',#3648,0.00299999999999994);
#183=CIRCLE('',#3649,0.003);
#184=CIRCLE('',#3650,0.000700005244042091);
#185=CIRCLE('',#3651,0.000700000380570089);
#186=CIRCLE('',#3652,0.000300000380569994);
#187=CIRCLE('',#3653,0.000700000380570085);
#188=CIRCLE('',#3654,0.000300000380570011);
#189=CIRCLE('',#3655,0.000700000380570161);
#190=CIRCLE('',#3656,0.000300000380570011);
#191=CIRCLE('',#3657,0.000700000380570161);
#192=CIRCLE('',#3658,0.000700000380569991);
#193=CIRCLE('',#3659,0.00030000038056999);
#194=CIRCLE('',#3660,0.000700000380570009);
#195=CIRCLE('',#3661,0.000300000380569987);
#196=CIRCLE('',#3662,0.000700000380570012);
#197=CIRCLE('',#3663,0.000249999999999973);
#198=CIRCLE('',#3664,0.000249999999999973);
#199=CIRCLE('',#3665,0.000249999999999973);
#200=CIRCLE('',#3666,0.000249999999999987);
#201=CIRCLE('',#3667,0.000700000380570012);
#202=CIRCLE('',#3668,0.000700000380570012);
#203=CIRCLE('',#3669,0.000300001333574995);
#204=CIRCLE('',#3670,0.000300000380569991);
#205=CIRCLE('',#3671,0.000700000380570003);
#206=CIRCLE('',#3672,0.00030000038057155);
#207=CIRCLE('',#3673,0.000300000380568662);
#208=CIRCLE('',#3674,0.000700000380570022);
#209=CIRCLE('',#3676,0.0005);
#210=CIRCLE('',#3681,0.00270000524404253);
#211=CIRCLE('',#3682,0.00270000524404253);
#212=CIRCLE('',#3683,0.00270000524404253);
#213=CIRCLE('',#3686,0.00270000038057005);
#214=CIRCLE('',#3687,0.00270000038057005);
#215=CIRCLE('',#3689,0.00049999999999998);
#216=CIRCLE('',#3690,0.00049999999999998);
#217=CIRCLE('',#3693,0.00270000038057003);
#218=CIRCLE('',#3694,0.00270000038057003);
#219=CIRCLE('',#3697,0.000499999999999919);
#220=CIRCLE('',#3698,0.000499999999999919);
#221=CIRCLE('',#3700,0.00270000038057023);
#222=CIRCLE('',#3701,0.00270000038057023);
#223=CIRCLE('',#3704,0.000499999999999924);
#224=CIRCLE('',#3705,0.000499999999999924);
#225=CIRCLE('',#3708,0.00270000038057022);
#226=CIRCLE('',#3709,0.00270000038057022);
#227=CIRCLE('',#3712,0.00270000038056999);
#228=CIRCLE('',#3713,0.00270000038056999);
#229=CIRCLE('',#3716,0.000499999999999952);
#230=CIRCLE('',#3717,0.000499999999999952);
#231=CIRCLE('',#3720,0.00270000038056999);
#232=CIRCLE('',#3721,0.00270000038056999);
#233=CIRCLE('',#3724,0.000499999999999952);
#234=CIRCLE('',#3725,0.000499999999999952);
#235=CIRCLE('',#3728,0.00270000038057005);
#236=CIRCLE('',#3729,0.00270000038057005);
#237=CIRCLE('',#3732,0.00270000038057005);
#238=CIRCLE('',#3733,0.00270000038057005);
#239=CIRCLE('',#3736,0.00270000038057005);
#240=CIRCLE('',#3737,0.00270000038057005);
#241=CIRCLE('',#3740,0.000499999999999945);
#242=CIRCLE('',#3741,0.000499999999999945);
#243=CIRCLE('',#3744,0.00049999999999994);
#244=CIRCLE('',#3745,0.00049999999999994);
#245=CIRCLE('',#3748,0.00270000038056988);
#246=CIRCLE('',#3749,0.00270000038056988);
#247=CIRCLE('',#3752,0.00049999999999855);
#248=CIRCLE('',#3753,0.00049999999999855);
#249=CIRCLE('',#3756,0.000499999999999775);
#250=CIRCLE('',#3757,0.000499999999999775);
#251=CIRCLE('',#3760,0.00270000038057004);
#252=CIRCLE('',#3761,0.00270000038057004);
#253=CIRCLE('',#3763,0.002);
#254=CIRCLE('',#3765,0.00170000038057004);
#255=CIRCLE('',#3766,0.00149999999999977);
#256=CIRCLE('',#3767,0.00149999999999855);
#257=CIRCLE('',#3768,0.00170000038056988);
#258=CIRCLE('',#3769,0.00149999999999994);
#259=CIRCLE('',#3770,0.00149999999999994);
#260=CIRCLE('',#3771,0.00170000038057005);
#261=CIRCLE('',#3772,0.00170000038057005);
#262=CIRCLE('',#3773,0.00170000038057005);
#263=CIRCLE('',#3774,0.00149999999999995);
#264=CIRCLE('',#3775,0.00170000038056999);
#265=CIRCLE('',#3776,0.00149999999999995);
#266=CIRCLE('',#3777,0.00170000038056999);
#267=CIRCLE('',#3778,0.00170000038057022);
#268=CIRCLE('',#3779,0.00149999999999992);
#269=CIRCLE('',#3780,0.00170000038057023);
#270=CIRCLE('',#3781,0.00149999999999992);
#271=CIRCLE('',#3782,0.00170000038057003);
#272=CIRCLE('',#3783,0.00149999999999998);
#273=CIRCLE('',#3784,0.00170000038057005);
#274=CIRCLE('',#3785,0.00170000524404253);
#275=CIRCLE('',#3787,0.0011);
#276=CIRCLE('',#3788,0.0011);
#277=CIRCLE('',#3790,0.00299999999999994);
#278=CIRCLE('',#3794,0.0011);
#279=CIRCLE('',#3795,0.0011);
#280=CIRCLE('',#3797,0.003);
#281=CIRCLE('',#3801,0.0011);
#282=CIRCLE('',#3802,0.0011);
#283=CIRCLE('',#3804,0.00299999999999994);
#284=CIRCLE('',#3808,0.0011);
#285=CIRCLE('',#3809,0.0011);
#286=CIRCLE('',#3811,0.003);
#287=CIRCLE('',#3826,0.000700000380570012);
#288=CIRCLE('',#3829,0.000300000380569987);
#289=CIRCLE('',#3832,0.000700000380570009);
#290=CIRCLE('',#3835,0.00030000038056999);
#291=CIRCLE('',#3838,0.000700000380569991);
#292=CIRCLE('',#3841,0.000700000380570161);
#293=CIRCLE('',#3844,0.000300000380570011);
#294=CIRCLE('',#3847,0.000700000380570161);
#295=CIRCLE('',#3850,0.000300000380570011);
#296=CIRCLE('',#3853,0.000700000380570085);
#297=CIRCLE('',#3856,0.000300000380569994);
#298=CIRCLE('',#3858,0.000700000380570089);
#299=CIRCLE('',#3861,0.000700005244042091);
#300=CIRCLE('',#3864,0.000700000380570022);
#301=CIRCLE('',#3867,0.000300000380568662);
#302=CIRCLE('',#3870,0.00030000038057155);
#303=CIRCLE('',#3873,0.000700000380570003);
#304=CIRCLE('',#3876,0.000300000380569991);
#305=CIRCLE('',#3879,0.000300001333574995);
#306=CIRCLE('',#3882,0.000700000380570012);
#307=CIRCLE('',#3885,0.000700000380570012);
#308=CIRCLE('',#3887,0.00149999999999855);
#309=CIRCLE('',#3888,0.00149999999999977);
#310=CIRCLE('',#3889,0.00170000038057004);
#311=CIRCLE('',#3890,0.00170000524404253);
#312=CIRCLE('',#3891,0.00170000038057005);
#313=CIRCLE('',#3892,0.00149999999999998);
#314=CIRCLE('',#3893,0.00170000038057003);
#315=CIRCLE('',#3894,0.00149999999999992);
#316=CIRCLE('',#3895,0.00170000038057023);
#317=CIRCLE('',#3896,0.00149999999999992);
#318=CIRCLE('',#3897,0.00170000038057022);
#319=CIRCLE('',#3898,0.00170000038056999);
#320=CIRCLE('',#3899,0.00149999999999995);
#321=CIRCLE('',#3900,0.00170000038056999);
#322=CIRCLE('',#3901,0.00149999999999995);
#323=CIRCLE('',#3902,0.00170000038057005);
#324=CIRCLE('',#3903,0.00170000038057005);
#325=CIRCLE('',#3904,0.00170000038057005);
#326=CIRCLE('',#3905,0.00149999999999994);
#327=CIRCLE('',#3906,0.00149999999999994);
#328=CIRCLE('',#3907,0.00170000038056988);
#329=CIRCLE('',#3909,0.0005);
#330=CIRCLE('',#3911,0.002605);
#331=CIRCLE('',#3914,0.002605);
#332=CIRCLE('',#3917,0.001);
#333=CIRCLE('',#3918,0.001);
#334=CIRCLE('',#3920,0.001);
#335=CIRCLE('',#3922,0.001);
#336=CIRCLE('',#3924,0.001);
#337=CIRCLE('',#3926,0.001);
#338=CIRCLE('',#3928,0.001);
#339=CIRCLE('',#3930,0.001);
#340=CIRCLE('',#3932,0.001);
#341=CIRCLE('',#3934,0.001);
#342=CIRCLE('',#3936,0.001);
#343=CIRCLE('',#3938,0.001);
#344=CIRCLE('',#3940,0.001);
#345=CIRCLE('',#3942,0.001);
#346=CIRCLE('',#3944,0.001);
#347=CIRCLE('',#3946,0.001);
#348=CIRCLE('',#3948,0.001);
#349=CIRCLE('',#3950,0.001);
#350=CIRCLE('',#3952,0.001);
#351=CIRCLE('',#3954,0.001);
#352=CIRCLE('',#3956,0.001);
#353=CIRCLE('',#3958,0.001);
#354=CIRCLE('',#3960,0.001);
#355=CIRCLE('',#3962,0.001);
#356=CIRCLE('',#3964,0.001);
#357=CIRCLE('',#3966,0.001);
#358=CIRCLE('',#3968,0.001);
#359=CIRCLE('',#3970,0.001);
#360=CIRCLE('',#3972,0.001);
#361=CIRCLE('',#3974,0.001);
#362=CIRCLE('',#3976,0.001);
#363=CIRCLE('',#3978,0.001);
#364=CIRCLE('',#3980,0.001);
#365=CIRCLE('',#3982,0.001);
#366=CIRCLE('',#3984,0.001);
#367=CIRCLE('',#3986,0.001);
#368=CIRCLE('',#3988,0.001);
#369=CIRCLE('',#3990,0.001);
#370=CIRCLE('',#3992,0.001);
#371=CIRCLE('',#3994,0.001);
#372=CIRCLE('',#3996,0.001);
#373=CIRCLE('',#3999,0.001);
#374=CIRCLE('',#4001,0.001);
#375=CIRCLE('',#4003,0.001);
#376=CIRCLE('',#4005,0.001);
#377=CIRCLE('',#4007,0.001);
#378=CIRCLE('',#4009,0.001);
#379=CIRCLE('',#4011,0.001);
#380=CIRCLE('',#4013,0.001);
#381=CIRCLE('',#4015,0.001);
#382=CIRCLE('',#4017,0.001);
#383=CIRCLE('',#4019,0.001);
#384=CIRCLE('',#4021,0.001);
#385=CIRCLE('',#4023,0.001);
#386=CIRCLE('',#4025,0.001);
#387=CIRCLE('',#4027,0.001);
#388=CIRCLE('',#4029,0.001);
#389=CIRCLE('',#4031,0.001);
#390=CIRCLE('',#4033,0.001);
#391=CIRCLE('',#4035,0.001);
#392=CIRCLE('',#4037,0.001);
#393=CIRCLE('',#4039,0.001);
#394=CIRCLE('',#4041,0.001);
#395=CIRCLE('',#4043,0.001);
#396=CIRCLE('',#4045,0.001);
#397=CIRCLE('',#4047,0.001);
#398=CIRCLE('',#4049,0.001);
#399=CIRCLE('',#4051,0.001);
#400=CIRCLE('',#4053,0.001);
#401=CIRCLE('',#4055,0.001);
#402=CIRCLE('',#4057,0.001);
#403=CIRCLE('',#4059,0.001);
#404=CIRCLE('',#4061,0.001);
#405=CIRCLE('',#4063,0.001);
#406=CIRCLE('',#4065,0.001);
#407=CIRCLE('',#4067,0.001);
#408=CIRCLE('',#4069,0.001);
#409=CIRCLE('',#4071,0.001);
#410=CIRCLE('',#4073,0.001);
#411=CIRCLE('',#4075,0.001);
#412=CIRCLE('',#4077,0.001);
#413=CIRCLE('',#4079,0.001);
#414=CIRCLE('',#4081,0.001);
#415=CIRCLE('',#4082,0.001);
#416=CIRCLE('',#4084,0.001);
#417=CIRCLE('',#4086,0.001);
#418=CIRCLE('',#4089,0.0005);
#419=CIRCLE('',#4091,0.0005);
#420=CIRCLE('',#4092,0.0005);
#421=CIRCLE('',#4098,0.0005);
#422=CIRCLE('',#4102,0.0005);
#423=ORIENTED_EDGE('',*,*,#1473,.T.);
#424=ORIENTED_EDGE('',*,*,#1474,.T.);
#425=ORIENTED_EDGE('',*,*,#1475,.T.);
#426=ORIENTED_EDGE('',*,*,#1476,.T.);
#427=ORIENTED_EDGE('',*,*,#1477,.F.);
#428=ORIENTED_EDGE('',*,*,#1478,.T.);
#429=ORIENTED_EDGE('',*,*,#1479,.T.);
#430=ORIENTED_EDGE('',*,*,#1480,.T.);
#431=ORIENTED_EDGE('',*,*,#1481,.T.);
#432=ORIENTED_EDGE('',*,*,#1482,.F.);
#433=ORIENTED_EDGE('',*,*,#1483,.F.);
#434=ORIENTED_EDGE('',*,*,#1484,.T.);
#435=ORIENTED_EDGE('',*,*,#1485,.T.);
#436=ORIENTED_EDGE('',*,*,#1486,.F.);
#437=ORIENTED_EDGE('',*,*,#1487,.T.);
#438=ORIENTED_EDGE('',*,*,#1488,.F.);
#439=ORIENTED_EDGE('',*,*,#1489,.F.);
#440=ORIENTED_EDGE('',*,*,#1490,.T.);
#441=ORIENTED_EDGE('',*,*,#1491,.T.);
#442=ORIENTED_EDGE('',*,*,#1492,.F.);
#443=ORIENTED_EDGE('',*,*,#1493,.T.);
#444=ORIENTED_EDGE('',*,*,#1494,.F.);
#445=ORIENTED_EDGE('',*,*,#1495,.F.);
#446=ORIENTED_EDGE('',*,*,#1496,.T.);
#447=ORIENTED_EDGE('',*,*,#1497,.T.);
#448=ORIENTED_EDGE('',*,*,#1498,.F.);
#449=ORIENTED_EDGE('',*,*,#1499,.T.);
#450=ORIENTED_EDGE('',*,*,#1500,.F.);
#451=ORIENTED_EDGE('',*,*,#1501,.F.);
#452=ORIENTED_EDGE('',*,*,#1502,.F.);
#453=ORIENTED_EDGE('',*,*,#1503,.F.);
#454=ORIENTED_EDGE('',*,*,#1504,.F.);
#455=ORIENTED_EDGE('',*,*,#1505,.F.);
#456=ORIENTED_EDGE('',*,*,#1506,.F.);
#457=ORIENTED_EDGE('',*,*,#1507,.F.);
#458=ORIENTED_EDGE('',*,*,#1508,.F.);
#459=ORIENTED_EDGE('',*,*,#1509,.T.);
#460=ORIENTED_EDGE('',*,*,#1510,.F.);
#461=ORIENTED_EDGE('',*,*,#1511,.T.);
#462=ORIENTED_EDGE('',*,*,#1512,.F.);
#463=ORIENTED_EDGE('',*,*,#1513,.T.);
#464=ORIENTED_EDGE('',*,*,#1481,.F.);
#465=ORIENTED_EDGE('',*,*,#1514,.F.);
#466=ORIENTED_EDGE('',*,*,#1515,.F.);
#467=ORIENTED_EDGE('',*,*,#1516,.T.);
#468=ORIENTED_EDGE('',*,*,#1517,.F.);
#469=ORIENTED_EDGE('',*,*,#1518,.F.);
#470=ORIENTED_EDGE('',*,*,#1519,.F.);
#471=ORIENTED_EDGE('',*,*,#1520,.T.);
#472=ORIENTED_EDGE('',*,*,#1521,.F.);
#473=ORIENTED_EDGE('',*,*,#1522,.F.);
#474=ORIENTED_EDGE('',*,*,#1523,.F.);
#475=ORIENTED_EDGE('',*,*,#1524,.T.);
#476=ORIENTED_EDGE('',*,*,#1525,.F.);
#477=ORIENTED_EDGE('',*,*,#1526,.T.);
#478=ORIENTED_EDGE('',*,*,#1527,.F.);
#479=ORIENTED_EDGE('',*,*,#1528,.F.);
#480=ORIENTED_EDGE('',*,*,#1529,.F.);
#481=ORIENTED_EDGE('',*,*,#1530,.T.);
#482=ORIENTED_EDGE('',*,*,#1531,.F.);
#483=ORIENTED_EDGE('',*,*,#1532,.F.);
#484=ORIENTED_EDGE('',*,*,#1533,.F.);
#485=ORIENTED_EDGE('',*,*,#1534,.T.);
#486=ORIENTED_EDGE('',*,*,#1535,.F.);
#487=ORIENTED_EDGE('',*,*,#1536,.T.);
#488=ORIENTED_EDGE('',*,*,#1537,.F.);
#489=ORIENTED_EDGE('',*,*,#1538,.T.);
#490=ORIENTED_EDGE('',*,*,#1539,.F.);
#491=ORIENTED_EDGE('',*,*,#1540,.F.);
#492=ORIENTED_EDGE('',*,*,#1541,.F.);
#493=ORIENTED_EDGE('',*,*,#1542,.T.);
#494=ORIENTED_EDGE('',*,*,#1543,.F.);
#495=ORIENTED_EDGE('',*,*,#1544,.T.);
#496=ORIENTED_EDGE('',*,*,#1545,.F.);
#497=ORIENTED_EDGE('',*,*,#1546,.F.);
#498=ORIENTED_EDGE('',*,*,#1547,.F.);
#499=ORIENTED_EDGE('',*,*,#1548,.T.);
#500=ORIENTED_EDGE('',*,*,#1549,.F.);
#501=ORIENTED_EDGE('',*,*,#1550,.T.);
#502=ORIENTED_EDGE('',*,*,#1551,.F.);
#503=ORIENTED_EDGE('',*,*,#1552,.F.);
#504=ORIENTED_EDGE('',*,*,#1553,.F.);
#505=ORIENTED_EDGE('',*,*,#1554,.F.);
#506=ORIENTED_EDGE('',*,*,#1555,.F.);
#507=ORIENTED_EDGE('',*,*,#1556,.T.);
#508=ORIENTED_EDGE('',*,*,#1557,.F.);
#509=ORIENTED_EDGE('',*,*,#1558,.F.);
#510=ORIENTED_EDGE('',*,*,#1559,.F.);
#511=ORIENTED_EDGE('',*,*,#1560,.F.);
#512=ORIENTED_EDGE('',*,*,#1561,.F.);
#513=ORIENTED_EDGE('',*,*,#1562,.T.);
#514=ORIENTED_EDGE('',*,*,#1563,.T.);
#515=ORIENTED_EDGE('',*,*,#1564,.T.);
#516=ORIENTED_EDGE('',*,*,#1565,.F.);
#517=ORIENTED_EDGE('',*,*,#1507,.T.);
#518=ORIENTED_EDGE('',*,*,#1566,.F.);
#519=ORIENTED_EDGE('',*,*,#1567,.T.);
#520=ORIENTED_EDGE('',*,*,#1568,.T.);
#521=ORIENTED_EDGE('',*,*,#1565,.T.);
#522=ORIENTED_EDGE('',*,*,#1569,.T.);
#523=ORIENTED_EDGE('',*,*,#1570,.F.);
#524=ORIENTED_EDGE('',*,*,#1508,.T.);
#525=ORIENTED_EDGE('',*,*,#1570,.T.);
#526=ORIENTED_EDGE('',*,*,#1571,.T.);
#527=ORIENTED_EDGE('',*,*,#1572,.T.);
#528=ORIENTED_EDGE('',*,*,#1573,.T.);
#529=ORIENTED_EDGE('',*,*,#1574,.F.);
#530=ORIENTED_EDGE('',*,*,#1575,.T.);
#531=ORIENTED_EDGE('',*,*,#1509,.F.);
#532=ORIENTED_EDGE('',*,*,#1576,.T.);
#533=ORIENTED_EDGE('',*,*,#1577,.T.);
#534=ORIENTED_EDGE('',*,*,#1578,.T.);
#535=ORIENTED_EDGE('',*,*,#1579,.F.);
#536=ORIENTED_EDGE('',*,*,#1580,.T.);
#537=ORIENTED_EDGE('',*,*,#1581,.T.);
#538=ORIENTED_EDGE('',*,*,#1579,.T.);
#539=ORIENTED_EDGE('',*,*,#1582,.T.);
#540=ORIENTED_EDGE('',*,*,#1583,.T.);
#541=ORIENTED_EDGE('',*,*,#1584,.T.);
#542=ORIENTED_EDGE('',*,*,#1585,.F.);
#543=ORIENTED_EDGE('',*,*,#1586,.T.);
#544=ORIENTED_EDGE('',*,*,#1587,.F.);
#545=ORIENTED_EDGE('',*,*,#1588,.T.);
#546=ORIENTED_EDGE('',*,*,#1585,.T.);
#547=ORIENTED_EDGE('',*,*,#1589,.T.);
#548=ORIENTED_EDGE('',*,*,#1479,.F.);
#549=ORIENTED_EDGE('',*,*,#1590,.T.);
#550=ORIENTED_EDGE('',*,*,#1587,.T.);
#551=ORIENTED_EDGE('',*,*,#1591,.T.);
#552=ORIENTED_EDGE('',*,*,#1592,.F.);
#553=ORIENTED_EDGE('',*,*,#1593,.T.);
#554=ORIENTED_EDGE('',*,*,#1477,.T.);
#555=ORIENTED_EDGE('',*,*,#1594,.T.);
#556=ORIENTED_EDGE('',*,*,#1595,.F.);
#557=ORIENTED_EDGE('',*,*,#1596,.T.);
#558=ORIENTED_EDGE('',*,*,#1592,.T.);
#559=ORIENTED_EDGE('',*,*,#1597,.T.);
#560=ORIENTED_EDGE('',*,*,#1598,.F.);
#561=ORIENTED_EDGE('',*,*,#1599,.T.);
#562=ORIENTED_EDGE('',*,*,#1595,.T.);
#563=ORIENTED_EDGE('',*,*,#1600,.T.);
#564=ORIENTED_EDGE('',*,*,#1601,.F.);
#565=ORIENTED_EDGE('',*,*,#1602,.T.);
#566=ORIENTED_EDGE('',*,*,#1598,.T.);
#567=ORIENTED_EDGE('',*,*,#1603,.T.);
#568=ORIENTED_EDGE('',*,*,#1604,.F.);
#569=ORIENTED_EDGE('',*,*,#1605,.T.);
#570=ORIENTED_EDGE('',*,*,#1601,.T.);
#571=ORIENTED_EDGE('',*,*,#1606,.T.);
#572=ORIENTED_EDGE('',*,*,#1607,.F.);
#573=ORIENTED_EDGE('',*,*,#1608,.T.);
#574=ORIENTED_EDGE('',*,*,#1604,.T.);
#575=ORIENTED_EDGE('',*,*,#1609,.T.);
#576=ORIENTED_EDGE('',*,*,#1610,.F.);
#577=ORIENTED_EDGE('',*,*,#1611,.T.);
#578=ORIENTED_EDGE('',*,*,#1607,.T.);
#579=ORIENTED_EDGE('',*,*,#1612,.T.);
#580=ORIENTED_EDGE('',*,*,#1613,.F.);
#581=ORIENTED_EDGE('',*,*,#1614,.T.);
#582=ORIENTED_EDGE('',*,*,#1610,.T.);
#583=ORIENTED_EDGE('',*,*,#1615,.T.);
#584=ORIENTED_EDGE('',*,*,#1616,.F.);
#585=ORIENTED_EDGE('',*,*,#1617,.T.);
#586=ORIENTED_EDGE('',*,*,#1613,.T.);
#587=ORIENTED_EDGE('',*,*,#1618,.T.);
#588=ORIENTED_EDGE('',*,*,#1619,.F.);
#589=ORIENTED_EDGE('',*,*,#1620,.T.);
#590=ORIENTED_EDGE('',*,*,#1616,.T.);
#591=ORIENTED_EDGE('',*,*,#1621,.T.);
#592=ORIENTED_EDGE('',*,*,#1622,.F.);
#593=ORIENTED_EDGE('',*,*,#1623,.T.);
#594=ORIENTED_EDGE('',*,*,#1619,.T.);
#595=ORIENTED_EDGE('',*,*,#1624,.T.);
#596=ORIENTED_EDGE('',*,*,#1625,.F.);
#597=ORIENTED_EDGE('',*,*,#1626,.T.);
#598=ORIENTED_EDGE('',*,*,#1622,.T.);
#599=ORIENTED_EDGE('',*,*,#1627,.T.);
#600=ORIENTED_EDGE('',*,*,#1628,.F.);
#601=ORIENTED_EDGE('',*,*,#1629,.T.);
#602=ORIENTED_EDGE('',*,*,#1625,.T.);
#603=ORIENTED_EDGE('',*,*,#1630,.T.);
#604=ORIENTED_EDGE('',*,*,#1631,.F.);
#605=ORIENTED_EDGE('',*,*,#1632,.T.);
#606=ORIENTED_EDGE('',*,*,#1628,.T.);
#607=ORIENTED_EDGE('',*,*,#1633,.T.);
#608=ORIENTED_EDGE('',*,*,#1634,.F.);
#609=ORIENTED_EDGE('',*,*,#1635,.T.);
#610=ORIENTED_EDGE('',*,*,#1631,.T.);
#611=ORIENTED_EDGE('',*,*,#1636,.T.);
#612=ORIENTED_EDGE('',*,*,#1637,.F.);
#613=ORIENTED_EDGE('',*,*,#1638,.T.);
#614=ORIENTED_EDGE('',*,*,#1634,.T.);
#615=ORIENTED_EDGE('',*,*,#1639,.T.);
#616=ORIENTED_EDGE('',*,*,#1640,.F.);
#617=ORIENTED_EDGE('',*,*,#1641,.T.);
#618=ORIENTED_EDGE('',*,*,#1637,.T.);
#619=ORIENTED_EDGE('',*,*,#1642,.T.);
#620=ORIENTED_EDGE('',*,*,#1643,.F.);
#621=ORIENTED_EDGE('',*,*,#1644,.T.);
#622=ORIENTED_EDGE('',*,*,#1640,.T.);
#623=ORIENTED_EDGE('',*,*,#1645,.T.);
#624=ORIENTED_EDGE('',*,*,#1646,.F.);
#625=ORIENTED_EDGE('',*,*,#1647,.T.);
#626=ORIENTED_EDGE('',*,*,#1643,.T.);
#627=ORIENTED_EDGE('',*,*,#1648,.T.);
#628=ORIENTED_EDGE('',*,*,#1649,.F.);
#629=ORIENTED_EDGE('',*,*,#1650,.T.);
#630=ORIENTED_EDGE('',*,*,#1646,.T.);
#631=ORIENTED_EDGE('',*,*,#1651,.T.);
#632=ORIENTED_EDGE('',*,*,#1652,.F.);
#633=ORIENTED_EDGE('',*,*,#1653,.T.);
#634=ORIENTED_EDGE('',*,*,#1649,.T.);
#635=ORIENTED_EDGE('',*,*,#1654,.T.);
#636=ORIENTED_EDGE('',*,*,#1655,.F.);
#637=ORIENTED_EDGE('',*,*,#1656,.T.);
#638=ORIENTED_EDGE('',*,*,#1652,.T.);
#639=ORIENTED_EDGE('',*,*,#1657,.T.);
#640=ORIENTED_EDGE('',*,*,#1658,.F.);
#641=ORIENTED_EDGE('',*,*,#1659,.T.);
#642=ORIENTED_EDGE('',*,*,#1655,.T.);
#643=ORIENTED_EDGE('',*,*,#1660,.T.);
#644=ORIENTED_EDGE('',*,*,#1661,.F.);
#645=ORIENTED_EDGE('',*,*,#1662,.T.);
#646=ORIENTED_EDGE('',*,*,#1658,.T.);
#647=ORIENTED_EDGE('',*,*,#1663,.T.);
#648=ORIENTED_EDGE('',*,*,#1664,.F.);
#649=ORIENTED_EDGE('',*,*,#1665,.T.);
#650=ORIENTED_EDGE('',*,*,#1661,.T.);
#651=ORIENTED_EDGE('',*,*,#1666,.T.);
#652=ORIENTED_EDGE('',*,*,#1667,.F.);
#653=ORIENTED_EDGE('',*,*,#1668,.T.);
#654=ORIENTED_EDGE('',*,*,#1664,.T.);
#655=ORIENTED_EDGE('',*,*,#1669,.T.);
#656=ORIENTED_EDGE('',*,*,#1670,.F.);
#657=ORIENTED_EDGE('',*,*,#1671,.T.);
#658=ORIENTED_EDGE('',*,*,#1667,.T.);
#659=ORIENTED_EDGE('',*,*,#1672,.T.);
#660=ORIENTED_EDGE('',*,*,#1673,.F.);
#661=ORIENTED_EDGE('',*,*,#1674,.T.);
#662=ORIENTED_EDGE('',*,*,#1670,.T.);
#663=ORIENTED_EDGE('',*,*,#1675,.T.);
#664=ORIENTED_EDGE('',*,*,#1676,.F.);
#665=ORIENTED_EDGE('',*,*,#1677,.T.);
#666=ORIENTED_EDGE('',*,*,#1673,.T.);
#667=ORIENTED_EDGE('',*,*,#1678,.T.);
#668=ORIENTED_EDGE('',*,*,#1679,.F.);
#669=ORIENTED_EDGE('',*,*,#1680,.T.);
#670=ORIENTED_EDGE('',*,*,#1676,.T.);
#671=ORIENTED_EDGE('',*,*,#1681,.T.);
#672=ORIENTED_EDGE('',*,*,#1682,.F.);
#673=ORIENTED_EDGE('',*,*,#1683,.T.);
#674=ORIENTED_EDGE('',*,*,#1679,.T.);
#675=ORIENTED_EDGE('',*,*,#1684,.T.);
#676=ORIENTED_EDGE('',*,*,#1685,.F.);
#677=ORIENTED_EDGE('',*,*,#1686,.T.);
#678=ORIENTED_EDGE('',*,*,#1682,.T.);
#679=ORIENTED_EDGE('',*,*,#1687,.T.);
#680=ORIENTED_EDGE('',*,*,#1688,.F.);
#681=ORIENTED_EDGE('',*,*,#1689,.T.);
#682=ORIENTED_EDGE('',*,*,#1685,.T.);
#683=ORIENTED_EDGE('',*,*,#1690,.T.);
#684=ORIENTED_EDGE('',*,*,#1691,.F.);
#685=ORIENTED_EDGE('',*,*,#1692,.T.);
#686=ORIENTED_EDGE('',*,*,#1688,.T.);
#687=ORIENTED_EDGE('',*,*,#1693,.T.);
#688=ORIENTED_EDGE('',*,*,#1694,.F.);
#689=ORIENTED_EDGE('',*,*,#1695,.T.);
#690=ORIENTED_EDGE('',*,*,#1691,.T.);
#691=ORIENTED_EDGE('',*,*,#1696,.T.);
#692=ORIENTED_EDGE('',*,*,#1581,.F.);
#693=ORIENTED_EDGE('',*,*,#1697,.T.);
#694=ORIENTED_EDGE('',*,*,#1694,.T.);
#695=ORIENTED_EDGE('',*,*,#1698,.T.);
#696=ORIENTED_EDGE('',*,*,#1501,.T.);
#697=ORIENTED_EDGE('',*,*,#1699,.F.);
#698=ORIENTED_EDGE('',*,*,#1700,.T.);
#699=ORIENTED_EDGE('',*,*,#1701,.T.);
#700=ORIENTED_EDGE('',*,*,#1702,.T.);
#701=ORIENTED_EDGE('',*,*,#1703,.T.);
#702=ORIENTED_EDGE('',*,*,#1704,.T.);
#703=ORIENTED_EDGE('',*,*,#1705,.T.);
#704=ORIENTED_EDGE('',*,*,#1706,.T.);
#705=ORIENTED_EDGE('',*,*,#1707,.T.);
#706=ORIENTED_EDGE('',*,*,#1708,.T.);
#707=ORIENTED_EDGE('',*,*,#1709,.T.);
#708=ORIENTED_EDGE('',*,*,#1710,.T.);
#709=ORIENTED_EDGE('',*,*,#1711,.T.);
#710=ORIENTED_EDGE('',*,*,#1712,.T.);
#711=ORIENTED_EDGE('',*,*,#1713,.T.);
#712=ORIENTED_EDGE('',*,*,#1714,.T.);
#713=ORIENTED_EDGE('',*,*,#1715,.T.);
#714=ORIENTED_EDGE('',*,*,#1716,.T.);
#715=ORIENTED_EDGE('',*,*,#1717,.T.);
#716=ORIENTED_EDGE('',*,*,#1718,.T.);
#717=ORIENTED_EDGE('',*,*,#1719,.T.);
#718=ORIENTED_EDGE('',*,*,#1720,.T.);
#719=ORIENTED_EDGE('',*,*,#1721,.T.);
#720=ORIENTED_EDGE('',*,*,#1722,.T.);
#721=ORIENTED_EDGE('',*,*,#1723,.T.);
#722=ORIENTED_EDGE('',*,*,#1724,.T.);
#723=ORIENTED_EDGE('',*,*,#1725,.T.);
#724=ORIENTED_EDGE('',*,*,#1726,.T.);
#725=ORIENTED_EDGE('',*,*,#1727,.T.);
#726=ORIENTED_EDGE('',*,*,#1728,.T.);
#727=ORIENTED_EDGE('',*,*,#1729,.T.);
#728=ORIENTED_EDGE('',*,*,#1730,.T.);
#729=ORIENTED_EDGE('',*,*,#1731,.T.);
#730=ORIENTED_EDGE('',*,*,#1732,.T.);
#731=ORIENTED_EDGE('',*,*,#1733,.T.);
#732=ORIENTED_EDGE('',*,*,#1734,.T.);
#733=ORIENTED_EDGE('',*,*,#1735,.T.);
#734=ORIENTED_EDGE('',*,*,#1736,.T.);
#735=ORIENTED_EDGE('',*,*,#1737,.T.);
#736=ORIENTED_EDGE('',*,*,#1738,.T.);
#737=ORIENTED_EDGE('',*,*,#1739,.T.);
#738=ORIENTED_EDGE('',*,*,#1740,.T.);
#739=ORIENTED_EDGE('',*,*,#1741,.T.);
#740=ORIENTED_EDGE('',*,*,#1742,.T.);
#741=ORIENTED_EDGE('',*,*,#1743,.T.);
#742=ORIENTED_EDGE('',*,*,#1699,.T.);
#743=ORIENTED_EDGE('',*,*,#1744,.T.);
#744=ORIENTED_EDGE('',*,*,#1745,.T.);
#745=ORIENTED_EDGE('',*,*,#1746,.F.);
#746=ORIENTED_EDGE('',*,*,#1502,.T.);
#747=ORIENTED_EDGE('',*,*,#1744,.F.);
#748=ORIENTED_EDGE('',*,*,#1746,.T.);
#749=ORIENTED_EDGE('',*,*,#1745,.F.);
#750=ORIENTED_EDGE('',*,*,#1747,.T.);
#751=ORIENTED_EDGE('',*,*,#1748,.T.);
#752=ORIENTED_EDGE('',*,*,#1749,.F.);
#753=ORIENTED_EDGE('',*,*,#1503,.T.);
#754=ORIENTED_EDGE('',*,*,#1747,.F.);
#755=ORIENTED_EDGE('',*,*,#1749,.T.);
#756=ORIENTED_EDGE('',*,*,#1748,.F.);
#757=ORIENTED_EDGE('',*,*,#1750,.T.);
#758=ORIENTED_EDGE('',*,*,#1751,.T.);
#759=ORIENTED_EDGE('',*,*,#1752,.F.);
#760=ORIENTED_EDGE('',*,*,#1504,.T.);
#761=ORIENTED_EDGE('',*,*,#1750,.F.);
#762=ORIENTED_EDGE('',*,*,#1752,.T.);
#763=ORIENTED_EDGE('',*,*,#1751,.F.);
#764=ORIENTED_EDGE('',*,*,#1753,.T.);
#765=ORIENTED_EDGE('',*,*,#1754,.T.);
#766=ORIENTED_EDGE('',*,*,#1755,.F.);
#767=ORIENTED_EDGE('',*,*,#1505,.T.);
#768=ORIENTED_EDGE('',*,*,#1753,.F.);
#769=ORIENTED_EDGE('',*,*,#1755,.T.);
#770=ORIENTED_EDGE('',*,*,#1754,.F.);
#771=ORIENTED_EDGE('',*,*,#1547,.T.);
#772=ORIENTED_EDGE('',*,*,#1756,.F.);
#773=ORIENTED_EDGE('',*,*,#1489,.T.);
#774=ORIENTED_EDGE('',*,*,#1757,.T.);
#775=ORIENTED_EDGE('',*,*,#1541,.T.);
#776=ORIENTED_EDGE('',*,*,#1758,.F.);
#777=ORIENTED_EDGE('',*,*,#1495,.T.);
#778=ORIENTED_EDGE('',*,*,#1759,.T.);
#779=ORIENTED_EDGE('',*,*,#1535,.T.);
#780=ORIENTED_EDGE('',*,*,#1760,.F.);
#781=ORIENTED_EDGE('',*,*,#1761,.F.);
#782=ORIENTED_EDGE('',*,*,#1762,.T.);
#783=ORIENTED_EDGE('',*,*,#1546,.T.);
#784=ORIENTED_EDGE('',*,*,#1763,.F.);
#785=ORIENTED_EDGE('',*,*,#1490,.F.);
#786=ORIENTED_EDGE('',*,*,#1756,.T.);
#787=ORIENTED_EDGE('',*,*,#1545,.T.);
#788=ORIENTED_EDGE('',*,*,#1764,.F.);
#789=ORIENTED_EDGE('',*,*,#1491,.F.);
#790=ORIENTED_EDGE('',*,*,#1763,.T.);
#791=ORIENTED_EDGE('',*,*,#1544,.F.);
#792=ORIENTED_EDGE('',*,*,#1765,.F.);
#793=ORIENTED_EDGE('',*,*,#1492,.T.);
#794=ORIENTED_EDGE('',*,*,#1764,.T.);
#795=ORIENTED_EDGE('',*,*,#1543,.T.);
#796=ORIENTED_EDGE('',*,*,#1766,.F.);
#797=ORIENTED_EDGE('',*,*,#1493,.F.);
#798=ORIENTED_EDGE('',*,*,#1765,.T.);
#799=ORIENTED_EDGE('',*,*,#1542,.F.);
#800=ORIENTED_EDGE('',*,*,#1757,.F.);
#801=ORIENTED_EDGE('',*,*,#1494,.T.);
#802=ORIENTED_EDGE('',*,*,#1766,.T.);
#803=ORIENTED_EDGE('',*,*,#1540,.T.);
#804=ORIENTED_EDGE('',*,*,#1767,.F.);
#805=ORIENTED_EDGE('',*,*,#1496,.F.);
#806=ORIENTED_EDGE('',*,*,#1758,.T.);
#807=ORIENTED_EDGE('',*,*,#1539,.T.);
#808=ORIENTED_EDGE('',*,*,#1768,.F.);
#809=ORIENTED_EDGE('',*,*,#1497,.F.);
#810=ORIENTED_EDGE('',*,*,#1767,.T.);
#811=ORIENTED_EDGE('',*,*,#1538,.F.);
#812=ORIENTED_EDGE('',*,*,#1769,.F.);
#813=ORIENTED_EDGE('',*,*,#1498,.T.);
#814=ORIENTED_EDGE('',*,*,#1768,.T.);
#815=ORIENTED_EDGE('',*,*,#1537,.T.);
#816=ORIENTED_EDGE('',*,*,#1770,.F.);
#817=ORIENTED_EDGE('',*,*,#1499,.F.);
#818=ORIENTED_EDGE('',*,*,#1769,.T.);
#819=ORIENTED_EDGE('',*,*,#1536,.F.);
#820=ORIENTED_EDGE('',*,*,#1759,.F.);
#821=ORIENTED_EDGE('',*,*,#1500,.T.);
#822=ORIENTED_EDGE('',*,*,#1770,.T.);
#823=ORIENTED_EDGE('',*,*,#1534,.F.);
#824=ORIENTED_EDGE('',*,*,#1771,.F.);
#825=ORIENTED_EDGE('',*,*,#1772,.T.);
#826=ORIENTED_EDGE('',*,*,#1760,.T.);
#827=ORIENTED_EDGE('',*,*,#1533,.T.);
#828=ORIENTED_EDGE('',*,*,#1773,.F.);
#829=ORIENTED_EDGE('',*,*,#1774,.F.);
#830=ORIENTED_EDGE('',*,*,#1771,.T.);
#831=ORIENTED_EDGE('',*,*,#1532,.T.);
#832=ORIENTED_EDGE('',*,*,#1775,.F.);
#833=ORIENTED_EDGE('',*,*,#1776,.F.);
#834=ORIENTED_EDGE('',*,*,#1773,.T.);
#835=ORIENTED_EDGE('',*,*,#1531,.T.);
#836=ORIENTED_EDGE('',*,*,#1777,.F.);
#837=ORIENTED_EDGE('',*,*,#1778,.F.);
#838=ORIENTED_EDGE('',*,*,#1775,.T.);
#839=ORIENTED_EDGE('',*,*,#1530,.F.);
#840=ORIENTED_EDGE('',*,*,#1779,.F.);
#841=ORIENTED_EDGE('',*,*,#1780,.T.);
#842=ORIENTED_EDGE('',*,*,#1777,.T.);
#843=ORIENTED_EDGE('',*,*,#1529,.T.);
#844=ORIENTED_EDGE('',*,*,#1781,.F.);
#845=ORIENTED_EDGE('',*,*,#1782,.F.);
#846=ORIENTED_EDGE('',*,*,#1779,.T.);
#847=ORIENTED_EDGE('',*,*,#1528,.T.);
#848=ORIENTED_EDGE('',*,*,#1783,.F.);
#849=ORIENTED_EDGE('',*,*,#1784,.F.);
#850=ORIENTED_EDGE('',*,*,#1781,.T.);
#851=ORIENTED_EDGE('',*,*,#1527,.T.);
#852=ORIENTED_EDGE('',*,*,#1785,.F.);
#853=ORIENTED_EDGE('',*,*,#1786,.F.);
#854=ORIENTED_EDGE('',*,*,#1783,.T.);
#855=ORIENTED_EDGE('',*,*,#1526,.F.);
#856=ORIENTED_EDGE('',*,*,#1787,.F.);
#857=ORIENTED_EDGE('',*,*,#1788,.T.);
#858=ORIENTED_EDGE('',*,*,#1785,.T.);
#859=ORIENTED_EDGE('',*,*,#1525,.T.);
#860=ORIENTED_EDGE('',*,*,#1789,.F.);
#861=ORIENTED_EDGE('',*,*,#1790,.F.);
#862=ORIENTED_EDGE('',*,*,#1787,.T.);
#863=ORIENTED_EDGE('',*,*,#1524,.F.);
#864=ORIENTED_EDGE('',*,*,#1791,.F.);
#865=ORIENTED_EDGE('',*,*,#1792,.T.);
#866=ORIENTED_EDGE('',*,*,#1789,.T.);
#867=ORIENTED_EDGE('',*,*,#1523,.T.);
#868=ORIENTED_EDGE('',*,*,#1793,.F.);
#869=ORIENTED_EDGE('',*,*,#1794,.F.);
#870=ORIENTED_EDGE('',*,*,#1791,.T.);
#871=ORIENTED_EDGE('',*,*,#1522,.T.);
#872=ORIENTED_EDGE('',*,*,#1795,.F.);
#873=ORIENTED_EDGE('',*,*,#1796,.F.);
#874=ORIENTED_EDGE('',*,*,#1793,.T.);
#875=ORIENTED_EDGE('',*,*,#1521,.T.);
#876=ORIENTED_EDGE('',*,*,#1797,.F.);
#877=ORIENTED_EDGE('',*,*,#1798,.F.);
#878=ORIENTED_EDGE('',*,*,#1795,.T.);
#879=ORIENTED_EDGE('',*,*,#1520,.F.);
#880=ORIENTED_EDGE('',*,*,#1799,.F.);
#881=ORIENTED_EDGE('',*,*,#1800,.T.);
#882=ORIENTED_EDGE('',*,*,#1797,.T.);
#883=ORIENTED_EDGE('',*,*,#1519,.T.);
#884=ORIENTED_EDGE('',*,*,#1801,.F.);
#885=ORIENTED_EDGE('',*,*,#1802,.F.);
#886=ORIENTED_EDGE('',*,*,#1799,.T.);
#887=ORIENTED_EDGE('',*,*,#1518,.T.);
#888=ORIENTED_EDGE('',*,*,#1803,.F.);
#889=ORIENTED_EDGE('',*,*,#1804,.F.);
#890=ORIENTED_EDGE('',*,*,#1801,.T.);
#891=ORIENTED_EDGE('',*,*,#1517,.T.);
#892=ORIENTED_EDGE('',*,*,#1805,.F.);
#893=ORIENTED_EDGE('',*,*,#1806,.F.);
#894=ORIENTED_EDGE('',*,*,#1803,.T.);
#895=ORIENTED_EDGE('',*,*,#1516,.F.);
#896=ORIENTED_EDGE('',*,*,#1807,.F.);
#897=ORIENTED_EDGE('',*,*,#1808,.T.);
#898=ORIENTED_EDGE('',*,*,#1805,.T.);
#899=ORIENTED_EDGE('',*,*,#1515,.T.);
#900=ORIENTED_EDGE('',*,*,#1809,.F.);
#901=ORIENTED_EDGE('',*,*,#1810,.F.);
#902=ORIENTED_EDGE('',*,*,#1807,.T.);
#903=ORIENTED_EDGE('',*,*,#1514,.T.);
#904=ORIENTED_EDGE('',*,*,#1484,.F.);
#905=ORIENTED_EDGE('',*,*,#1811,.F.);
#906=ORIENTED_EDGE('',*,*,#1809,.T.);
#907=ORIENTED_EDGE('',*,*,#1513,.F.);
#908=ORIENTED_EDGE('',*,*,#1812,.F.);
#909=ORIENTED_EDGE('',*,*,#1813,.T.);
#910=ORIENTED_EDGE('',*,*,#1482,.T.);
#911=ORIENTED_EDGE('',*,*,#1512,.T.);
#912=ORIENTED_EDGE('',*,*,#1814,.F.);
#913=ORIENTED_EDGE('',*,*,#1815,.F.);
#914=ORIENTED_EDGE('',*,*,#1812,.T.);
#915=ORIENTED_EDGE('',*,*,#1511,.F.);
#916=ORIENTED_EDGE('',*,*,#1816,.F.);
#917=ORIENTED_EDGE('',*,*,#1817,.T.);
#918=ORIENTED_EDGE('',*,*,#1814,.T.);
#919=ORIENTED_EDGE('',*,*,#1510,.T.);
#920=ORIENTED_EDGE('',*,*,#1575,.F.);
#921=ORIENTED_EDGE('',*,*,#1818,.T.);
#922=ORIENTED_EDGE('',*,*,#1566,.T.);
#923=ORIENTED_EDGE('',*,*,#1506,.T.);
#924=ORIENTED_EDGE('',*,*,#1819,.F.);
#925=ORIENTED_EDGE('',*,*,#1820,.F.);
#926=ORIENTED_EDGE('',*,*,#1816,.T.);
#927=ORIENTED_EDGE('',*,*,#1562,.F.);
#928=ORIENTED_EDGE('',*,*,#1821,.F.);
#929=ORIENTED_EDGE('',*,*,#1822,.T.);
#930=ORIENTED_EDGE('',*,*,#1819,.T.);
#931=ORIENTED_EDGE('',*,*,#1561,.T.);
#932=ORIENTED_EDGE('',*,*,#1823,.F.);
#933=ORIENTED_EDGE('',*,*,#1824,.F.);
#934=ORIENTED_EDGE('',*,*,#1821,.T.);
#935=ORIENTED_EDGE('',*,*,#1560,.T.);
#936=ORIENTED_EDGE('',*,*,#1825,.F.);
#937=ORIENTED_EDGE('',*,*,#1826,.F.);
#938=ORIENTED_EDGE('',*,*,#1823,.T.);
#939=ORIENTED_EDGE('',*,*,#1559,.T.);
#940=ORIENTED_EDGE('',*,*,#1827,.F.);
#941=ORIENTED_EDGE('',*,*,#1828,.F.);
#942=ORIENTED_EDGE('',*,*,#1825,.T.);
#943=ORIENTED_EDGE('',*,*,#1558,.T.);
#944=ORIENTED_EDGE('',*,*,#1829,.F.);
#945=ORIENTED_EDGE('',*,*,#1830,.F.);
#946=ORIENTED_EDGE('',*,*,#1827,.T.);
#947=ORIENTED_EDGE('',*,*,#1557,.T.);
#948=ORIENTED_EDGE('',*,*,#1831,.F.);
#949=ORIENTED_EDGE('',*,*,#1832,.F.);
#950=ORIENTED_EDGE('',*,*,#1829,.T.);
#951=ORIENTED_EDGE('',*,*,#1556,.F.);
#952=ORIENTED_EDGE('',*,*,#1833,.F.);
#953=ORIENTED_EDGE('',*,*,#1834,.T.);
#954=ORIENTED_EDGE('',*,*,#1831,.T.);
#955=ORIENTED_EDGE('',*,*,#1555,.T.);
#956=ORIENTED_EDGE('',*,*,#1835,.F.);
#957=ORIENTED_EDGE('',*,*,#1836,.F.);
#958=ORIENTED_EDGE('',*,*,#1833,.T.);
#959=ORIENTED_EDGE('',*,*,#1554,.T.);
#960=ORIENTED_EDGE('',*,*,#1837,.F.);
#961=ORIENTED_EDGE('',*,*,#1838,.F.);
#962=ORIENTED_EDGE('',*,*,#1835,.T.);
#963=ORIENTED_EDGE('',*,*,#1553,.T.);
#964=ORIENTED_EDGE('',*,*,#1839,.F.);
#965=ORIENTED_EDGE('',*,*,#1840,.F.);
#966=ORIENTED_EDGE('',*,*,#1837,.T.);
#967=ORIENTED_EDGE('',*,*,#1552,.T.);
#968=ORIENTED_EDGE('',*,*,#1841,.F.);
#969=ORIENTED_EDGE('',*,*,#1842,.F.);
#970=ORIENTED_EDGE('',*,*,#1839,.T.);
#971=ORIENTED_EDGE('',*,*,#1551,.T.);
#972=ORIENTED_EDGE('',*,*,#1843,.F.);
#973=ORIENTED_EDGE('',*,*,#1844,.F.);
#974=ORIENTED_EDGE('',*,*,#1841,.T.);
#975=ORIENTED_EDGE('',*,*,#1550,.F.);
#976=ORIENTED_EDGE('',*,*,#1845,.F.);
#977=ORIENTED_EDGE('',*,*,#1846,.T.);
#978=ORIENTED_EDGE('',*,*,#1843,.T.);
#979=ORIENTED_EDGE('',*,*,#1549,.T.);
#980=ORIENTED_EDGE('',*,*,#1847,.F.);
#981=ORIENTED_EDGE('',*,*,#1848,.F.);
#982=ORIENTED_EDGE('',*,*,#1845,.T.);
#983=ORIENTED_EDGE('',*,*,#1548,.F.);
#984=ORIENTED_EDGE('',*,*,#1762,.F.);
#985=ORIENTED_EDGE('',*,*,#1849,.T.);
#986=ORIENTED_EDGE('',*,*,#1847,.T.);
#987=ORIENTED_EDGE('',*,*,#1850,.T.);
#988=ORIENTED_EDGE('',*,*,#1851,.T.);
#989=ORIENTED_EDGE('',*,*,#1852,.T.);
#990=ORIENTED_EDGE('',*,*,#1853,.T.);
#991=ORIENTED_EDGE('',*,*,#1854,.T.);
#992=ORIENTED_EDGE('',*,*,#1855,.T.);
#993=ORIENTED_EDGE('',*,*,#1856,.T.);
#994=ORIENTED_EDGE('',*,*,#1857,.T.);
#995=ORIENTED_EDGE('',*,*,#1858,.T.);
#996=ORIENTED_EDGE('',*,*,#1859,.T.);
#997=ORIENTED_EDGE('',*,*,#1860,.T.);
#998=ORIENTED_EDGE('',*,*,#1861,.T.);
#999=ORIENTED_EDGE('',*,*,#1862,.T.);
#1000=ORIENTED_EDGE('',*,*,#1863,.T.);
#1001=ORIENTED_EDGE('',*,*,#1864,.T.);
#1002=ORIENTED_EDGE('',*,*,#1865,.T.);
#1003=ORIENTED_EDGE('',*,*,#1866,.T.);
#1004=ORIENTED_EDGE('',*,*,#1867,.T.);
#1005=ORIENTED_EDGE('',*,*,#1868,.T.);
#1006=ORIENTED_EDGE('',*,*,#1869,.T.);
#1007=ORIENTED_EDGE('',*,*,#1870,.T.);
#1008=ORIENTED_EDGE('',*,*,#1871,.T.);
#1009=ORIENTED_EDGE('',*,*,#1872,.T.);
#1010=ORIENTED_EDGE('',*,*,#1873,.T.);
#1011=ORIENTED_EDGE('',*,*,#1874,.T.);
#1012=ORIENTED_EDGE('',*,*,#1875,.T.);
#1013=ORIENTED_EDGE('',*,*,#1876,.T.);
#1014=ORIENTED_EDGE('',*,*,#1877,.T.);
#1015=ORIENTED_EDGE('',*,*,#1878,.T.);
#1016=ORIENTED_EDGE('',*,*,#1879,.T.);
#1017=ORIENTED_EDGE('',*,*,#1880,.T.);
#1018=ORIENTED_EDGE('',*,*,#1881,.T.);
#1019=ORIENTED_EDGE('',*,*,#1882,.T.);
#1020=ORIENTED_EDGE('',*,*,#1883,.T.);
#1021=ORIENTED_EDGE('',*,*,#1884,.T.);
#1022=ORIENTED_EDGE('',*,*,#1885,.T.);
#1023=ORIENTED_EDGE('',*,*,#1886,.T.);
#1024=ORIENTED_EDGE('',*,*,#1887,.T.);
#1025=ORIENTED_EDGE('',*,*,#1888,.T.);
#1026=ORIENTED_EDGE('',*,*,#1889,.T.);
#1027=ORIENTED_EDGE('',*,*,#1890,.T.);
#1028=ORIENTED_EDGE('',*,*,#1817,.F.);
#1029=ORIENTED_EDGE('',*,*,#1820,.T.);
#1030=ORIENTED_EDGE('',*,*,#1822,.F.);
#1031=ORIENTED_EDGE('',*,*,#1824,.T.);
#1032=ORIENTED_EDGE('',*,*,#1826,.T.);
#1033=ORIENTED_EDGE('',*,*,#1828,.T.);
#1034=ORIENTED_EDGE('',*,*,#1830,.T.);
#1035=ORIENTED_EDGE('',*,*,#1832,.T.);
#1036=ORIENTED_EDGE('',*,*,#1834,.F.);
#1037=ORIENTED_EDGE('',*,*,#1836,.T.);
#1038=ORIENTED_EDGE('',*,*,#1838,.T.);
#1039=ORIENTED_EDGE('',*,*,#1840,.T.);
#1040=ORIENTED_EDGE('',*,*,#1842,.T.);
#1041=ORIENTED_EDGE('',*,*,#1844,.T.);
#1042=ORIENTED_EDGE('',*,*,#1846,.F.);
#1043=ORIENTED_EDGE('',*,*,#1848,.T.);
#1044=ORIENTED_EDGE('',*,*,#1849,.F.);
#1045=ORIENTED_EDGE('',*,*,#1761,.T.);
#1046=ORIENTED_EDGE('',*,*,#1772,.F.);
#1047=ORIENTED_EDGE('',*,*,#1774,.T.);
#1048=ORIENTED_EDGE('',*,*,#1776,.T.);
#1049=ORIENTED_EDGE('',*,*,#1778,.T.);
#1050=ORIENTED_EDGE('',*,*,#1780,.F.);
#1051=ORIENTED_EDGE('',*,*,#1782,.T.);
#1052=ORIENTED_EDGE('',*,*,#1784,.T.);
#1053=ORIENTED_EDGE('',*,*,#1786,.T.);
#1054=ORIENTED_EDGE('',*,*,#1788,.F.);
#1055=ORIENTED_EDGE('',*,*,#1790,.T.);
#1056=ORIENTED_EDGE('',*,*,#1792,.F.);
#1057=ORIENTED_EDGE('',*,*,#1794,.T.);
#1058=ORIENTED_EDGE('',*,*,#1796,.T.);
#1059=ORIENTED_EDGE('',*,*,#1798,.T.);
#1060=ORIENTED_EDGE('',*,*,#1800,.F.);
#1061=ORIENTED_EDGE('',*,*,#1802,.T.);
#1062=ORIENTED_EDGE('',*,*,#1804,.T.);
#1063=ORIENTED_EDGE('',*,*,#1806,.T.);
#1064=ORIENTED_EDGE('',*,*,#1808,.F.);
#1065=ORIENTED_EDGE('',*,*,#1810,.T.);
#1066=ORIENTED_EDGE('',*,*,#1811,.T.);
#1067=ORIENTED_EDGE('',*,*,#1483,.T.);
#1068=ORIENTED_EDGE('',*,*,#1813,.F.);
#1069=ORIENTED_EDGE('',*,*,#1815,.T.);
#1070=ORIENTED_EDGE('',*,*,#1574,.T.);
#1071=ORIENTED_EDGE('',*,*,#1891,.T.);
#1072=ORIENTED_EDGE('',*,*,#1892,.T.);
#1073=ORIENTED_EDGE('',*,*,#1567,.F.);
#1074=ORIENTED_EDGE('',*,*,#1818,.F.);
#1075=ORIENTED_EDGE('',*,*,#1893,.T.);
#1076=ORIENTED_EDGE('',*,*,#1894,.T.);
#1077=ORIENTED_EDGE('',*,*,#1895,.F.);
#1078=ORIENTED_EDGE('',*,*,#1488,.T.);
#1079=ORIENTED_EDGE('',*,*,#1896,.T.);
#1080=ORIENTED_EDGE('',*,*,#1897,.T.);
#1081=ORIENTED_EDGE('',*,*,#1893,.F.);
#1082=ORIENTED_EDGE('',*,*,#1487,.F.);
#1083=ORIENTED_EDGE('',*,*,#1898,.T.);
#1084=ORIENTED_EDGE('',*,*,#1899,.T.);
#1085=ORIENTED_EDGE('',*,*,#1896,.F.);
#1086=ORIENTED_EDGE('',*,*,#1486,.T.);
#1087=ORIENTED_EDGE('',*,*,#1895,.T.);
#1088=ORIENTED_EDGE('',*,*,#1900,.T.);
#1089=ORIENTED_EDGE('',*,*,#1898,.F.);
#1090=ORIENTED_EDGE('',*,*,#1485,.F.);
#1091=ORIENTED_EDGE('',*,*,#1901,.F.);
#1092=ORIENTED_EDGE('',*,*,#1623,.F.);
#1093=ORIENTED_EDGE('',*,*,#1902,.F.);
#1094=ORIENTED_EDGE('',*,*,#1871,.F.);
#1095=ORIENTED_EDGE('',*,*,#1902,.T.);
#1096=ORIENTED_EDGE('',*,*,#1626,.F.);
#1097=ORIENTED_EDGE('',*,*,#1903,.F.);
#1098=ORIENTED_EDGE('',*,*,#1872,.F.);
#1099=ORIENTED_EDGE('',*,*,#1901,.T.);
#1100=ORIENTED_EDGE('',*,*,#1870,.F.);
#1101=ORIENTED_EDGE('',*,*,#1904,.F.);
#1102=ORIENTED_EDGE('',*,*,#1620,.F.);
#1103=ORIENTED_EDGE('',*,*,#1903,.T.);
#1104=ORIENTED_EDGE('',*,*,#1629,.F.);
#1105=ORIENTED_EDGE('',*,*,#1905,.F.);
#1106=ORIENTED_EDGE('',*,*,#1873,.F.);
#1107=ORIENTED_EDGE('',*,*,#1904,.T.);
#1108=ORIENTED_EDGE('',*,*,#1869,.F.);
#1109=ORIENTED_EDGE('',*,*,#1906,.F.);
#1110=ORIENTED_EDGE('',*,*,#1617,.F.);
#1111=ORIENTED_EDGE('',*,*,#1905,.T.);
#1112=ORIENTED_EDGE('',*,*,#1632,.F.);
#1113=ORIENTED_EDGE('',*,*,#1907,.F.);
#1114=ORIENTED_EDGE('',*,*,#1874,.F.);
#1115=ORIENTED_EDGE('',*,*,#1906,.T.);
#1116=ORIENTED_EDGE('',*,*,#1868,.F.);
#1117=ORIENTED_EDGE('',*,*,#1908,.F.);
#1118=ORIENTED_EDGE('',*,*,#1614,.F.);
#1119=ORIENTED_EDGE('',*,*,#1907,.T.);
#1120=ORIENTED_EDGE('',*,*,#1635,.F.);
#1121=ORIENTED_EDGE('',*,*,#1909,.F.);
#1122=ORIENTED_EDGE('',*,*,#1875,.F.);
#1123=ORIENTED_EDGE('',*,*,#1908,.T.);
#1124=ORIENTED_EDGE('',*,*,#1867,.F.);
#1125=ORIENTED_EDGE('',*,*,#1910,.F.);
#1126=ORIENTED_EDGE('',*,*,#1611,.F.);
#1127=ORIENTED_EDGE('',*,*,#1909,.T.);
#1128=ORIENTED_EDGE('',*,*,#1638,.F.);
#1129=ORIENTED_EDGE('',*,*,#1911,.F.);
#1130=ORIENTED_EDGE('',*,*,#1876,.F.);
#1131=ORIENTED_EDGE('',*,*,#1910,.T.);
#1132=ORIENTED_EDGE('',*,*,#1866,.F.);
#1133=ORIENTED_EDGE('',*,*,#1912,.F.);
#1134=ORIENTED_EDGE('',*,*,#1608,.F.);
#1135=ORIENTED_EDGE('',*,*,#1911,.T.);
#1136=ORIENTED_EDGE('',*,*,#1641,.F.);
#1137=ORIENTED_EDGE('',*,*,#1913,.F.);
#1138=ORIENTED_EDGE('',*,*,#1877,.F.);
#1139=ORIENTED_EDGE('',*,*,#1912,.T.);
#1140=ORIENTED_EDGE('',*,*,#1865,.F.);
#1141=ORIENTED_EDGE('',*,*,#1914,.F.);
#1142=ORIENTED_EDGE('',*,*,#1605,.F.);
#1143=ORIENTED_EDGE('',*,*,#1913,.T.);
#1144=ORIENTED_EDGE('',*,*,#1644,.F.);
#1145=ORIENTED_EDGE('',*,*,#1915,.F.);
#1146=ORIENTED_EDGE('',*,*,#1878,.F.);
#1147=ORIENTED_EDGE('',*,*,#1914,.T.);
#1148=ORIENTED_EDGE('',*,*,#1864,.F.);
#1149=ORIENTED_EDGE('',*,*,#1916,.F.);
#1150=ORIENTED_EDGE('',*,*,#1602,.F.);
#1151=ORIENTED_EDGE('',*,*,#1915,.T.);
#1152=ORIENTED_EDGE('',*,*,#1647,.F.);
#1153=ORIENTED_EDGE('',*,*,#1917,.F.);
#1154=ORIENTED_EDGE('',*,*,#1879,.F.);
#1155=ORIENTED_EDGE('',*,*,#1916,.T.);
#1156=ORIENTED_EDGE('',*,*,#1863,.F.);
#1157=ORIENTED_EDGE('',*,*,#1918,.F.);
#1158=ORIENTED_EDGE('',*,*,#1599,.F.);
#1159=ORIENTED_EDGE('',*,*,#1917,.T.);
#1160=ORIENTED_EDGE('',*,*,#1650,.F.);
#1161=ORIENTED_EDGE('',*,*,#1919,.F.);
#1162=ORIENTED_EDGE('',*,*,#1880,.F.);
#1163=ORIENTED_EDGE('',*,*,#1918,.T.);
#1164=ORIENTED_EDGE('',*,*,#1862,.F.);
#1165=ORIENTED_EDGE('',*,*,#1920,.F.);
#1166=ORIENTED_EDGE('',*,*,#1596,.F.);
#1167=ORIENTED_EDGE('',*,*,#1919,.T.);
#1168=ORIENTED_EDGE('',*,*,#1653,.F.);
#1169=ORIENTED_EDGE('',*,*,#1921,.F.);
#1170=ORIENTED_EDGE('',*,*,#1881,.F.);
#1171=ORIENTED_EDGE('',*,*,#1920,.T.);
#1172=ORIENTED_EDGE('',*,*,#1861,.F.);
#1173=ORIENTED_EDGE('',*,*,#1922,.F.);
#1174=ORIENTED_EDGE('',*,*,#1593,.F.);
#1175=ORIENTED_EDGE('',*,*,#1921,.T.);
#1176=ORIENTED_EDGE('',*,*,#1656,.F.);
#1177=ORIENTED_EDGE('',*,*,#1923,.F.);
#1178=ORIENTED_EDGE('',*,*,#1882,.F.);
#1179=ORIENTED_EDGE('',*,*,#1922,.T.);
#1180=ORIENTED_EDGE('',*,*,#1860,.F.);
#1181=ORIENTED_EDGE('',*,*,#1924,.F.);
#1182=ORIENTED_EDGE('',*,*,#1478,.F.);
#1183=ORIENTED_EDGE('',*,*,#1923,.T.);
#1184=ORIENTED_EDGE('',*,*,#1659,.F.);
#1185=ORIENTED_EDGE('',*,*,#1925,.F.);
#1186=ORIENTED_EDGE('',*,*,#1883,.F.);
#1187=ORIENTED_EDGE('',*,*,#1924,.T.);
#1188=ORIENTED_EDGE('',*,*,#1859,.F.);
#1189=ORIENTED_EDGE('',*,*,#1926,.F.);
#1190=ORIENTED_EDGE('',*,*,#1590,.F.);
#1191=ORIENTED_EDGE('',*,*,#1925,.T.);
#1192=ORIENTED_EDGE('',*,*,#1662,.F.);
#1193=ORIENTED_EDGE('',*,*,#1927,.F.);
#1194=ORIENTED_EDGE('',*,*,#1884,.F.);
#1195=ORIENTED_EDGE('',*,*,#1926,.T.);
#1196=ORIENTED_EDGE('',*,*,#1858,.F.);
#1197=ORIENTED_EDGE('',*,*,#1928,.F.);
#1198=ORIENTED_EDGE('',*,*,#1588,.F.);
#1199=ORIENTED_EDGE('',*,*,#1927,.T.);
#1200=ORIENTED_EDGE('',*,*,#1665,.F.);
#1201=ORIENTED_EDGE('',*,*,#1929,.F.);
#1202=ORIENTED_EDGE('',*,*,#1885,.F.);
#1203=ORIENTED_EDGE('',*,*,#1928,.T.);
#1204=ORIENTED_EDGE('',*,*,#1857,.F.);
#1205=ORIENTED_EDGE('',*,*,#1930,.F.);
#1206=ORIENTED_EDGE('',*,*,#1586,.F.);
#1207=ORIENTED_EDGE('',*,*,#1929,.T.);
#1208=ORIENTED_EDGE('',*,*,#1668,.F.);
#1209=ORIENTED_EDGE('',*,*,#1931,.F.);
#1210=ORIENTED_EDGE('',*,*,#1886,.F.);
#1211=ORIENTED_EDGE('',*,*,#1930,.T.);
#1212=ORIENTED_EDGE('',*,*,#1856,.F.);
#1213=ORIENTED_EDGE('',*,*,#1932,.F.);
#1214=ORIENTED_EDGE('',*,*,#1580,.F.);
#1215=ORIENTED_EDGE('',*,*,#1931,.T.);
#1216=ORIENTED_EDGE('',*,*,#1671,.F.);
#1217=ORIENTED_EDGE('',*,*,#1933,.F.);
#1218=ORIENTED_EDGE('',*,*,#1887,.F.);
#1219=ORIENTED_EDGE('',*,*,#1932,.T.);
#1220=ORIENTED_EDGE('',*,*,#1855,.F.);
#1221=ORIENTED_EDGE('',*,*,#1934,.F.);
#1222=ORIENTED_EDGE('',*,*,#1697,.F.);
#1223=ORIENTED_EDGE('',*,*,#1933,.T.);
#1224=ORIENTED_EDGE('',*,*,#1674,.F.);
#1225=ORIENTED_EDGE('',*,*,#1935,.F.);
#1226=ORIENTED_EDGE('',*,*,#1888,.F.);
#1227=ORIENTED_EDGE('',*,*,#1934,.T.);
#1228=ORIENTED_EDGE('',*,*,#1854,.F.);
#1229=ORIENTED_EDGE('',*,*,#1936,.F.);
#1230=ORIENTED_EDGE('',*,*,#1695,.F.);
#1231=ORIENTED_EDGE('',*,*,#1935,.T.);
#1232=ORIENTED_EDGE('',*,*,#1677,.F.);
#1233=ORIENTED_EDGE('',*,*,#1937,.F.);
#1234=ORIENTED_EDGE('',*,*,#1889,.F.);
#1235=ORIENTED_EDGE('',*,*,#1936,.T.);
#1236=ORIENTED_EDGE('',*,*,#1853,.F.);
#1237=ORIENTED_EDGE('',*,*,#1938,.F.);
#1238=ORIENTED_EDGE('',*,*,#1692,.F.);
#1239=ORIENTED_EDGE('',*,*,#1937,.T.);
#1240=ORIENTED_EDGE('',*,*,#1680,.F.);
#1241=ORIENTED_EDGE('',*,*,#1939,.F.);
#1242=ORIENTED_EDGE('',*,*,#1890,.F.);
#1243=ORIENTED_EDGE('',*,*,#1938,.T.);
#1244=ORIENTED_EDGE('',*,*,#1852,.F.);
#1245=ORIENTED_EDGE('',*,*,#1940,.F.);
#1246=ORIENTED_EDGE('',*,*,#1689,.F.);
#1247=ORIENTED_EDGE('',*,*,#1939,.T.);
#1248=ORIENTED_EDGE('',*,*,#1683,.F.);
#1249=ORIENTED_EDGE('',*,*,#1941,.F.);
#1250=ORIENTED_EDGE('',*,*,#1850,.F.);
#1251=ORIENTED_EDGE('',*,*,#1940,.T.);
#1252=ORIENTED_EDGE('',*,*,#1851,.F.);
#1253=ORIENTED_EDGE('',*,*,#1941,.T.);
#1254=ORIENTED_EDGE('',*,*,#1686,.F.);
#1255=ORIENTED_EDGE('',*,*,#1584,.F.);
#1256=ORIENTED_EDGE('',*,*,#1942,.T.);
#1257=ORIENTED_EDGE('',*,*,#1742,.F.);
#1258=ORIENTED_EDGE('',*,*,#1943,.F.);
#1259=ORIENTED_EDGE('',*,*,#1943,.T.);
#1260=ORIENTED_EDGE('',*,*,#1741,.F.);
#1261=ORIENTED_EDGE('',*,*,#1944,.F.);
#1262=ORIENTED_EDGE('',*,*,#1589,.F.);
#1263=ORIENTED_EDGE('',*,*,#1944,.T.);
#1264=ORIENTED_EDGE('',*,*,#1740,.F.);
#1265=ORIENTED_EDGE('',*,*,#1945,.F.);
#1266=ORIENTED_EDGE('',*,*,#1591,.F.);
#1267=ORIENTED_EDGE('',*,*,#1945,.T.);
#1268=ORIENTED_EDGE('',*,*,#1739,.F.);
#1269=ORIENTED_EDGE('',*,*,#1946,.F.);
#1270=ORIENTED_EDGE('',*,*,#1480,.F.);
#1271=ORIENTED_EDGE('',*,*,#1946,.T.);
#1272=ORIENTED_EDGE('',*,*,#1738,.F.);
#1273=ORIENTED_EDGE('',*,*,#1947,.F.);
#1274=ORIENTED_EDGE('',*,*,#1594,.F.);
#1275=ORIENTED_EDGE('',*,*,#1947,.T.);
#1276=ORIENTED_EDGE('',*,*,#1737,.F.);
#1277=ORIENTED_EDGE('',*,*,#1948,.F.);
#1278=ORIENTED_EDGE('',*,*,#1597,.F.);
#1279=ORIENTED_EDGE('',*,*,#1948,.T.);
#1280=ORIENTED_EDGE('',*,*,#1736,.F.);
#1281=ORIENTED_EDGE('',*,*,#1949,.F.);
#1282=ORIENTED_EDGE('',*,*,#1600,.F.);
#1283=ORIENTED_EDGE('',*,*,#1949,.T.);
#1284=ORIENTED_EDGE('',*,*,#1735,.F.);
#1285=ORIENTED_EDGE('',*,*,#1950,.F.);
#1286=ORIENTED_EDGE('',*,*,#1603,.F.);
#1287=ORIENTED_EDGE('',*,*,#1950,.T.);
#1288=ORIENTED_EDGE('',*,*,#1734,.F.);
#1289=ORIENTED_EDGE('',*,*,#1951,.F.);
#1290=ORIENTED_EDGE('',*,*,#1606,.F.);
#1291=ORIENTED_EDGE('',*,*,#1951,.T.);
#1292=ORIENTED_EDGE('',*,*,#1733,.F.);
#1293=ORIENTED_EDGE('',*,*,#1952,.F.);
#1294=ORIENTED_EDGE('',*,*,#1609,.F.);
#1295=ORIENTED_EDGE('',*,*,#1952,.T.);
#1296=ORIENTED_EDGE('',*,*,#1732,.F.);
#1297=ORIENTED_EDGE('',*,*,#1953,.F.);
#1298=ORIENTED_EDGE('',*,*,#1612,.F.);
#1299=ORIENTED_EDGE('',*,*,#1953,.T.);
#1300=ORIENTED_EDGE('',*,*,#1731,.F.);
#1301=ORIENTED_EDGE('',*,*,#1954,.F.);
#1302=ORIENTED_EDGE('',*,*,#1615,.F.);
#1303=ORIENTED_EDGE('',*,*,#1954,.T.);
#1304=ORIENTED_EDGE('',*,*,#1730,.F.);
#1305=ORIENTED_EDGE('',*,*,#1955,.F.);
#1306=ORIENTED_EDGE('',*,*,#1618,.F.);
#1307=ORIENTED_EDGE('',*,*,#1955,.T.);
#1308=ORIENTED_EDGE('',*,*,#1729,.F.);
#1309=ORIENTED_EDGE('',*,*,#1956,.F.);
#1310=ORIENTED_EDGE('',*,*,#1621,.F.);
#1311=ORIENTED_EDGE('',*,*,#1956,.T.);
#1312=ORIENTED_EDGE('',*,*,#1728,.F.);
#1313=ORIENTED_EDGE('',*,*,#1957,.F.);
#1314=ORIENTED_EDGE('',*,*,#1624,.F.);
#1315=ORIENTED_EDGE('',*,*,#1957,.T.);
#1316=ORIENTED_EDGE('',*,*,#1727,.F.);
#1317=ORIENTED_EDGE('',*,*,#1958,.F.);
#1318=ORIENTED_EDGE('',*,*,#1627,.F.);
#1319=ORIENTED_EDGE('',*,*,#1958,.T.);
#1320=ORIENTED_EDGE('',*,*,#1726,.F.);
#1321=ORIENTED_EDGE('',*,*,#1959,.F.);
#1322=ORIENTED_EDGE('',*,*,#1630,.F.);
#1323=ORIENTED_EDGE('',*,*,#1959,.T.);
#1324=ORIENTED_EDGE('',*,*,#1725,.F.);
#1325=ORIENTED_EDGE('',*,*,#1960,.F.);
#1326=ORIENTED_EDGE('',*,*,#1633,.F.);
#1327=ORIENTED_EDGE('',*,*,#1960,.T.);
#1328=ORIENTED_EDGE('',*,*,#1724,.F.);
#1329=ORIENTED_EDGE('',*,*,#1961,.F.);
#1330=ORIENTED_EDGE('',*,*,#1636,.F.);
#1331=ORIENTED_EDGE('',*,*,#1961,.T.);
#1332=ORIENTED_EDGE('',*,*,#1723,.F.);
#1333=ORIENTED_EDGE('',*,*,#1962,.F.);
#1334=ORIENTED_EDGE('',*,*,#1639,.F.);
#1335=ORIENTED_EDGE('',*,*,#1962,.T.);
#1336=ORIENTED_EDGE('',*,*,#1722,.F.);
#1337=ORIENTED_EDGE('',*,*,#1963,.F.);
#1338=ORIENTED_EDGE('',*,*,#1642,.F.);
#1339=ORIENTED_EDGE('',*,*,#1963,.T.);
#1340=ORIENTED_EDGE('',*,*,#1721,.F.);
#1341=ORIENTED_EDGE('',*,*,#1964,.F.);
#1342=ORIENTED_EDGE('',*,*,#1645,.F.);
#1343=ORIENTED_EDGE('',*,*,#1964,.T.);
#1344=ORIENTED_EDGE('',*,*,#1720,.F.);
#1345=ORIENTED_EDGE('',*,*,#1965,.F.);
#1346=ORIENTED_EDGE('',*,*,#1648,.F.);
#1347=ORIENTED_EDGE('',*,*,#1965,.T.);
#1348=ORIENTED_EDGE('',*,*,#1719,.F.);
#1349=ORIENTED_EDGE('',*,*,#1966,.F.);
#1350=ORIENTED_EDGE('',*,*,#1651,.F.);
#1351=ORIENTED_EDGE('',*,*,#1966,.T.);
#1352=ORIENTED_EDGE('',*,*,#1718,.F.);
#1353=ORIENTED_EDGE('',*,*,#1967,.F.);
#1354=ORIENTED_EDGE('',*,*,#1654,.F.);
#1355=ORIENTED_EDGE('',*,*,#1967,.T.);
#1356=ORIENTED_EDGE('',*,*,#1717,.F.);
#1357=ORIENTED_EDGE('',*,*,#1968,.F.);
#1358=ORIENTED_EDGE('',*,*,#1657,.F.);
#1359=ORIENTED_EDGE('',*,*,#1968,.T.);
#1360=ORIENTED_EDGE('',*,*,#1716,.F.);
#1361=ORIENTED_EDGE('',*,*,#1969,.F.);
#1362=ORIENTED_EDGE('',*,*,#1660,.F.);
#1363=ORIENTED_EDGE('',*,*,#1969,.T.);
#1364=ORIENTED_EDGE('',*,*,#1715,.F.);
#1365=ORIENTED_EDGE('',*,*,#1970,.F.);
#1366=ORIENTED_EDGE('',*,*,#1663,.F.);
#1367=ORIENTED_EDGE('',*,*,#1970,.T.);
#1368=ORIENTED_EDGE('',*,*,#1714,.F.);
#1369=ORIENTED_EDGE('',*,*,#1971,.F.);
#1370=ORIENTED_EDGE('',*,*,#1666,.F.);
#1371=ORIENTED_EDGE('',*,*,#1971,.T.);
#1372=ORIENTED_EDGE('',*,*,#1713,.F.);
#1373=ORIENTED_EDGE('',*,*,#1972,.F.);
#1374=ORIENTED_EDGE('',*,*,#1669,.F.);
#1375=ORIENTED_EDGE('',*,*,#1972,.T.);
#1376=ORIENTED_EDGE('',*,*,#1712,.F.);
#1377=ORIENTED_EDGE('',*,*,#1973,.F.);
#1378=ORIENTED_EDGE('',*,*,#1672,.F.);
#1379=ORIENTED_EDGE('',*,*,#1973,.T.);
#1380=ORIENTED_EDGE('',*,*,#1711,.F.);
#1381=ORIENTED_EDGE('',*,*,#1974,.F.);
#1382=ORIENTED_EDGE('',*,*,#1675,.F.);
#1383=ORIENTED_EDGE('',*,*,#1974,.T.);
#1384=ORIENTED_EDGE('',*,*,#1710,.F.);
#1385=ORIENTED_EDGE('',*,*,#1975,.F.);
#1386=ORIENTED_EDGE('',*,*,#1678,.F.);
#1387=ORIENTED_EDGE('',*,*,#1975,.T.);
#1388=ORIENTED_EDGE('',*,*,#1709,.F.);
#1389=ORIENTED_EDGE('',*,*,#1976,.F.);
#1390=ORIENTED_EDGE('',*,*,#1681,.F.);
#1391=ORIENTED_EDGE('',*,*,#1976,.T.);
#1392=ORIENTED_EDGE('',*,*,#1708,.F.);
#1393=ORIENTED_EDGE('',*,*,#1977,.F.);
#1394=ORIENTED_EDGE('',*,*,#1684,.F.);
#1395=ORIENTED_EDGE('',*,*,#1977,.T.);
#1396=ORIENTED_EDGE('',*,*,#1707,.F.);
#1397=ORIENTED_EDGE('',*,*,#1978,.F.);
#1398=ORIENTED_EDGE('',*,*,#1687,.F.);
#1399=ORIENTED_EDGE('',*,*,#1978,.T.);
#1400=ORIENTED_EDGE('',*,*,#1706,.F.);
#1401=ORIENTED_EDGE('',*,*,#1979,.F.);
#1402=ORIENTED_EDGE('',*,*,#1690,.F.);
#1403=ORIENTED_EDGE('',*,*,#1979,.T.);
#1404=ORIENTED_EDGE('',*,*,#1705,.F.);
#1405=ORIENTED_EDGE('',*,*,#1980,.F.);
#1406=ORIENTED_EDGE('',*,*,#1693,.F.);
#1407=ORIENTED_EDGE('',*,*,#1980,.T.);
#1408=ORIENTED_EDGE('',*,*,#1704,.F.);
#1409=ORIENTED_EDGE('',*,*,#1981,.F.);
#1410=ORIENTED_EDGE('',*,*,#1696,.F.);
#1411=ORIENTED_EDGE('',*,*,#1981,.T.);
#1412=ORIENTED_EDGE('',*,*,#1703,.F.);
#1413=ORIENTED_EDGE('',*,*,#1982,.F.);
#1414=ORIENTED_EDGE('',*,*,#1698,.F.);
#1415=ORIENTED_EDGE('',*,*,#1702,.F.);
#1416=ORIENTED_EDGE('',*,*,#1983,.T.);
#1417=ORIENTED_EDGE('',*,*,#1576,.F.);
#1418=ORIENTED_EDGE('',*,*,#1982,.T.);
#1419=ORIENTED_EDGE('',*,*,#1984,.F.);
#1420=ORIENTED_EDGE('',*,*,#1476,.F.);
#1421=ORIENTED_EDGE('',*,*,#1985,.F.);
#1422=ORIENTED_EDGE('',*,*,#1899,.F.);
#1423=ORIENTED_EDGE('',*,*,#1985,.T.);
#1424=ORIENTED_EDGE('',*,*,#1475,.F.);
#1425=ORIENTED_EDGE('',*,*,#1986,.F.);
#1426=ORIENTED_EDGE('',*,*,#1897,.F.);
#1427=ORIENTED_EDGE('',*,*,#1984,.T.);
#1428=ORIENTED_EDGE('',*,*,#1900,.F.);
#1429=ORIENTED_EDGE('',*,*,#1987,.F.);
#1430=ORIENTED_EDGE('',*,*,#1473,.F.);
#1431=ORIENTED_EDGE('',*,*,#1986,.T.);
#1432=ORIENTED_EDGE('',*,*,#1474,.F.);
#1433=ORIENTED_EDGE('',*,*,#1987,.T.);
#1434=ORIENTED_EDGE('',*,*,#1894,.F.);
#1435=ORIENTED_EDGE('',*,*,#1988,.F.);
#1436=ORIENTED_EDGE('',*,*,#1582,.F.);
#1437=ORIENTED_EDGE('',*,*,#1989,.F.);
#1438=ORIENTED_EDGE('',*,*,#1891,.F.);
#1439=ORIENTED_EDGE('',*,*,#1573,.F.);
#1440=ORIENTED_EDGE('',*,*,#1990,.F.);
#1441=ORIENTED_EDGE('',*,*,#1583,.F.);
#1442=ORIENTED_EDGE('',*,*,#1988,.T.);
#1443=ORIENTED_EDGE('',*,*,#1991,.F.);
#1444=ORIENTED_EDGE('',*,*,#1990,.T.);
#1445=ORIENTED_EDGE('',*,*,#1572,.F.);
#1446=ORIENTED_EDGE('',*,*,#1992,.F.);
#1447=ORIENTED_EDGE('',*,*,#1942,.F.);
#1448=ORIENTED_EDGE('',*,*,#1989,.T.);
#1449=ORIENTED_EDGE('',*,*,#1578,.F.);
#1450=ORIENTED_EDGE('',*,*,#1993,.F.);
#1451=ORIENTED_EDGE('',*,*,#1892,.F.);
#1452=ORIENTED_EDGE('',*,*,#1991,.T.);
#1453=ORIENTED_EDGE('',*,*,#1992,.T.);
#1454=ORIENTED_EDGE('',*,*,#1571,.F.);
#1455=ORIENTED_EDGE('',*,*,#1994,.F.);
#1456=ORIENTED_EDGE('',*,*,#1743,.F.);
#1457=ORIENTED_EDGE('',*,*,#1993,.T.);
#1458=ORIENTED_EDGE('',*,*,#1577,.F.);
#1459=ORIENTED_EDGE('',*,*,#1995,.F.);
#1460=ORIENTED_EDGE('',*,*,#1568,.F.);
#1461=ORIENTED_EDGE('',*,*,#1994,.T.);
#1462=ORIENTED_EDGE('',*,*,#1569,.F.);
#1463=ORIENTED_EDGE('',*,*,#1996,.F.);
#1464=ORIENTED_EDGE('',*,*,#1700,.F.);
#1465=ORIENTED_EDGE('',*,*,#1995,.T.);
#1466=ORIENTED_EDGE('',*,*,#1983,.F.);
#1467=ORIENTED_EDGE('',*,*,#1997,.F.);
#1468=ORIENTED_EDGE('',*,*,#1563,.F.);
#1469=ORIENTED_EDGE('',*,*,#1996,.T.);
#1470=ORIENTED_EDGE('',*,*,#1564,.F.);
#1471=ORIENTED_EDGE('',*,*,#1997,.T.);
#1472=ORIENTED_EDGE('',*,*,#1701,.F.);
#1473=EDGE_CURVE('',#1998,#1999,#2323,.T.);
#1474=EDGE_CURVE('',#1999,#2000,#171,.F.);
#1475=EDGE_CURVE('',#2000,#2001,#2324,.T.);
#1476=EDGE_CURVE('',#2001,#1998,#172,.F.);
#1477=EDGE_CURVE('',#2002,#2003,#2325,.T.);
#1478=EDGE_CURVE('',#2002,#2004,#2326,.T.);
#1479=EDGE_CURVE('',#2004,#2005,#2327,.T.);
#1480=EDGE_CURVE('',#2005,#2003,#2328,.F.);
#1481=EDGE_CURVE('',#2006,#2007,#2329,.T.);
#1482=EDGE_CURVE('',#2008,#2007,#2330,.T.);
#1483=EDGE_CURVE('',#2009,#2008,#2331,.T.);
#1484=EDGE_CURVE('',#2009,#2006,#2332,.T.);
#1485=EDGE_CURVE('',#2010,#2011,#2333,.T.);
#1486=EDGE_CURVE('',#2012,#2011,#173,.F.);
#1487=EDGE_CURVE('',#2012,#2013,#2334,.T.);
#1488=EDGE_CURVE('',#2010,#2013,#174,.F.);
#1489=EDGE_CURVE('',#2014,#2015,#2335,.T.);
#1490=EDGE_CURVE('',#2014,#2016,#2336,.T.);
#1491=EDGE_CURVE('',#2016,#2017,#175,.T.);
#1492=EDGE_CURVE('',#2018,#2017,#2337,.T.);
#1493=EDGE_CURVE('',#2018,#2019,#176,.T.);
#1494=EDGE_CURVE('',#2015,#2019,#2338,.T.);
#1495=EDGE_CURVE('',#2020,#2021,#2339,.T.);
#1496=EDGE_CURVE('',#2020,#2022,#2340,.T.);
#1497=EDGE_CURVE('',#2022,#2023,#177,.T.);
#1498=EDGE_CURVE('',#2024,#2023,#2341,.T.);
#1499=EDGE_CURVE('',#2024,#2025,#178,.T.);
#1500=EDGE_CURVE('',#2021,#2025,#2342,.T.);
#1501=EDGE_CURVE('',#2026,#2026,#179,.T.);
#1502=EDGE_CURVE('',#2027,#2027,#180,.T.);
#1503=EDGE_CURVE('',#2028,#2028,#181,.T.);
#1504=EDGE_CURVE('',#2029,#2029,#182,.T.);
#1505=EDGE_CURVE('',#2030,#2030,#183,.T.);
#1506=EDGE_CURVE('',#2031,#2032,#2343,.T.);
#1507=EDGE_CURVE('',#2033,#2031,#2344,.T.);
#1508=EDGE_CURVE('',#2034,#2033,#2345,.T.);
#1509=EDGE_CURVE('',#2034,#2035,#2346,.T.);
#1510=EDGE_CURVE('',#2036,#2035,#2347,.T.);
#1511=EDGE_CURVE('',#2036,#2037,#184,.T.);
#1512=EDGE_CURVE('',#2038,#2037,#2348,.T.);
#1513=EDGE_CURVE('',#2038,#2007,#185,.T.);
#1514=EDGE_CURVE('',#2039,#2006,#186,.T.);
#1515=EDGE_CURVE('',#2040,#2039,#2349,.T.);
#1516=EDGE_CURVE('',#2040,#2041,#187,.T.);
#1517=EDGE_CURVE('',#2042,#2041,#2350,.T.);
#1518=EDGE_CURVE('',#2043,#2042,#188,.T.);
#1519=EDGE_CURVE('',#2044,#2043,#2351,.T.);
#1520=EDGE_CURVE('',#2044,#2045,#189,.T.);
#1521=EDGE_CURVE('',#2046,#2045,#2352,.T.);
#1522=EDGE_CURVE('',#2047,#2046,#190,.T.);
#1523=EDGE_CURVE('',#2048,#2047,#2353,.T.);
#1524=EDGE_CURVE('',#2048,#2049,#191,.T.);
#1525=EDGE_CURVE('',#2050,#2049,#2354,.T.);
#1526=EDGE_CURVE('',#2050,#2051,#192,.T.);
#1527=EDGE_CURVE('',#2052,#2051,#2355,.T.);
#1528=EDGE_CURVE('',#2053,#2052,#193,.T.);
#1529=EDGE_CURVE('',#2054,#2053,#2356,.T.);
#1530=EDGE_CURVE('',#2054,#2055,#194,.T.);
#1531=EDGE_CURVE('',#2056,#2055,#2357,.T.);
#1532=EDGE_CURVE('',#2057,#2056,#195,.T.);
#1533=EDGE_CURVE('',#2058,#2057,#2358,.T.);
#1534=EDGE_CURVE('',#2058,#2059,#196,.T.);
#1535=EDGE_CURVE('',#2060,#2059,#2359,.T.);
#1536=EDGE_CURVE('',#2060,#2061,#2360,.T.);
#1537=EDGE_CURVE('',#2062,#2061,#197,.T.);
#1538=EDGE_CURVE('',#2062,#2063,#2361,.T.);
#1539=EDGE_CURVE('',#2064,#2063,#198,.T.);
#1540=EDGE_CURVE('',#2065,#2064,#2362,.T.);
#1541=EDGE_CURVE('',#2066,#2065,#2363,.T.);
#1542=EDGE_CURVE('',#2066,#2067,#2364,.T.);
#1543=EDGE_CURVE('',#2068,#2067,#199,.T.);
#1544=EDGE_CURVE('',#2068,#2069,#2365,.T.);
#1545=EDGE_CURVE('',#2070,#2069,#200,.T.);
#1546=EDGE_CURVE('',#2071,#2070,#2366,.T.);
#1547=EDGE_CURVE('',#2072,#2071,#2367,.T.);
#1548=EDGE_CURVE('',#2072,#2073,#201,.T.);
#1549=EDGE_CURVE('',#2074,#2073,#2368,.T.);
#1550=EDGE_CURVE('',#2074,#2075,#202,.T.);
#1551=EDGE_CURVE('',#2076,#2075,#2369,.T.);
#1552=EDGE_CURVE('',#2077,#2076,#203,.T.);
#1553=EDGE_CURVE('',#2078,#2077,#2370,.T.);
#1554=EDGE_CURVE('',#2079,#2078,#204,.T.);
#1555=EDGE_CURVE('',#2080,#2079,#2371,.T.);
#1556=EDGE_CURVE('',#2080,#2081,#205,.T.);
#1557=EDGE_CURVE('',#2082,#2081,#2372,.T.);
#1558=EDGE_CURVE('',#2083,#2082,#206,.T.);
#1559=EDGE_CURVE('',#2084,#2083,#2373,.T.);
#1560=EDGE_CURVE('',#2085,#2084,#207,.T.);
#1561=EDGE_CURVE('',#2086,#2085,#2374,.T.);
#1562=EDGE_CURVE('',#2086,#2032,#208,.T.);
#1563=EDGE_CURVE('',#2087,#2088,#209,.T.);
#1564=EDGE_CURVE('',#2088,#2089,#2375,.F.);
#1565=EDGE_CURVE('',#2033,#2089,#2376,.T.);
#1566=EDGE_CURVE('',#2090,#2031,#2377,.T.);
#1567=EDGE_CURVE('',#2090,#2091,#2378,.T.);
#1568=EDGE_CURVE('',#2091,#2087,#2379,.T.);
#1569=EDGE_CURVE('',#2089,#2092,#2380,.F.);
#1570=EDGE_CURVE('',#2034,#2092,#2381,.T.);
#1571=EDGE_CURVE('',#2092,#2093,#2382,.T.);
#1572=EDGE_CURVE('',#2093,#2094,#167,.T.);
#1573=EDGE_CURVE('',#2094,#2095,#2383,.F.);
#1574=EDGE_CURVE('',#2096,#2095,#2384,.T.);
#1575=EDGE_CURVE('',#2096,#2035,#2385,.T.);
#1576=EDGE_CURVE('',#2097,#2098,#2386,.F.);
#1577=EDGE_CURVE('',#2098,#2099,#2387,.F.);
#1578=EDGE_CURVE('',#2099,#2100,#2388,.F.);
#1579=EDGE_CURVE('',#2101,#2100,#2389,.T.);
#1580=EDGE_CURVE('',#2101,#2102,#2390,.T.);
#1581=EDGE_CURVE('',#2102,#2097,#2391,.T.);
#1582=EDGE_CURVE('',#2100,#2103,#210,.T.);
#1583=EDGE_CURVE('',#2103,#2104,#2392,.T.);
#1584=EDGE_CURVE('',#2104,#2105,#211,.T.);
#1585=EDGE_CURVE('',#2106,#2105,#2393,.T.);
#1586=EDGE_CURVE('',#2106,#2101,#212,.F.);
#1587=EDGE_CURVE('',#2107,#2108,#2394,.T.);
#1588=EDGE_CURVE('',#2107,#2106,#2395,.T.);
#1589=EDGE_CURVE('',#2105,#2108,#2396,.F.);
#1590=EDGE_CURVE('',#2004,#2107,#213,.F.);
#1591=EDGE_CURVE('',#2108,#2005,#214,.T.);
#1592=EDGE_CURVE('',#2109,#2110,#2397,.T.);
#1593=EDGE_CURVE('',#2109,#2002,#215,.T.);
#1594=EDGE_CURVE('',#2003,#2110,#216,.F.);
#1595=EDGE_CURVE('',#2111,#2112,#2398,.T.);
#1596=EDGE_CURVE('',#2111,#2109,#2399,.T.);
#1597=EDGE_CURVE('',#2110,#2112,#2400,.F.);
#1598=EDGE_CURVE('',#2113,#2114,#2401,.T.);
#1599=EDGE_CURVE('',#2113,#2111,#217,.F.);
#1600=EDGE_CURVE('',#2112,#2114,#218,.T.);
#1601=EDGE_CURVE('',#2115,#2116,#2402,.T.);
#1602=EDGE_CURVE('',#2115,#2113,#2403,.T.);
#1603=EDGE_CURVE('',#2114,#2116,#2404,.F.);
#1604=EDGE_CURVE('',#2117,#2118,#2405,.T.);
#1605=EDGE_CURVE('',#2117,#2115,#219,.T.);
#1606=EDGE_CURVE('',#2116,#2118,#220,.F.);
#1607=EDGE_CURVE('',#2119,#2120,#2406,.T.);
#1608=EDGE_CURVE('',#2119,#2117,#221,.F.);
#1609=EDGE_CURVE('',#2118,#2120,#222,.T.);
#1610=EDGE_CURVE('',#2121,#2122,#2407,.T.);
#1611=EDGE_CURVE('',#2121,#2119,#2408,.T.);
#1612=EDGE_CURVE('',#2120,#2122,#2409,.F.);
#1613=EDGE_CURVE('',#2123,#2124,#2410,.T.);
#1614=EDGE_CURVE('',#2123,#2121,#223,.T.);
#1615=EDGE_CURVE('',#2122,#2124,#224,.F.);
#1616=EDGE_CURVE('',#2125,#2126,#2411,.T.);
#1617=EDGE_CURVE('',#2125,#2123,#2412,.T.);
#1618=EDGE_CURVE('',#2124,#2126,#2413,.F.);
#1619=EDGE_CURVE('',#2127,#2128,#2414,.T.);
#1620=EDGE_CURVE('',#2127,#2125,#225,.F.);
#1621=EDGE_CURVE('',#2126,#2128,#226,.T.);
#1622=EDGE_CURVE('',#2129,#2130,#2415,.T.);
#1623=EDGE_CURVE('',#2129,#2127,#2416,.T.);
#1624=EDGE_CURVE('',#2128,#2130,#2417,.F.);
#1625=EDGE_CURVE('',#2131,#2132,#2418,.T.);
#1626=EDGE_CURVE('',#2131,#2129,#227,.F.);
#1627=EDGE_CURVE('',#2130,#2132,#228,.T.);
#1628=EDGE_CURVE('',#2133,#2134,#2419,.T.);
#1629=EDGE_CURVE('',#2133,#2131,#2420,.T.);
#1630=EDGE_CURVE('',#2132,#2134,#2421,.F.);
#1631=EDGE_CURVE('',#2135,#2136,#2422,.T.);
#1632=EDGE_CURVE('',#2135,#2133,#229,.T.);
#1633=EDGE_CURVE('',#2134,#2136,#230,.F.);
#1634=EDGE_CURVE('',#2137,#2138,#2423,.T.);
#1635=EDGE_CURVE('',#2137,#2135,#2424,.T.);
#1636=EDGE_CURVE('',#2136,#2138,#2425,.F.);
#1637=EDGE_CURVE('',#2139,#2140,#2426,.T.);
#1638=EDGE_CURVE('',#2139,#2137,#231,.F.);
#1639=EDGE_CURVE('',#2138,#2140,#232,.T.);
#1640=EDGE_CURVE('',#2141,#2142,#2427,.T.);
#1641=EDGE_CURVE('',#2141,#2139,#2428,.T.);
#1642=EDGE_CURVE('',#2140,#2142,#2429,.F.);
#1643=EDGE_CURVE('',#2143,#2144,#2430,.T.);
#1644=EDGE_CURVE('',#2143,#2141,#233,.T.);
#1645=EDGE_CURVE('',#2142,#2144,#234,.F.);
#1646=EDGE_CURVE('',#2145,#2146,#2431,.T.);
#1647=EDGE_CURVE('',#2145,#2143,#2432,.T.);
#1648=EDGE_CURVE('',#2144,#2146,#2433,.F.);
#1649=EDGE_CURVE('',#2147,#2148,#2434,.T.);
#1650=EDGE_CURVE('',#2147,#2145,#235,.F.);
#1651=EDGE_CURVE('',#2146,#2148,#236,.T.);
#1652=EDGE_CURVE('',#2149,#2150,#2435,.T.);
#1653=EDGE_CURVE('',#2149,#2147,#2436,.T.);
#1654=EDGE_CURVE('',#2148,#2150,#2437,.F.);
#1655=EDGE_CURVE('',#2151,#2152,#2438,.T.);
#1656=EDGE_CURVE('',#2151,#2149,#237,.F.);
#1657=EDGE_CURVE('',#2150,#2152,#238,.T.);
#1658=EDGE_CURVE('',#2153,#2154,#2439,.T.);
#1659=EDGE_CURVE('',#2153,#2151,#2440,.T.);
#1660=EDGE_CURVE('',#2152,#2154,#2441,.F.);
#1661=EDGE_CURVE('',#2155,#2156,#2442,.T.);
#1662=EDGE_CURVE('',#2155,#2153,#239,.F.);
#1663=EDGE_CURVE('',#2154,#2156,#240,.T.);
#1664=EDGE_CURVE('',#2157,#2158,#2443,.T.);
#1665=EDGE_CURVE('',#2157,#2155,#2444,.T.);
#1666=EDGE_CURVE('',#2156,#2158,#2445,.F.);
#1667=EDGE_CURVE('',#2159,#2160,#2446,.T.);
#1668=EDGE_CURVE('',#2159,#2157,#241,.T.);
#1669=EDGE_CURVE('',#2158,#2160,#242,.F.);
#1670=EDGE_CURVE('',#2161,#2162,#2447,.T.);
#1671=EDGE_CURVE('',#2161,#2159,#2448,.T.);
#1672=EDGE_CURVE('',#2160,#2162,#2449,.F.);
#1673=EDGE_CURVE('',#2163,#2164,#2450,.T.);
#1674=EDGE_CURVE('',#2163,#2161,#243,.T.);
#1675=EDGE_CURVE('',#2162,#2164,#244,.F.);
#1676=EDGE_CURVE('',#2165,#2166,#2451,.T.);
#1677=EDGE_CURVE('',#2165,#2163,#2452,.T.);
#1678=EDGE_CURVE('',#2164,#2166,#2453,.F.);
#1679=EDGE_CURVE('',#2167,#2168,#2454,.T.);
#1680=EDGE_CURVE('',#2167,#2165,#245,.F.);
#1681=EDGE_CURVE('',#2166,#2168,#246,.T.);
#1682=EDGE_CURVE('',#2169,#2170,#2455,.T.);
#1683=EDGE_CURVE('',#2169,#2167,#2456,.T.);
#1684=EDGE_CURVE('',#2168,#2170,#2457,.F.);
#1685=EDGE_CURVE('',#2171,#2172,#2458,.T.);
#1686=EDGE_CURVE('',#2171,#2169,#247,.T.);
#1687=EDGE_CURVE('',#2170,#2172,#248,.F.);
#1688=EDGE_CURVE('',#2173,#2174,#2459,.T.);
#1689=EDGE_CURVE('',#2173,#2171,#2460,.T.);
#1690=EDGE_CURVE('',#2172,#2174,#2461,.F.);
#1691=EDGE_CURVE('',#2175,#2176,#2462,.T.);
#1692=EDGE_CURVE('',#2175,#2173,#249,.T.);
#1693=EDGE_CURVE('',#2174,#2176,#250,.F.);
#1694=EDGE_CURVE('',#2177,#2178,#2463,.T.);
#1695=EDGE_CURVE('',#2177,#2175,#2464,.T.);
#1696=EDGE_CURVE('',#2176,#2178,#2465,.F.);
#1697=EDGE_CURVE('',#2102,#2177,#251,.F.);
#1698=EDGE_CURVE('',#2178,#2097,#252,.T.);
#1699=EDGE_CURVE('',#2179,#2179,#253,.T.);
#1700=EDGE_CURVE('',#2180,#2181,#2466,.T.);
#1701=EDGE_CURVE('',#2181,#2182,#2467,.T.);
#1702=EDGE_CURVE('',#2182,#2183,#2468,.T.);
#1703=EDGE_CURVE('',#2183,#2184,#254,.F.);
#1704=EDGE_CURVE('',#2184,#2185,#2469,.T.);
#1705=EDGE_CURVE('',#2185,#2186,#255,.T.);
#1706=EDGE_CURVE('',#2186,#2187,#2470,.T.);
#1707=EDGE_CURVE('',#2187,#2188,#256,.T.);
#1708=EDGE_CURVE('',#2188,#2189,#2471,.T.);
#1709=EDGE_CURVE('',#2189,#2190,#257,.F.);
#1710=EDGE_CURVE('',#2190,#2191,#2472,.T.);
#1711=EDGE_CURVE('',#2191,#2192,#258,.T.);
#1712=EDGE_CURVE('',#2192,#2193,#2473,.T.);
#1713=EDGE_CURVE('',#2193,#2194,#259,.T.);
#1714=EDGE_CURVE('',#2194,#2195,#2474,.T.);
#1715=EDGE_CURVE('',#2195,#2196,#260,.F.);
#1716=EDGE_CURVE('',#2196,#2197,#2475,.T.);
#1717=EDGE_CURVE('',#2197,#2198,#261,.F.);
#1718=EDGE_CURVE('',#2198,#2199,#2476,.T.);
#1719=EDGE_CURVE('',#2199,#2200,#262,.F.);
#1720=EDGE_CURVE('',#2200,#2201,#2477,.T.);
#1721=EDGE_CURVE('',#2201,#2202,#263,.T.);
#1722=EDGE_CURVE('',#2202,#2203,#2478,.T.);
#1723=EDGE_CURVE('',#2203,#2204,#264,.F.);
#1724=EDGE_CURVE('',#2204,#2205,#2479,.T.);
#1725=EDGE_CURVE('',#2205,#2206,#265,.T.);
#1726=EDGE_CURVE('',#2206,#2207,#2480,.T.);
#1727=EDGE_CURVE('',#2207,#2208,#266,.F.);
#1728=EDGE_CURVE('',#2208,#2209,#2481,.T.);
#1729=EDGE_CURVE('',#2209,#2210,#267,.F.);
#1730=EDGE_CURVE('',#2210,#2211,#2482,.T.);
#1731=EDGE_CURVE('',#2211,#2212,#268,.T.);
#1732=EDGE_CURVE('',#2212,#2213,#2483,.T.);
#1733=EDGE_CURVE('',#2213,#2214,#269,.F.);
#1734=EDGE_CURVE('',#2214,#2215,#270,.T.);
#1735=EDGE_CURVE('',#2215,#2216,#2484,.T.);
#1736=EDGE_CURVE('',#2216,#2217,#271,.F.);
#1737=EDGE_CURVE('',#2217,#2218,#2485,.T.);
#1738=EDGE_CURVE('',#2218,#2219,#272,.T.);
#1739=EDGE_CURVE('',#2219,#2220,#2486,.T.);
#1740=EDGE_CURVE('',#2220,#2221,#273,.F.);
#1741=EDGE_CURVE('',#2221,#2222,#2487,.T.);
#1742=EDGE_CURVE('',#2222,#2223,#274,.F.);
#1743=EDGE_CURVE('',#2223,#2180,#2488,.F.);
#1744=EDGE_CURVE('',#2224,#2224,#275,.T.);
#1745=EDGE_CURVE('',#2225,#2225,#276,.F.);
#1746=EDGE_CURVE('',#2226,#2226,#277,.T.);
#1747=EDGE_CURVE('',#2227,#2227,#278,.T.);
#1748=EDGE_CURVE('',#2228,#2228,#279,.F.);
#1749=EDGE_CURVE('',#2229,#2229,#280,.T.);
#1750=EDGE_CURVE('',#2230,#2230,#281,.T.);
#1751=EDGE_CURVE('',#2231,#2231,#282,.F.);
#1752=EDGE_CURVE('',#2232,#2232,#283,.T.);
#1753=EDGE_CURVE('',#2233,#2233,#284,.T.);
#1754=EDGE_CURVE('',#2234,#2234,#285,.F.);
#1755=EDGE_CURVE('',#2235,#2235,#286,.T.);
#1756=EDGE_CURVE('',#2014,#2071,#2489,.T.);
#1757=EDGE_CURVE('',#2015,#2066,#2490,.T.);
#1758=EDGE_CURVE('',#2020,#2065,#2491,.T.);
#1759=EDGE_CURVE('',#2021,#2060,#2492,.T.);
#1760=EDGE_CURVE('',#2236,#2059,#2493,.T.);
#1761=EDGE_CURVE('',#2237,#2236,#2494,.T.);
#1762=EDGE_CURVE('',#2237,#2072,#2495,.T.);
#1763=EDGE_CURVE('',#2016,#2070,#2496,.T.);
#1764=EDGE_CURVE('',#2017,#2069,#2497,.T.);
#1765=EDGE_CURVE('',#2018,#2068,#2498,.T.);
#1766=EDGE_CURVE('',#2019,#2067,#2499,.T.);
#1767=EDGE_CURVE('',#2022,#2064,#2500,.T.);
#1768=EDGE_CURVE('',#2023,#2063,#2501,.T.);
#1769=EDGE_CURVE('',#2024,#2062,#2502,.T.);
#1770=EDGE_CURVE('',#2025,#2061,#2503,.T.);
#1771=EDGE_CURVE('',#2238,#2058,#2504,.T.);
#1772=EDGE_CURVE('',#2238,#2236,#287,.T.);
#1773=EDGE_CURVE('',#2239,#2057,#2505,.T.);
#1774=EDGE_CURVE('',#2238,#2239,#2506,.T.);
#1775=EDGE_CURVE('',#2240,#2056,#2507,.T.);
#1776=EDGE_CURVE('',#2239,#2240,#288,.T.);
#1777=EDGE_CURVE('',#2241,#2055,#2508,.T.);
#1778=EDGE_CURVE('',#2240,#2241,#2509,.T.);
#1779=EDGE_CURVE('',#2242,#2054,#2510,.T.);
#1780=EDGE_CURVE('',#2242,#2241,#289,.T.);
#1781=EDGE_CURVE('',#2243,#2053,#2511,.T.);
#1782=EDGE_CURVE('',#2242,#2243,#2512,.T.);
#1783=EDGE_CURVE('',#2244,#2052,#2513,.T.);
#1784=EDGE_CURVE('',#2243,#2244,#290,.T.);
#1785=EDGE_CURVE('',#2245,#2051,#2514,.T.);
#1786=EDGE_CURVE('',#2244,#2245,#2515,.T.);
#1787=EDGE_CURVE('',#2246,#2050,#2516,.T.);
#1788=EDGE_CURVE('',#2246,#2245,#291,.T.);
#1789=EDGE_CURVE('',#2247,#2049,#2517,.T.);
#1790=EDGE_CURVE('',#2246,#2247,#2518,.T.);
#1791=EDGE_CURVE('',#2248,#2048,#2519,.T.);
#1792=EDGE_CURVE('',#2248,#2247,#292,.T.);
#1793=EDGE_CURVE('',#2249,#2047,#2520,.T.);
#1794=EDGE_CURVE('',#2248,#2249,#2521,.T.);
#1795=EDGE_CURVE('',#2250,#2046,#2522,.T.);
#1796=EDGE_CURVE('',#2249,#2250,#293,.T.);
#1797=EDGE_CURVE('',#2251,#2045,#2523,.T.);
#1798=EDGE_CURVE('',#2250,#2251,#2524,.T.);
#1799=EDGE_CURVE('',#2252,#2044,#2525,.T.);
#1800=EDGE_CURVE('',#2252,#2251,#294,.T.);
#1801=EDGE_CURVE('',#2253,#2043,#2526,.T.);
#1802=EDGE_CURVE('',#2252,#2253,#2527,.T.);
#1803=EDGE_CURVE('',#2254,#2042,#2528,.T.);
#1804=EDGE_CURVE('',#2253,#2254,#295,.T.);
#1805=EDGE_CURVE('',#2255,#2041,#2529,.T.);
#1806=EDGE_CURVE('',#2254,#2255,#2530,.T.);
#1807=EDGE_CURVE('',#2256,#2040,#2531,.T.);
#1808=EDGE_CURVE('',#2256,#2255,#296,.T.);
#1809=EDGE_CURVE('',#2257,#2039,#2532,.T.);
#1810=EDGE_CURVE('',#2256,#2257,#2533,.T.);
#1811=EDGE_CURVE('',#2257,#2009,#297,.T.);
#1812=EDGE_CURVE('',#2258,#2038,#2534,.T.);
#1813=EDGE_CURVE('',#2258,#2008,#298,.T.);
#1814=EDGE_CURVE('',#2259,#2037,#2535,.T.);
#1815=EDGE_CURVE('',#2258,#2259,#2536,.T.);
#1816=EDGE_CURVE('',#2260,#2036,#2537,.T.);
#1817=EDGE_CURVE('',#2260,#2259,#299,.T.);
#1818=EDGE_CURVE('',#2096,#2090,#2538,.T.);
#1819=EDGE_CURVE('',#2261,#2032,#2539,.T.);
#1820=EDGE_CURVE('',#2260,#2261,#2540,.T.);
#1821=EDGE_CURVE('',#2262,#2086,#2541,.T.);
#1822=EDGE_CURVE('',#2262,#2261,#300,.T.);
#1823=EDGE_CURVE('',#2263,#2085,#2542,.T.);
#1824=EDGE_CURVE('',#2262,#2263,#2543,.T.);
#1825=EDGE_CURVE('',#2264,#2084,#2544,.T.);
#1826=EDGE_CURVE('',#2263,#2264,#301,.T.);
#1827=EDGE_CURVE('',#2265,#2083,#2545,.T.);
#1828=EDGE_CURVE('',#2264,#2265,#2546,.T.);
#1829=EDGE_CURVE('',#2266,#2082,#2547,.T.);
#1830=EDGE_CURVE('',#2265,#2266,#302,.T.);
#1831=EDGE_CURVE('',#2267,#2081,#2548,.T.);
#1832=EDGE_CURVE('',#2266,#2267,#2549,.T.);
#1833=EDGE_CURVE('',#2268,#2080,#2550,.T.);
#1834=EDGE_CURVE('',#2268,#2267,#303,.T.);
#1835=EDGE_CURVE('',#2269,#2079,#2551,.T.);
#1836=EDGE_CURVE('',#2268,#2269,#2552,.T.);
#1837=EDGE_CURVE('',#2270,#2078,#2553,.T.);
#1838=EDGE_CURVE('',#2269,#2270,#304,.T.);
#1839=EDGE_CURVE('',#2271,#2077,#2554,.T.);
#1840=EDGE_CURVE('',#2270,#2271,#2555,.T.);
#1841=EDGE_CURVE('',#2272,#2076,#2556,.T.);
#1842=EDGE_CURVE('',#2271,#2272,#305,.T.);
#1843=EDGE_CURVE('',#2273,#2075,#2557,.T.);
#1844=EDGE_CURVE('',#2272,#2273,#2558,.T.);
#1845=EDGE_CURVE('',#2274,#2074,#2559,.T.);
#1846=EDGE_CURVE('',#2274,#2273,#306,.T.);
#1847=EDGE_CURVE('',#2275,#2073,#2560,.T.);
#1848=EDGE_CURVE('',#2274,#2275,#2561,.T.);
#1849=EDGE_CURVE('',#2237,#2275,#307,.T.);
#1850=EDGE_CURVE('',#2276,#2277,#2562,.F.);
#1851=EDGE_CURVE('',#2277,#2278,#308,.F.);
#1852=EDGE_CURVE('',#2278,#2279,#2563,.F.);
#1853=EDGE_CURVE('',#2279,#2280,#309,.F.);
#1854=EDGE_CURVE('',#2280,#2281,#2564,.F.);
#1855=EDGE_CURVE('',#2281,#2282,#310,.T.);
#1856=EDGE_CURVE('',#2282,#2283,#2565,.F.);
#1857=EDGE_CURVE('',#2283,#2284,#311,.T.);
#1858=EDGE_CURVE('',#2284,#2285,#2566,.F.);
#1859=EDGE_CURVE('',#2285,#2286,#312,.T.);
#1860=EDGE_CURVE('',#2286,#2287,#2567,.F.);
#1861=EDGE_CURVE('',#2287,#2288,#313,.F.);
#1862=EDGE_CURVE('',#2288,#2289,#2568,.F.);
#1863=EDGE_CURVE('',#2289,#2290,#314,.T.);
#1864=EDGE_CURVE('',#2290,#2291,#2569,.F.);
#1865=EDGE_CURVE('',#2291,#2292,#315,.F.);
#1866=EDGE_CURVE('',#2292,#2293,#316,.T.);
#1867=EDGE_CURVE('',#2293,#2294,#2570,.F.);
#1868=EDGE_CURVE('',#2294,#2295,#317,.F.);
#1869=EDGE_CURVE('',#2295,#2296,#2571,.F.);
#1870=EDGE_CURVE('',#2296,#2297,#318,.T.);
#1871=EDGE_CURVE('',#2297,#2298,#2572,.F.);
#1872=EDGE_CURVE('',#2298,#2299,#319,.T.);
#1873=EDGE_CURVE('',#2299,#2300,#2573,.F.);
#1874=EDGE_CURVE('',#2300,#2301,#320,.F.);
#1875=EDGE_CURVE('',#2301,#2302,#2574,.F.);
#1876=EDGE_CURVE('',#2302,#2303,#321,.T.);
#1877=EDGE_CURVE('',#2303,#2304,#2575,.F.);
#1878=EDGE_CURVE('',#2304,#2305,#322,.F.);
#1879=EDGE_CURVE('',#2305,#2306,#2576,.F.);
#1880=EDGE_CURVE('',#2306,#2307,#323,.T.);
#1881=EDGE_CURVE('',#2307,#2308,#2577,.F.);
#1882=EDGE_CURVE('',#2308,#2309,#324,.T.);
#1883=EDGE_CURVE('',#2309,#2310,#2578,.F.);
#1884=EDGE_CURVE('',#2310,#2311,#325,.T.);
#1885=EDGE_CURVE('',#2311,#2312,#2579,.F.);
#1886=EDGE_CURVE('',#2312,#2313,#326,.F.);
#1887=EDGE_CURVE('',#2313,#2314,#2580,.F.);
#1888=EDGE_CURVE('',#2314,#2315,#327,.F.);
#1889=EDGE_CURVE('',#2315,#2316,#2581,.F.);
#1890=EDGE_CURVE('',#2316,#2276,#328,.T.);
#1891=EDGE_CURVE('',#2095,#2317,#329,.T.);
#1892=EDGE_CURVE('',#2317,#2091,#2582,.T.);
#1893=EDGE_CURVE('',#2013,#2318,#2583,.T.);
#1894=EDGE_CURVE('',#2318,#2319,#330,.T.);
#1895=EDGE_CURVE('',#2010,#2319,#2584,.T.);
#1896=EDGE_CURVE('',#2012,#2320,#2585,.T.);
#1897=EDGE_CURVE('',#2320,#2318,#2586,.F.);
#1898=EDGE_CURVE('',#2011,#2321,#2587,.T.);
#1899=EDGE_CURVE('',#2321,#2320,#331,.T.);
#1900=EDGE_CURVE('',#2319,#2321,#2588,.F.);
#1901=EDGE_CURVE('',#2127,#2297,#332,.T.);
#1902=EDGE_CURVE('',#2298,#2129,#333,.T.);
#1903=EDGE_CURVE('',#2299,#2131,#334,.T.);
#1904=EDGE_CURVE('',#2125,#2296,#335,.T.);
#1905=EDGE_CURVE('',#2300,#2133,#336,.T.);
#1906=EDGE_CURVE('',#2123,#2295,#337,.T.);
#1907=EDGE_CURVE('',#2301,#2135,#338,.T.);
#1908=EDGE_CURVE('',#2121,#2294,#339,.T.);
#1909=EDGE_CURVE('',#2302,#2137,#340,.T.);
#1910=EDGE_CURVE('',#2119,#2293,#341,.T.);
#1911=EDGE_CURVE('',#2303,#2139,#342,.T.);
#1912=EDGE_CURVE('',#2117,#2292,#343,.T.);
#1913=EDGE_CURVE('',#2304,#2141,#344,.T.);
#1914=EDGE_CURVE('',#2115,#2291,#345,.T.);
#1915=EDGE_CURVE('',#2305,#2143,#346,.T.);
#1916=EDGE_CURVE('',#2113,#2290,#347,.T.);
#1917=EDGE_CURVE('',#2306,#2145,#348,.T.);
#1918=EDGE_CURVE('',#2111,#2289,#349,.T.);
#1919=EDGE_CURVE('',#2307,#2147,#350,.T.);
#1920=EDGE_CURVE('',#2109,#2288,#351,.T.);
#1921=EDGE_CURVE('',#2308,#2149,#352,.T.);
#1922=EDGE_CURVE('',#2002,#2287,#353,.T.);
#1923=EDGE_CURVE('',#2309,#2151,#354,.T.);
#1924=EDGE_CURVE('',#2004,#2286,#355,.T.);
#1925=EDGE_CURVE('',#2310,#2153,#356,.T.);
#1926=EDGE_CURVE('',#2107,#2285,#357,.T.);
#1927=EDGE_CURVE('',#2311,#2155,#358,.T.);
#1928=EDGE_CURVE('',#2106,#2284,#359,.T.);
#1929=EDGE_CURVE('',#2312,#2157,#360,.T.);
#1930=EDGE_CURVE('',#2101,#2283,#361,.T.);
#1931=EDGE_CURVE('',#2313,#2159,#362,.T.);
#1932=EDGE_CURVE('',#2102,#2282,#363,.T.);
#1933=EDGE_CURVE('',#2314,#2161,#364,.T.);
#1934=EDGE_CURVE('',#2177,#2281,#365,.T.);
#1935=EDGE_CURVE('',#2315,#2163,#366,.T.);
#1936=EDGE_CURVE('',#2175,#2280,#367,.T.);
#1937=EDGE_CURVE('',#2316,#2165,#368,.T.);
#1938=EDGE_CURVE('',#2173,#2279,#369,.T.);
#1939=EDGE_CURVE('',#2276,#2167,#370,.T.);
#1940=EDGE_CURVE('',#2171,#2278,#371,.T.);
#1941=EDGE_CURVE('',#2277,#2169,#372,.T.);
#1942=EDGE_CURVE('',#2104,#2223,#168,.T.);
#1943=EDGE_CURVE('',#2105,#2222,#373,.T.);
#1944=EDGE_CURVE('',#2108,#2221,#374,.T.);
#1945=EDGE_CURVE('',#2005,#2220,#375,.T.);
#1946=EDGE_CURVE('',#2003,#2219,#376,.T.);
#1947=EDGE_CURVE('',#2110,#2218,#377,.T.);
#1948=EDGE_CURVE('',#2112,#2217,#378,.T.);
#1949=EDGE_CURVE('',#2114,#2216,#379,.T.);
#1950=EDGE_CURVE('',#2116,#2215,#380,.T.);
#1951=EDGE_CURVE('',#2118,#2214,#381,.T.);
#1952=EDGE_CURVE('',#2120,#2213,#382,.T.);
#1953=EDGE_CURVE('',#2122,#2212,#383,.T.);
#1954=EDGE_CURVE('',#2124,#2211,#384,.T.);
#1955=EDGE_CURVE('',#2126,#2210,#385,.T.);
#1956=EDGE_CURVE('',#2128,#2209,#386,.T.);
#1957=EDGE_CURVE('',#2130,#2208,#387,.T.);
#1958=EDGE_CURVE('',#2132,#2207,#388,.T.);
#1959=EDGE_CURVE('',#2134,#2206,#389,.T.);
#1960=EDGE_CURVE('',#2136,#2205,#390,.T.);
#1961=EDGE_CURVE('',#2138,#2204,#391,.T.);
#1962=EDGE_CURVE('',#2140,#2203,#392,.T.);
#1963=EDGE_CURVE('',#2142,#2202,#393,.T.);
#1964=EDGE_CURVE('',#2144,#2201,#394,.T.);
#1965=EDGE_CURVE('',#2146,#2200,#395,.T.);
#1966=EDGE_CURVE('',#2148,#2199,#396,.T.);
#1967=EDGE_CURVE('',#2150,#2198,#397,.T.);
#1968=EDGE_CURVE('',#2152,#2197,#398,.T.);
#1969=EDGE_CURVE('',#2154,#2196,#399,.T.);
#1970=EDGE_CURVE('',#2156,#2195,#400,.T.);
#1971=EDGE_CURVE('',#2158,#2194,#401,.T.);
#1972=EDGE_CURVE('',#2160,#2193,#402,.T.);
#1973=EDGE_CURVE('',#2162,#2192,#403,.T.);
#1974=EDGE_CURVE('',#2164,#2191,#404,.T.);
#1975=EDGE_CURVE('',#2166,#2190,#405,.T.);
#1976=EDGE_CURVE('',#2168,#2189,#406,.T.);
#1977=EDGE_CURVE('',#2170,#2188,#407,.T.);
#1978=EDGE_CURVE('',#2172,#2187,#408,.T.);
#1979=EDGE_CURVE('',#2174,#2186,#409,.T.);
#1980=EDGE_CURVE('',#2176,#2185,#410,.T.);
#1981=EDGE_CURVE('',#2178,#2184,#411,.T.);
#1982=EDGE_CURVE('',#2097,#2183,#412,.T.);
#1983=EDGE_CURVE('',#2182,#2098,#413,.F.);
#1984=EDGE_CURVE('',#1998,#2321,#414,.T.);
#1985=EDGE_CURVE('',#2320,#2001,#415,.T.);
#1986=EDGE_CURVE('',#2318,#2000,#416,.T.);
#1987=EDGE_CURVE('',#1999,#2319,#417,.T.);
#1988=EDGE_CURVE('',#2103,#2322,#169,.F.);
#1989=EDGE_CURVE('',#2322,#2100,#418,.T.);
#1990=EDGE_CURVE('',#2104,#2094,#419,.T.);
#1991=EDGE_CURVE('',#2317,#2322,#170,.F.);
#1992=EDGE_CURVE('',#2223,#2093,#420,.T.);
#1993=EDGE_CURVE('',#2091,#2099,#12,.T.);
#1994=EDGE_CURVE('',#2180,#2092,#13,.F.);
#1995=EDGE_CURVE('',#2087,#2098,#421,.T.);
#1996=EDGE_CURVE('',#2181,#2089,#14,.F.);
#1997=EDGE_CURVE('',#2088,#2182,#422,.T.);
#1998=VERTEX_POINT('',#5319);
#1999=VERTEX_POINT('',#5320);
#2000=VERTEX_POINT('',#5322);
#2001=VERTEX_POINT('',#5324);
#2002=VERTEX_POINT('',#5327);
#2003=VERTEX_POINT('',#5328);
#2004=VERTEX_POINT('',#5330);
#2005=VERTEX_POINT('',#5332);
#2006=VERTEX_POINT('',#5336);
#2007=VERTEX_POINT('',#5337);
#2008=VERTEX_POINT('',#5339);
#2009=VERTEX_POINT('',#5341);
#2010=VERTEX_POINT('',#5344);
#2011=VERTEX_POINT('',#5345);
#2012=VERTEX_POINT('',#5347);
#2013=VERTEX_POINT('',#5349);
#2014=VERTEX_POINT('',#5353);
#2015=VERTEX_POINT('',#5354);
#2016=VERTEX_POINT('',#5356);
#2017=VERTEX_POINT('',#5358);
#2018=VERTEX_POINT('',#5360);
#2019=VERTEX_POINT('',#5362);
#2020=VERTEX_POINT('',#5366);
#2021=VERTEX_POINT('',#5367);
#2022=VERTEX_POINT('',#5369);
#2023=VERTEX_POINT('',#5371);
#2024=VERTEX_POINT('',#5373);
#2025=VERTEX_POINT('',#5375);
#2026=VERTEX_POINT('',#5379);
#2027=VERTEX_POINT('',#5381);
#2028=VERTEX_POINT('',#5383);
#2029=VERTEX_POINT('',#5385);
#2030=VERTEX_POINT('',#5387);
#2031=VERTEX_POINT('',#5389);
#2032=VERTEX_POINT('',#5390);
#2033=VERTEX_POINT('',#5392);
#2034=VERTEX_POINT('',#5394);
#2035=VERTEX_POINT('',#5396);
#2036=VERTEX_POINT('',#5398);
#2037=VERTEX_POINT('',#5400);
#2038=VERTEX_POINT('',#5402);
#2039=VERTEX_POINT('',#5405);
#2040=VERTEX_POINT('',#5407);
#2041=VERTEX_POINT('',#5409);
#2042=VERTEX_POINT('',#5411);
#2043=VERTEX_POINT('',#5413);
#2044=VERTEX_POINT('',#5415);
#2045=VERTEX_POINT('',#5417);
#2046=VERTEX_POINT('',#5419);
#2047=VERTEX_POINT('',#5421);
#2048=VERTEX_POINT('',#5423);
#2049=VERTEX_POINT('',#5425);
#2050=VERTEX_POINT('',#5427);
#2051=VERTEX_POINT('',#5429);
#2052=VERTEX_POINT('',#5431);
#2053=VERTEX_POINT('',#5433);
#2054=VERTEX_POINT('',#5435);
#2055=VERTEX_POINT('',#5437);
#2056=VERTEX_POINT('',#5439);
#2057=VERTEX_POINT('',#5441);
#2058=VERTEX_POINT('',#5443);
#2059=VERTEX_POINT('',#5445);
#2060=VERTEX_POINT('',#5447);
#2061=VERTEX_POINT('',#5449);
#2062=VERTEX_POINT('',#5451);
#2063=VERTEX_POINT('',#5453);
#2064=VERTEX_POINT('',#5455);
#2065=VERTEX_POINT('',#5457);
#2066=VERTEX_POINT('',#5459);
#2067=VERTEX_POINT('',#5461);
#2068=VERTEX_POINT('',#5463);
#2069=VERTEX_POINT('',#5465);
#2070=VERTEX_POINT('',#5467);
#2071=VERTEX_POINT('',#5469);
#2072=VERTEX_POINT('',#5471);
#2073=VERTEX_POINT('',#5473);
#2074=VERTEX_POINT('',#5475);
#2075=VERTEX_POINT('',#5477);
#2076=VERTEX_POINT('',#5479);
#2077=VERTEX_POINT('',#5481);
#2078=VERTEX_POINT('',#5483);
#2079=VERTEX_POINT('',#5485);
#2080=VERTEX_POINT('',#5487);
#2081=VERTEX_POINT('',#5489);
#2082=VERTEX_POINT('',#5491);
#2083=VERTEX_POINT('',#5493);
#2084=VERTEX_POINT('',#5495);
#2085=VERTEX_POINT('',#5497);
#2086=VERTEX_POINT('',#5499);
#2087=VERTEX_POINT('',#5503);
#2088=VERTEX_POINT('',#5504);
#2089=VERTEX_POINT('',#5506);
#2090=VERTEX_POINT('',#5509);
#2091=VERTEX_POINT('',#5511);
#2092=VERTEX_POINT('',#5515);
#2093=VERTEX_POINT('',#5519);
#2094=VERTEX_POINT('',#5524);
#2095=VERTEX_POINT('',#5526);
#2096=VERTEX_POINT('',#5528);
#2097=VERTEX_POINT('',#5532);
#2098=VERTEX_POINT('',#5533);
#2099=VERTEX_POINT('',#5535);
#2100=VERTEX_POINT('',#5537);
#2101=VERTEX_POINT('',#5539);
#2102=VERTEX_POINT('',#5541);
#2103=VERTEX_POINT('',#5545);
#2104=VERTEX_POINT('',#5547);
#2105=VERTEX_POINT('',#5549);
#2106=VERTEX_POINT('',#5551);
#2107=VERTEX_POINT('',#5555);
#2108=VERTEX_POINT('',#5556);
#2109=VERTEX_POINT('',#5564);
#2110=VERTEX_POINT('',#5565);
#2111=VERTEX_POINT('',#5570);
#2112=VERTEX_POINT('',#5571);
#2113=VERTEX_POINT('',#5576);
#2114=VERTEX_POINT('',#5577);
#2115=VERTEX_POINT('',#5582);
#2116=VERTEX_POINT('',#5583);
#2117=VERTEX_POINT('',#5588);
#2118=VERTEX_POINT('',#5589);
#2119=VERTEX_POINT('',#5594);
#2120=VERTEX_POINT('',#5595);
#2121=VERTEX_POINT('',#5600);
#2122=VERTEX_POINT('',#5601);
#2123=VERTEX_POINT('',#5606);
#2124=VERTEX_POINT('',#5607);
#2125=VERTEX_POINT('',#5612);
#2126=VERTEX_POINT('',#5613);
#2127=VERTEX_POINT('',#5618);
#2128=VERTEX_POINT('',#5619);
#2129=VERTEX_POINT('',#5624);
#2130=VERTEX_POINT('',#5625);
#2131=VERTEX_POINT('',#5630);
#2132=VERTEX_POINT('',#5631);
#2133=VERTEX_POINT('',#5636);
#2134=VERTEX_POINT('',#5637);
#2135=VERTEX_POINT('',#5642);
#2136=VERTEX_POINT('',#5643);
#2137=VERTEX_POINT('',#5648);
#2138=VERTEX_POINT('',#5649);
#2139=VERTEX_POINT('',#5654);
#2140=VERTEX_POINT('',#5655);
#2141=VERTEX_POINT('',#5660);
#2142=VERTEX_POINT('',#5661);
#2143=VERTEX_POINT('',#5666);
#2144=VERTEX_POINT('',#5667);
#2145=VERTEX_POINT('',#5672);
#2146=VERTEX_POINT('',#5673);
#2147=VERTEX_POINT('',#5678);
#2148=VERTEX_POINT('',#5679);
#2149=VERTEX_POINT('',#5684);
#2150=VERTEX_POINT('',#5685);
#2151=VERTEX_POINT('',#5690);
#2152=VERTEX_POINT('',#5691);
#2153=VERTEX_POINT('',#5696);
#2154=VERTEX_POINT('',#5697);
#2155=VERTEX_POINT('',#5702);
#2156=VERTEX_POINT('',#5703);
#2157=VERTEX_POINT('',#5708);
#2158=VERTEX_POINT('',#5709);
#2159=VERTEX_POINT('',#5714);
#2160=VERTEX_POINT('',#5715);
#2161=VERTEX_POINT('',#5720);
#2162=VERTEX_POINT('',#5721);
#2163=VERTEX_POINT('',#5726);
#2164=VERTEX_POINT('',#5727);
#2165=VERTEX_POINT('',#5732);
#2166=VERTEX_POINT('',#5733);
#2167=VERTEX_POINT('',#5738);
#2168=VERTEX_POINT('',#5739);
#2169=VERTEX_POINT('',#5744);
#2170=VERTEX_POINT('',#5745);
#2171=VERTEX_POINT('',#5750);
#2172=VERTEX_POINT('',#5751);
#2173=VERTEX_POINT('',#5756);
#2174=VERTEX_POINT('',#5757);
#2175=VERTEX_POINT('',#5762);
#2176=VERTEX_POINT('',#5763);
#2177=VERTEX_POINT('',#5768);
#2178=VERTEX_POINT('',#5769);
#2179=VERTEX_POINT('',#5777);
#2180=VERTEX_POINT('',#5780);
#2181=VERTEX_POINT('',#5781);
#2182=VERTEX_POINT('',#5783);
#2183=VERTEX_POINT('',#5785);
#2184=VERTEX_POINT('',#5787);
#2185=VERTEX_POINT('',#5789);
#2186=VERTEX_POINT('',#5791);
#2187=VERTEX_POINT('',#5793);
#2188=VERTEX_POINT('',#5795);
#2189=VERTEX_POINT('',#5797);
#2190=VERTEX_POINT('',#5799);
#2191=VERTEX_POINT('',#5801);
#2192=VERTEX_POINT('',#5803);
#2193=VERTEX_POINT('',#5805);
#2194=VERTEX_POINT('',#5807);
#2195=VERTEX_POINT('',#5809);
#2196=VERTEX_POINT('',#5811);
#2197=VERTEX_POINT('',#5813);
#2198=VERTEX_POINT('',#5815);
#2199=VERTEX_POINT('',#5817);
#2200=VERTEX_POINT('',#5819);
#2201=VERTEX_POINT('',#5821);
#2202=VERTEX_POINT('',#5823);
#2203=VERTEX_POINT('',#5825);
#2204=VERTEX_POINT('',#5827);
#2205=VERTEX_POINT('',#5829);
#2206=VERTEX_POINT('',#5831);
#2207=VERTEX_POINT('',#5833);
#2208=VERTEX_POINT('',#5835);
#2209=VERTEX_POINT('',#5837);
#2210=VERTEX_POINT('',#5839);
#2211=VERTEX_POINT('',#5841);
#2212=VERTEX_POINT('',#5843);
#2213=VERTEX_POINT('',#5845);
#2214=VERTEX_POINT('',#5847);
#2215=VERTEX_POINT('',#5849);
#2216=VERTEX_POINT('',#5851);
#2217=VERTEX_POINT('',#5853);
#2218=VERTEX_POINT('',#5855);
#2219=VERTEX_POINT('',#5857);
#2220=VERTEX_POINT('',#5859);
#2221=VERTEX_POINT('',#5861);
#2222=VERTEX_POINT('',#5863);
#2223=VERTEX_POINT('',#5865);
#2224=VERTEX_POINT('',#5869);
#2225=VERTEX_POINT('',#5871);
#2226=VERTEX_POINT('',#5874);
#2227=VERTEX_POINT('',#5879);
#2228=VERTEX_POINT('',#5881);
#2229=VERTEX_POINT('',#5884);
#2230=VERTEX_POINT('',#5889);
#2231=VERTEX_POINT('',#5891);
#2232=VERTEX_POINT('',#5894);
#2233=VERTEX_POINT('',#5899);
#2234=VERTEX_POINT('',#5901);
#2235=VERTEX_POINT('',#5904);
#2236=VERTEX_POINT('',#5913);
#2237=VERTEX_POINT('',#5915);
#2238=VERTEX_POINT('',#5937);
#2239=VERTEX_POINT('',#5941);
#2240=VERTEX_POINT('',#5945);
#2241=VERTEX_POINT('',#5949);
#2242=VERTEX_POINT('',#5953);
#2243=VERTEX_POINT('',#5957);
#2244=VERTEX_POINT('',#5961);
#2245=VERTEX_POINT('',#5965);
#2246=VERTEX_POINT('',#5969);
#2247=VERTEX_POINT('',#5973);
#2248=VERTEX_POINT('',#5977);
#2249=VERTEX_POINT('',#5981);
#2250=VERTEX_POINT('',#5985);
#2251=VERTEX_POINT('',#5989);
#2252=VERTEX_POINT('',#5993);
#2253=VERTEX_POINT('',#5997);
#2254=VERTEX_POINT('',#6001);
#2255=VERTEX_POINT('',#6005);
#2256=VERTEX_POINT('',#6009);
#2257=VERTEX_POINT('',#6013);
#2258=VERTEX_POINT('',#6019);
#2259=VERTEX_POINT('',#6023);
#2260=VERTEX_POINT('',#6027);
#2261=VERTEX_POINT('',#6032);
#2262=VERTEX_POINT('',#6036);
#2263=VERTEX_POINT('',#6040);
#2264=VERTEX_POINT('',#6044);
#2265=VERTEX_POINT('',#6048);
#2266=VERTEX_POINT('',#6052);
#2267=VERTEX_POINT('',#6056);
#2268=VERTEX_POINT('',#6060);
#2269=VERTEX_POINT('',#6064);
#2270=VERTEX_POINT('',#6068);
#2271=VERTEX_POINT('',#6072);
#2272=VERTEX_POINT('',#6076);
#2273=VERTEX_POINT('',#6080);
#2274=VERTEX_POINT('',#6084);
#2275=VERTEX_POINT('',#6088);
#2276=VERTEX_POINT('',#6094);
#2277=VERTEX_POINT('',#6095);
#2278=VERTEX_POINT('',#6097);
#2279=VERTEX_POINT('',#6099);
#2280=VERTEX_POINT('',#6101);
#2281=VERTEX_POINT('',#6103);
#2282=VERTEX_POINT('',#6105);
#2283=VERTEX_POINT('',#6107);
#2284=VERTEX_POINT('',#6109);
#2285=VERTEX_POINT('',#6111);
#2286=VERTEX_POINT('',#6113);
#2287=VERTEX_POINT('',#6115);
#2288=VERTEX_POINT('',#6117);
#2289=VERTEX_POINT('',#6119);
#2290=VERTEX_POINT('',#6121);
#2291=VERTEX_POINT('',#6123);
#2292=VERTEX_POINT('',#6125);
#2293=VERTEX_POINT('',#6127);
#2294=VERTEX_POINT('',#6129);
#2295=VERTEX_POINT('',#6131);
#2296=VERTEX_POINT('',#6133);
#2297=VERTEX_POINT('',#6135);
#2298=VERTEX_POINT('',#6137);
#2299=VERTEX_POINT('',#6139);
#2300=VERTEX_POINT('',#6141);
#2301=VERTEX_POINT('',#6143);
#2302=VERTEX_POINT('',#6145);
#2303=VERTEX_POINT('',#6147);
#2304=VERTEX_POINT('',#6149);
#2305=VERTEX_POINT('',#6151);
#2306=VERTEX_POINT('',#6153);
#2307=VERTEX_POINT('',#6155);
#2308=VERTEX_POINT('',#6157);
#2309=VERTEX_POINT('',#6159);
#2310=VERTEX_POINT('',#6161);
#2311=VERTEX_POINT('',#6163);
#2312=VERTEX_POINT('',#6165);
#2313=VERTEX_POINT('',#6167);
#2314=VERTEX_POINT('',#6169);
#2315=VERTEX_POINT('',#6171);
#2316=VERTEX_POINT('',#6173);
#2317=VERTEX_POINT('',#6177);
#2318=VERTEX_POINT('',#6181);
#2319=VERTEX_POINT('',#6183);
#2320=VERTEX_POINT('',#6187);
#2321=VERTEX_POINT('',#6191);
#2322=VERTEX_POINT('',#6378);
#2323=LINE('',#5318,#2589);
#2324=LINE('',#5323,#2590);
#2325=LINE('',#5326,#2591);
#2326=LINE('',#5329,#2592);
#2327=LINE('',#5331,#2593);
#2328=LINE('',#5333,#2594);
#2329=LINE('',#5335,#2595);
#2330=LINE('',#5338,#2596);
#2331=LINE('',#5340,#2597);
#2332=LINE('',#5342,#2598);
#2333=LINE('',#5343,#2599);
#2334=LINE('',#5348,#2600);
#2335=LINE('',#5352,#2601);
#2336=LINE('',#5355,#2602);
#2337=LINE('',#5359,#2603);
#2338=LINE('',#5363,#2604);
#2339=LINE('',#5365,#2605);
#2340=LINE('',#5368,#2606);
#2341=LINE('',#5372,#2607);
#2342=LINE('',#5376,#2608);
#2343=LINE('',#5388,#2609);
#2344=LINE('',#5391,#2610);
#2345=LINE('',#5393,#2611);
#2346=LINE('',#5395,#2612);
#2347=LINE('',#5397,#2613);
#2348=LINE('',#5401,#2614);
#2349=LINE('',#5406,#2615);
#2350=LINE('',#5410,#2616);
#2351=LINE('',#5414,#2617);
#2352=LINE('',#5418,#2618);
#2353=LINE('',#5422,#2619);
#2354=LINE('',#5426,#2620);
#2355=LINE('',#5430,#2621);
#2356=LINE('',#5434,#2622);
#2357=LINE('',#5438,#2623);
#2358=LINE('',#5442,#2624);
#2359=LINE('',#5446,#2625);
#2360=LINE('',#5448,#2626);
#2361=LINE('',#5452,#2627);
#2362=LINE('',#5456,#2628);
#2363=LINE('',#5458,#2629);
#2364=LINE('',#5460,#2630);
#2365=LINE('',#5464,#2631);
#2366=LINE('',#5468,#2632);
#2367=LINE('',#5470,#2633);
#2368=LINE('',#5474,#2634);
#2369=LINE('',#5478,#2635);
#2370=LINE('',#5482,#2636);
#2371=LINE('',#5486,#2637);
#2372=LINE('',#5490,#2638);
#2373=LINE('',#5494,#2639);
#2374=LINE('',#5498,#2640);
#2375=LINE('',#5505,#2641);
#2376=LINE('',#5507,#2642);
#2377=LINE('',#5508,#2643);
#2378=LINE('',#5510,#2644);
#2379=LINE('',#5512,#2645);
#2380=LINE('',#5514,#2646);
#2381=LINE('',#5516,#2647);
#2382=LINE('',#5518,#2648);
#2383=LINE('',#5525,#2649);
#2384=LINE('',#5527,#2650);
#2385=LINE('',#5529,#2651);
#2386=LINE('',#5531,#2652);
#2387=LINE('',#5534,#2653);
#2388=LINE('',#5536,#2654);
#2389=LINE('',#5538,#2655);
#2390=LINE('',#5540,#2656);
#2391=LINE('',#5542,#2657);
#2392=LINE('',#5546,#2658);
#2393=LINE('',#5550,#2659);
#2394=LINE('',#5554,#2660);
#2395=LINE('',#5557,#2661);
#2396=LINE('',#5558,#2662);
#2397=LINE('',#5563,#2663);
#2398=LINE('',#5569,#2664);
#2399=LINE('',#5572,#2665);
#2400=LINE('',#5573,#2666);
#2401=LINE('',#5575,#2667);
#2402=LINE('',#5581,#2668);
#2403=LINE('',#5584,#2669);
#2404=LINE('',#5585,#2670);
#2405=LINE('',#5587,#2671);
#2406=LINE('',#5593,#2672);
#2407=LINE('',#5599,#2673);
#2408=LINE('',#5602,#2674);
#2409=LINE('',#5603,#2675);
#2410=LINE('',#5605,#2676);
#2411=LINE('',#5611,#2677);
#2412=LINE('',#5614,#2678);
#2413=LINE('',#5615,#2679);
#2414=LINE('',#5617,#2680);
#2415=LINE('',#5623,#2681);
#2416=LINE('',#5626,#2682);
#2417=LINE('',#5627,#2683);
#2418=LINE('',#5629,#2684);
#2419=LINE('',#5635,#2685);
#2420=LINE('',#5638,#2686);
#2421=LINE('',#5639,#2687);
#2422=LINE('',#5641,#2688);
#2423=LINE('',#5647,#2689);
#2424=LINE('',#5650,#2690);
#2425=LINE('',#5651,#2691);
#2426=LINE('',#5653,#2692);
#2427=LINE('',#5659,#2693);
#2428=LINE('',#5662,#2694);
#2429=LINE('',#5663,#2695);
#2430=LINE('',#5665,#2696);
#2431=LINE('',#5671,#2697);
#2432=LINE('',#5674,#2698);
#2433=LINE('',#5675,#2699);
#2434=LINE('',#5677,#2700);
#2435=LINE('',#5683,#2701);
#2436=LINE('',#5686,#2702);
#2437=LINE('',#5687,#2703);
#2438=LINE('',#5689,#2704);
#2439=LINE('',#5695,#2705);
#2440=LINE('',#5698,#2706);
#2441=LINE('',#5699,#2707);
#2442=LINE('',#5701,#2708);
#2443=LINE('',#5707,#2709);
#2444=LINE('',#5710,#2710);
#2445=LINE('',#5711,#2711);
#2446=LINE('',#5713,#2712);
#2447=LINE('',#5719,#2713);
#2448=LINE('',#5722,#2714);
#2449=LINE('',#5723,#2715);
#2450=LINE('',#5725,#2716);
#2451=LINE('',#5731,#2717);
#2452=LINE('',#5734,#2718);
#2453=LINE('',#5735,#2719);
#2454=LINE('',#5737,#2720);
#2455=LINE('',#5743,#2721);
#2456=LINE('',#5746,#2722);
#2457=LINE('',#5747,#2723);
#2458=LINE('',#5749,#2724);
#2459=LINE('',#5755,#2725);
#2460=LINE('',#5758,#2726);
#2461=LINE('',#5759,#2727);
#2462=LINE('',#5761,#2728);
#2463=LINE('',#5767,#2729);
#2464=LINE('',#5770,#2730);
#2465=LINE('',#5771,#2731);
#2466=LINE('',#5779,#2732);
#2467=LINE('',#5782,#2733);
#2468=LINE('',#5784,#2734);
#2469=LINE('',#5788,#2735);
#2470=LINE('',#5792,#2736);
#2471=LINE('',#5796,#2737);
#2472=LINE('',#5800,#2738);
#2473=LINE('',#5804,#2739);
#2474=LINE('',#5808,#2740);
#2475=LINE('',#5812,#2741);
#2476=LINE('',#5816,#2742);
#2477=LINE('',#5820,#2743);
#2478=LINE('',#5824,#2744);
#2479=LINE('',#5828,#2745);
#2480=LINE('',#5832,#2746);
#2481=LINE('',#5836,#2747);
#2482=LINE('',#5840,#2748);
#2483=LINE('',#5844,#2749);
#2484=LINE('',#5850,#2750);
#2485=LINE('',#5854,#2751);
#2486=LINE('',#5858,#2752);
#2487=LINE('',#5862,#2753);
#2488=LINE('',#5866,#2754);
#2489=LINE('',#5908,#2755);
#2490=LINE('',#5909,#2756);
#2491=LINE('',#5910,#2757);
#2492=LINE('',#5911,#2758);
#2493=LINE('',#5912,#2759);
#2494=LINE('',#5914,#2760);
#2495=LINE('',#5916,#2761);
#2496=LINE('',#5918,#2762);
#2497=LINE('',#5920,#2763);
#2498=LINE('',#5922,#2764);
#2499=LINE('',#5924,#2765);
#2500=LINE('',#5927,#2766);
#2501=LINE('',#5929,#2767);
#2502=LINE('',#5931,#2768);
#2503=LINE('',#5933,#2769);
#2504=LINE('',#5936,#2770);
#2505=LINE('',#5940,#2771);
#2506=LINE('',#5942,#2772);
#2507=LINE('',#5944,#2773);
#2508=LINE('',#5948,#2774);
#2509=LINE('',#5950,#2775);
#2510=LINE('',#5952,#2776);
#2511=LINE('',#5956,#2777);
#2512=LINE('',#5958,#2778);
#2513=LINE('',#5960,#2779);
#2514=LINE('',#5964,#2780);
#2515=LINE('',#5966,#2781);
#2516=LINE('',#5968,#2782);
#2517=LINE('',#5972,#2783);
#2518=LINE('',#5974,#2784);
#2519=LINE('',#5976,#2785);
#2520=LINE('',#5980,#2786);
#2521=LINE('',#5982,#2787);
#2522=LINE('',#5984,#2788);
#2523=LINE('',#5988,#2789);
#2524=LINE('',#5990,#2790);
#2525=LINE('',#5992,#2791);
#2526=LINE('',#5996,#2792);
#2527=LINE('',#5998,#2793);
#2528=LINE('',#6000,#2794);
#2529=LINE('',#6004,#2795);
#2530=LINE('',#6006,#2796);
#2531=LINE('',#6008,#2797);
#2532=LINE('',#6012,#2798);
#2533=LINE('',#6014,#2799);
#2534=LINE('',#6018,#2800);
#2535=LINE('',#6022,#2801);
#2536=LINE('',#6024,#2802);
#2537=LINE('',#6026,#2803);
#2538=LINE('',#6030,#2804);
#2539=LINE('',#6031,#2805);
#2540=LINE('',#6033,#2806);
#2541=LINE('',#6035,#2807);
#2542=LINE('',#6039,#2808);
#2543=LINE('',#6041,#2809);
#2544=LINE('',#6043,#2810);
#2545=LINE('',#6047,#2811);
#2546=LINE('',#6049,#2812);
#2547=LINE('',#6051,#2813);
#2548=LINE('',#6055,#2814);
#2549=LINE('',#6057,#2815);
#2550=LINE('',#6059,#2816);
#2551=LINE('',#6063,#2817);
#2552=LINE('',#6065,#2818);
#2553=LINE('',#6067,#2819);
#2554=LINE('',#6071,#2820);
#2555=LINE('',#6073,#2821);
#2556=LINE('',#6075,#2822);
#2557=LINE('',#6079,#2823);
#2558=LINE('',#6081,#2824);
#2559=LINE('',#6083,#2825);
#2560=LINE('',#6087,#2826);
#2561=LINE('',#6089,#2827);
#2562=LINE('',#6093,#2828);
#2563=LINE('',#6098,#2829);
#2564=LINE('',#6102,#2830);
#2565=LINE('',#6106,#2831);
#2566=LINE('',#6110,#2832);
#2567=LINE('',#6114,#2833);
#2568=LINE('',#6118,#2834);
#2569=LINE('',#6122,#2835);
#2570=LINE('',#6128,#2836);
#2571=LINE('',#6132,#2837);
#2572=LINE('',#6136,#2838);
#2573=LINE('',#6140,#2839);
#2574=LINE('',#6144,#2840);
#2575=LINE('',#6148,#2841);
#2576=LINE('',#6152,#2842);
#2577=LINE('',#6156,#2843);
#2578=LINE('',#6160,#2844);
#2579=LINE('',#6164,#2845);
#2580=LINE('',#6168,#2846);
#2581=LINE('',#6172,#2847);
#2582=LINE('',#6178,#2848);
#2583=LINE('',#6180,#2849);
#2584=LINE('',#6184,#2850);
#2585=LINE('',#6186,#2851);
#2586=LINE('',#6188,#2852);
#2587=LINE('',#6190,#2853);
#2588=LINE('',#6194,#2854);
#2589=VECTOR('',#4108,1.);
#2590=VECTOR('',#4111,1.);
#2591=VECTOR('',#4114,1.);
#2592=VECTOR('',#4115,1.);
#2593=VECTOR('',#4116,1.);
#2594=VECTOR('',#4117,1.);
#2595=VECTOR('',#4120,1.);
#2596=VECTOR('',#4121,1.);
#2597=VECTOR('',#4122,1.);
#2598=VECTOR('',#4123,1.);
#2599=VECTOR('',#4124,1.);
#2600=VECTOR('',#4127,1.);
#2601=VECTOR('',#4132,1.);
#2602=VECTOR('',#4133,1.);
#2603=VECTOR('',#4136,1.);
#2604=VECTOR('',#4139,1.);
#2605=VECTOR('',#4142,1.);
#2606=VECTOR('',#4143,1.);
#2607=VECTOR('',#4146,1.);
#2608=VECTOR('',#4149,1.);
#2609=VECTOR('',#4162,1.);
#2610=VECTOR('',#4163,1.);
#2611=VECTOR('',#4164,1.);
#2612=VECTOR('',#4165,1.);
#2613=VECTOR('',#4166,1.);
#2614=VECTOR('',#4169,1.);
#2615=VECTOR('',#4174,1.);
#2616=VECTOR('',#4177,1.);
#2617=VECTOR('',#4180,1.);
#2618=VECTOR('',#4183,1.);
#2619=VECTOR('',#4186,1.);
#2620=VECTOR('',#4189,1.);
#2621=VECTOR('',#4192,1.);
#2622=VECTOR('',#4195,1.);
#2623=VECTOR('',#4198,1.);
#2624=VECTOR('',#4201,1.);
#2625=VECTOR('',#4204,1.);
#2626=VECTOR('',#4205,1.);
#2627=VECTOR('',#4208,1.);
#2628=VECTOR('',#4211,1.);
#2629=VECTOR('',#4212,1.);
#2630=VECTOR('',#4213,1.);
#2631=VECTOR('',#4216,1.);
#2632=VECTOR('',#4219,1.);
#2633=VECTOR('',#4220,1.);
#2634=VECTOR('',#4223,1.);
#2635=VECTOR('',#4226,1.);
#2636=VECTOR('',#4229,1.);
#2637=VECTOR('',#4232,1.);
#2638=VECTOR('',#4235,1.);
#2639=VECTOR('',#4238,1.);
#2640=VECTOR('',#4241,1.);
#2641=VECTOR('',#4248,1.);
#2642=VECTOR('',#4249,1.);
#2643=VECTOR('',#4250,1.);
#2644=VECTOR('',#4251,1.);
#2645=VECTOR('',#4252,1.);
#2646=VECTOR('',#4255,1.);
#2647=VECTOR('',#4256,1.);
#2648=VECTOR('',#4259,1.);
#2649=VECTOR('',#4260,1.);
#2650=VECTOR('',#4261,1.);
#2651=VECTOR('',#4262,1.);
#2652=VECTOR('',#4265,1.);
#2653=VECTOR('',#4266,1.);
#2654=VECTOR('',#4267,1.);
#2655=VECTOR('',#4268,1.);
#2656=VECTOR('',#4269,1.);
#2657=VECTOR('',#4270,1.);
#2658=VECTOR('',#4275,1.);
#2659=VECTOR('',#4278,1.);
#2660=VECTOR('',#4283,1.);
#2661=VECTOR('',#4284,1.);
#2662=VECTOR('',#4285,1.);
#2663=VECTOR('',#4294,1.);
#2664=VECTOR('',#4301,1.);
#2665=VECTOR('',#4302,1.);
#2666=VECTOR('',#4303,1.);
#2667=VECTOR('',#4306,1.);
#2668=VECTOR('',#4313,1.);
#2669=VECTOR('',#4314,1.);
#2670=VECTOR('',#4315,1.);
#2671=VECTOR('',#4318,1.);
#2672=VECTOR('',#4325,1.);
#2673=VECTOR('',#4332,1.);
#2674=VECTOR('',#4333,1.);
#2675=VECTOR('',#4334,1.);
#2676=VECTOR('',#4337,1.);
#2677=VECTOR('',#4344,1.);
#2678=VECTOR('',#4345,1.);
#2679=VECTOR('',#4346,1.);
#2680=VECTOR('',#4349,1.);
#2681=VECTOR('',#4356,1.);
#2682=VECTOR('',#4357,1.);
#2683=VECTOR('',#4358,1.);
#2684=VECTOR('',#4361,1.);
#2685=VECTOR('',#4368,1.);
#2686=VECTOR('',#4369,1.);
#2687=VECTOR('',#4370,1.);
#2688=VECTOR('',#4373,1.);
#2689=VECTOR('',#4380,1.);
#2690=VECTOR('',#4381,1.);
#2691=VECTOR('',#4382,1.);
#2692=VECTOR('',#4385,1.);
#2693=VECTOR('',#4392,1.);
#2694=VECTOR('',#4393,1.);
#2695=VECTOR('',#4394,1.);
#2696=VECTOR('',#4397,1.);
#2697=VECTOR('',#4404,1.);
#2698=VECTOR('',#4405,1.);
#2699=VECTOR('',#4406,1.);
#2700=VECTOR('',#4409,1.);
#2701=VECTOR('',#4416,1.);
#2702=VECTOR('',#4417,1.);
#2703=VECTOR('',#4418,1.);
#2704=VECTOR('',#4421,1.);
#2705=VECTOR('',#4428,1.);
#2706=VECTOR('',#4429,1.);
#2707=VECTOR('',#4430,1.);
#2708=VECTOR('',#4433,1.);
#2709=VECTOR('',#4440,1.);
#2710=VECTOR('',#4441,1.);
#2711=VECTOR('',#4442,1.);
#2712=VECTOR('',#4445,1.);
#2713=VECTOR('',#4452,1.);
#2714=VECTOR('',#4453,1.);
#2715=VECTOR('',#4454,1.);
#2716=VECTOR('',#4457,1.);
#2717=VECTOR('',#4464,1.);
#2718=VECTOR('',#4465,1.);
#2719=VECTOR('',#4466,1.);
#2720=VECTOR('',#4469,1.);
#2721=VECTOR('',#4476,1.);
#2722=VECTOR('',#4477,1.);
#2723=VECTOR('',#4478,1.);
#2724=VECTOR('',#4481,1.);
#2725=VECTOR('',#4488,1.);
#2726=VECTOR('',#4489,1.);
#2727=VECTOR('',#4490,1.);
#2728=VECTOR('',#4493,1.);
#2729=VECTOR('',#4500,1.);
#2730=VECTOR('',#4501,1.);
#2731=VECTOR('',#4502,1.);
#2732=VECTOR('',#4515,1.);
#2733=VECTOR('',#4516,1.);
#2734=VECTOR('',#4517,1.);
#2735=VECTOR('',#4520,1.);
#2736=VECTOR('',#4523,1.);
#2737=VECTOR('',#4526,1.);
#2738=VECTOR('',#4529,1.);
#2739=VECTOR('',#4532,1.);
#2740=VECTOR('',#4535,1.);
#2741=VECTOR('',#4538,1.);
#2742=VECTOR('',#4541,1.);
#2743=VECTOR('',#4544,1.);
#2744=VECTOR('',#4547,1.);
#2745=VECTOR('',#4550,1.);
#2746=VECTOR('',#4553,1.);
#2747=VECTOR('',#4556,1.);
#2748=VECTOR('',#4559,1.);
#2749=VECTOR('',#4562,1.);
#2750=VECTOR('',#4567,1.);
#2751=VECTOR('',#4570,1.);
#2752=VECTOR('',#4573,1.);
#2753=VECTOR('',#4576,1.);
#2754=VECTOR('',#4579,1.);
#2755=VECTOR('',#4638,1.);
#2756=VECTOR('',#4639,1.);
#2757=VECTOR('',#4640,1.);
#2758=VECTOR('',#4641,1.);
#2759=VECTOR('',#4642,1.);
#2760=VECTOR('',#4643,1.);
#2761=VECTOR('',#4644,1.);
#2762=VECTOR('',#4647,1.);
#2763=VECTOR('',#4650,1.);
#2764=VECTOR('',#4653,1.);
#2765=VECTOR('',#4656,1.);
#2766=VECTOR('',#4661,1.);
#2767=VECTOR('',#4664,1.);
#2768=VECTOR('',#4667,1.);
#2769=VECTOR('',#4670,1.);
#2770=VECTOR('',#4675,1.);
#2771=VECTOR('',#4680,1.);
#2772=VECTOR('',#4681,1.);
#2773=VECTOR('',#4684,1.);
#2774=VECTOR('',#4689,1.);
#2775=VECTOR('',#4690,1.);
#2776=VECTOR('',#4693,1.);
#2777=VECTOR('',#4698,1.);
#2778=VECTOR('',#4699,1.);
#2779=VECTOR('',#4702,1.);
#2780=VECTOR('',#4707,1.);
#2781=VECTOR('',#4708,1.);
#2782=VECTOR('',#4711,1.);
#2783=VECTOR('',#4716,1.);
#2784=VECTOR('',#4717,1.);
#2785=VECTOR('',#4720,1.);
#2786=VECTOR('',#4725,1.);
#2787=VECTOR('',#4726,1.);
#2788=VECTOR('',#4729,1.);
#2789=VECTOR('',#4734,1.);
#2790=VECTOR('',#4735,1.);
#2791=VECTOR('',#4738,1.);
#2792=VECTOR('',#4743,1.);
#2793=VECTOR('',#4744,1.);
#2794=VECTOR('',#4747,1.);
#2795=VECTOR('',#4752,1.);
#2796=VECTOR('',#4753,1.);
#2797=VECTOR('',#4756,1.);
#2798=VECTOR('',#4761,1.);
#2799=VECTOR('',#4762,1.);
#2800=VECTOR('',#4769,1.);
#2801=VECTOR('',#4774,1.);
#2802=VECTOR('',#4775,1.);
#2803=VECTOR('',#4778,1.);
#2804=VECTOR('',#4783,1.);
#2805=VECTOR('',#4784,1.);
#2806=VECTOR('',#4785,1.);
#2807=VECTOR('',#4788,1.);
#2808=VECTOR('',#4793,1.);
#2809=VECTOR('',#4794,1.);
#2810=VECTOR('',#4797,1.);
#2811=VECTOR('',#4802,1.);
#2812=VECTOR('',#4803,1.);
#2813=VECTOR('',#4806,1.);
#2814=VECTOR('',#4811,1.);
#2815=VECTOR('',#4812,1.);
#2816=VECTOR('',#4815,1.);
#2817=VECTOR('',#4820,1.);
#2818=VECTOR('',#4821,1.);
#2819=VECTOR('',#4824,1.);
#2820=VECTOR('',#4829,1.);
#2821=VECTOR('',#4830,1.);
#2822=VECTOR('',#4833,1.);
#2823=VECTOR('',#4838,1.);
#2824=VECTOR('',#4839,1.);
#2825=VECTOR('',#4842,1.);
#2826=VECTOR('',#4847,1.);
#2827=VECTOR('',#4848,1.);
#2828=VECTOR('',#4855,1.);
#2829=VECTOR('',#4858,1.);
#2830=VECTOR('',#4861,1.);
#2831=VECTOR('',#4864,1.);
#2832=VECTOR('',#4867,1.);
#2833=VECTOR('',#4870,1.);
#2834=VECTOR('',#4873,1.);
#2835=VECTOR('',#4876,1.);
#2836=VECTOR('',#4881,1.);
#2837=VECTOR('',#4884,1.);
#2838=VECTOR('',#4887,1.);
#2839=VECTOR('',#4890,1.);
#2840=VECTOR('',#4893,1.);
#2841=VECTOR('',#4896,1.);
#2842=VECTOR('',#4899,1.);
#2843=VECTOR('',#4902,1.);
#2844=VECTOR('',#4905,1.);
#2845=VECTOR('',#4908,1.);
#2846=VECTOR('',#4911,1.);
#2847=VECTOR('',#4914,1.);
#2848=VECTOR('',#4921,1.);
#2849=VECTOR('',#4924,1.);
#2850=VECTOR('',#4927,1.);
#2851=VECTOR('',#4930,1.);
#2852=VECTOR('',#4931,1.);
#2853=VECTOR('',#4934,1.);
#2854=VECTOR('',#4939,1.);
#2855=EDGE_LOOP('',(#423,#424,#425,#426));
#2856=EDGE_LOOP('',(#427,#428,#429,#430));
#2857=EDGE_LOOP('',(#431,#432,#433,#434));
#2858=EDGE_LOOP('',(#435,#436,#437,#438));
#2859=EDGE_LOOP('',(#439,#440,#441,#442,#443,#444));
#2860=EDGE_LOOP('',(#445,#446,#447,#448,#449,#450));
#2861=EDGE_LOOP('',(#451));
#2862=EDGE_LOOP('',(#452));
#2863=EDGE_LOOP('',(#453));
#2864=EDGE_LOOP('',(#454));
#2865=EDGE_LOOP('',(#455));
#2866=EDGE_LOOP('',(#456,#457,#458,#459,#460,#461,#462,#463,#464,#465,#466,#467,#468,#469,#470,#471,#472,#473,#474,#475,#476,#477,#478,#479,#480,#481,#482,#483,#484,#485,#486,#487,#488,#489,#490,#491,#492,#493,#494,#495,#496,#497,#498,#499,#500,#501,#502,#503,#504,#505,#506,#507,#508,#509,#510,#511,#512,#513));
#2867=EDGE_LOOP('',(#514,#515,#516,#517,#518,#519,#520));
#2868=EDGE_LOOP('',(#521,#522,#523,#524));
#2869=EDGE_LOOP('',(#525,#526,#527,#528,#529,#530,#531));
#2870=EDGE_LOOP('',(#532,#533,#534,#535,#536,#537));
#2871=EDGE_LOOP('',(#538,#539,#540,#541,#542,#543));
#2872=EDGE_LOOP('',(#544,#545,#546,#547));
#2873=EDGE_LOOP('',(#548,#549,#550,#551));
#2874=EDGE_LOOP('',(#552,#553,#554,#555));
#2875=EDGE_LOOP('',(#556,#557,#558,#559));
#2876=EDGE_LOOP('',(#560,#561,#562,#563));
#2877=EDGE_LOOP('',(#564,#565,#566,#567));
#2878=EDGE_LOOP('',(#568,#569,#570,#571));
#2879=EDGE_LOOP('',(#572,#573,#574,#575));
#2880=EDGE_LOOP('',(#576,#577,#578,#579));
#2881=EDGE_LOOP('',(#580,#581,#582,#583));
#2882=EDGE_LOOP('',(#584,#585,#586,#587));
#2883=EDGE_LOOP('',(#588,#589,#590,#591));
#2884=EDGE_LOOP('',(#592,#593,#594,#595));
#2885=EDGE_LOOP('',(#596,#597,#598,#599));
#2886=EDGE_LOOP('',(#600,#601,#602,#603));
#2887=EDGE_LOOP('',(#604,#605,#606,#607));
#2888=EDGE_LOOP('',(#608,#609,#610,#611));
#2889=EDGE_LOOP('',(#612,#613,#614,#615));
#2890=EDGE_LOOP('',(#616,#617,#618,#619));
#2891=EDGE_LOOP('',(#620,#621,#622,#623));
#2892=EDGE_LOOP('',(#624,#625,#626,#627));
#2893=EDGE_LOOP('',(#628,#629,#630,#631));
#2894=EDGE_LOOP('',(#632,#633,#634,#635));
#2895=EDGE_LOOP('',(#636,#637,#638,#639));
#2896=EDGE_LOOP('',(#640,#641,#642,#643));
#2897=EDGE_LOOP('',(#644,#645,#646,#647));
#2898=EDGE_LOOP('',(#648,#649,#650,#651));
#2899=EDGE_LOOP('',(#652,#653,#654,#655));
#2900=EDGE_LOOP('',(#656,#657,#658,#659));
#2901=EDGE_LOOP('',(#660,#661,#662,#663));
#2902=EDGE_LOOP('',(#664,#665,#666,#667));
#2903=EDGE_LOOP('',(#668,#669,#670,#671));
#2904=EDGE_LOOP('',(#672,#673,#674,#675));
#2905=EDGE_LOOP('',(#676,#677,#678,#679));
#2906=EDGE_LOOP('',(#680,#681,#682,#683));
#2907=EDGE_LOOP('',(#684,#685,#686,#687));
#2908=EDGE_LOOP('',(#688,#689,#690,#691));
#2909=EDGE_LOOP('',(#692,#693,#694,#695));
#2910=EDGE_LOOP('',(#696));
#2911=EDGE_LOOP('',(#697));
#2912=EDGE_LOOP('',(#698,#699,#700,#701,#702,#703,#704,#705,#706,#707,#708,#709,#710,#711,#712,#713,#714,#715,#716,#717,#718,#719,#720,#721,#722,#723,#724,#725,#726,#727,#728,#729,#730,#731,#732,#733,#734,#735,#736,#737,#738,#739,#740,#741));
#2913=EDGE_LOOP('',(#742));
#2914=EDGE_LOOP('',(#743));
#2915=EDGE_LOOP('',(#744));
#2916=EDGE_LOOP('',(#745));
#2917=EDGE_LOOP('',(#746));
#2918=EDGE_LOOP('',(#747));
#2919=EDGE_LOOP('',(#748));
#2920=EDGE_LOOP('',(#749));
#2921=EDGE_LOOP('',(#750));
#2922=EDGE_LOOP('',(#751));
#2923=EDGE_LOOP('',(#752));
#2924=EDGE_LOOP('',(#753));
#2925=EDGE_LOOP('',(#754));
#2926=EDGE_LOOP('',(#755));
#2927=EDGE_LOOP('',(#756));
#2928=EDGE_LOOP('',(#757));
#2929=EDGE_LOOP('',(#758));
#2930=EDGE_LOOP('',(#759));
#2931=EDGE_LOOP('',(#760));
#2932=EDGE_LOOP('',(#761));
#2933=EDGE_LOOP('',(#762));
#2934=EDGE_LOOP('',(#763));
#2935=EDGE_LOOP('',(#764));
#2936=EDGE_LOOP('',(#765));
#2937=EDGE_LOOP('',(#766));
#2938=EDGE_LOOP('',(#767));
#2939=EDGE_LOOP('',(#768));
#2940=EDGE_LOOP('',(#769));
#2941=EDGE_LOOP('',(#770));
#2942=EDGE_LOOP('',(#771,#772,#773,#774,#775,#776,#777,#778,#779,#780,#781,#782));
#2943=EDGE_LOOP('',(#783,#784,#785,#786));
#2944=EDGE_LOOP('',(#787,#788,#789,#790));
#2945=EDGE_LOOP('',(#791,#792,#793,#794));
#2946=EDGE_LOOP('',(#795,#796,#797,#798));
#2947=EDGE_LOOP('',(#799,#800,#801,#802));
#2948=EDGE_LOOP('',(#803,#804,#805,#806));
#2949=EDGE_LOOP('',(#807,#808,#809,#810));
#2950=EDGE_LOOP('',(#811,#812,#813,#814));
#2951=EDGE_LOOP('',(#815,#816,#817,#818));
#2952=EDGE_LOOP('',(#819,#820,#821,#822));
#2953=EDGE_LOOP('',(#823,#824,#825,#826));
#2954=EDGE_LOOP('',(#827,#828,#829,#830));
#2955=EDGE_LOOP('',(#831,#832,#833,#834));
#2956=EDGE_LOOP('',(#835,#836,#837,#838));
#2957=EDGE_LOOP('',(#839,#840,#841,#842));
#2958=EDGE_LOOP('',(#843,#844,#845,#846));
#2959=EDGE_LOOP('',(#847,#848,#849,#850));
#2960=EDGE_LOOP('',(#851,#852,#853,#854));
#2961=EDGE_LOOP('',(#855,#856,#857,#858));
#2962=EDGE_LOOP('',(#859,#860,#861,#862));
#2963=EDGE_LOOP('',(#863,#864,#865,#866));
#2964=EDGE_LOOP('',(#867,#868,#869,#870));
#2965=EDGE_LOOP('',(#871,#872,#873,#874));
#2966=EDGE_LOOP('',(#875,#876,#877,#878));
#2967=EDGE_LOOP('',(#879,#880,#881,#882));
#2968=EDGE_LOOP('',(#883,#884,#885,#886));
#2969=EDGE_LOOP('',(#887,#888,#889,#890));
#2970=EDGE_LOOP('',(#891,#892,#893,#894));
#2971=EDGE_LOOP('',(#895,#896,#897,#898));
#2972=EDGE_LOOP('',(#899,#900,#901,#902));
#2973=EDGE_LOOP('',(#903,#904,#905,#906));
#2974=EDGE_LOOP('',(#907,#908,#909,#910));
#2975=EDGE_LOOP('',(#911,#912,#913,#914));
#2976=EDGE_LOOP('',(#915,#916,#917,#918));
#2977=EDGE_LOOP('',(#919,#920,#921,#922,#923,#924,#925,#926));
#2978=EDGE_LOOP('',(#927,#928,#929,#930));
#2979=EDGE_LOOP('',(#931,#932,#933,#934));
#2980=EDGE_LOOP('',(#935,#936,#937,#938));
#2981=EDGE_LOOP('',(#939,#940,#941,#942));
#2982=EDGE_LOOP('',(#943,#944,#945,#946));
#2983=EDGE_LOOP('',(#947,#948,#949,#950));
#2984=EDGE_LOOP('',(#951,#952,#953,#954));
#2985=EDGE_LOOP('',(#955,#956,#957,#958));
#2986=EDGE_LOOP('',(#959,#960,#961,#962));
#2987=EDGE_LOOP('',(#963,#964,#965,#966));
#2988=EDGE_LOOP('',(#967,#968,#969,#970));
#2989=EDGE_LOOP('',(#971,#972,#973,#974));
#2990=EDGE_LOOP('',(#975,#976,#977,#978));
#2991=EDGE_LOOP('',(#979,#980,#981,#982));
#2992=EDGE_LOOP('',(#983,#984,#985,#986));
#2993=EDGE_LOOP('',(#987,#988,#989,#990,#991,#992,#993,#994,#995,#996,#997,#998,#999,#1000,#1001,#1002,#1003,#1004,#1005,#1006,#1007,#1008,#1009,#1010,#1011,#1012,#1013,#1014,#1015,#1016,#1017,#1018,#1019,#1020,#1021,#1022,#1023,#1024,#1025,#1026,#1027));
#2994=EDGE_LOOP('',(#1028,#1029,#1030,#1031,#1032,#1033,#1034,#1035,#1036,#1037,#1038,#1039,#1040,#1041,#1042,#1043,#1044,#1045,#1046,#1047,#1048,#1049,#1050,#1051,#1052,#1053,#1054,#1055,#1056,#1057,#1058,#1059,#1060,#1061,#1062,#1063,#1064,#1065,#1066,#1067,#1068,#1069));
#2995=EDGE_LOOP('',(#1070,#1071,#1072,#1073,#1074));
#2996=EDGE_LOOP('',(#1075,#1076,#1077,#1078));
#2997=EDGE_LOOP('',(#1079,#1080,#1081,#1082));
#2998=EDGE_LOOP('',(#1083,#1084,#1085,#1086));
#2999=EDGE_LOOP('',(#1087,#1088,#1089,#1090));
#3000=EDGE_LOOP('',(#1091,#1092,#1093,#1094));
#3001=EDGE_LOOP('',(#1095,#1096,#1097,#1098));
#3002=EDGE_LOOP('',(#1099,#1100,#1101,#1102));
#3003=EDGE_LOOP('',(#1103,#1104,#1105,#1106));
#3004=EDGE_LOOP('',(#1107,#1108,#1109,#1110));
#3005=EDGE_LOOP('',(#1111,#1112,#1113,#1114));
#3006=EDGE_LOOP('',(#1115,#1116,#1117,#1118));
#3007=EDGE_LOOP('',(#1119,#1120,#1121,#1122));
#3008=EDGE_LOOP('',(#1123,#1124,#1125,#1126));
#3009=EDGE_LOOP('',(#1127,#1128,#1129,#1130));
#3010=EDGE_LOOP('',(#1131,#1132,#1133,#1134));
#3011=EDGE_LOOP('',(#1135,#1136,#1137,#1138));
#3012=EDGE_LOOP('',(#1139,#1140,#1141,#1142));
#3013=EDGE_LOOP('',(#1143,#1144,#1145,#1146));
#3014=EDGE_LOOP('',(#1147,#1148,#1149,#1150));
#3015=EDGE_LOOP('',(#1151,#1152,#1153,#1154));
#3016=EDGE_LOOP('',(#1155,#1156,#1157,#1158));
#3017=EDGE_LOOP('',(#1159,#1160,#1161,#1162));
#3018=EDGE_LOOP('',(#1163,#1164,#1165,#1166));
#3019=EDGE_LOOP('',(#1167,#1168,#1169,#1170));
#3020=EDGE_LOOP('',(#1171,#1172,#1173,#1174));
#3021=EDGE_LOOP('',(#1175,#1176,#1177,#1178));
#3022=EDGE_LOOP('',(#1179,#1180,#1181,#1182));
#3023=EDGE_LOOP('',(#1183,#1184,#1185,#1186));
#3024=EDGE_LOOP('',(#1187,#1188,#1189,#1190));
#3025=EDGE_LOOP('',(#1191,#1192,#1193,#1194));
#3026=EDGE_LOOP('',(#1195,#1196,#1197,#1198));
#3027=EDGE_LOOP('',(#1199,#1200,#1201,#1202));
#3028=EDGE_LOOP('',(#1203,#1204,#1205,#1206));
#3029=EDGE_LOOP('',(#1207,#1208,#1209,#1210));
#3030=EDGE_LOOP('',(#1211,#1212,#1213,#1214));
#3031=EDGE_LOOP('',(#1215,#1216,#1217,#1218));
#3032=EDGE_LOOP('',(#1219,#1220,#1221,#1222));
#3033=EDGE_LOOP('',(#1223,#1224,#1225,#1226));
#3034=EDGE_LOOP('',(#1227,#1228,#1229,#1230));
#3035=EDGE_LOOP('',(#1231,#1232,#1233,#1234));
#3036=EDGE_LOOP('',(#1235,#1236,#1237,#1238));
#3037=EDGE_LOOP('',(#1239,#1240,#1241,#1242));
#3038=EDGE_LOOP('',(#1243,#1244,#1245,#1246));
#3039=EDGE_LOOP('',(#1247,#1248,#1249,#1250));
#3040=EDGE_LOOP('',(#1251,#1252,#1253,#1254));
#3041=EDGE_LOOP('',(#1255,#1256,#1257,#1258));
#3042=EDGE_LOOP('',(#1259,#1260,#1261,#1262));
#3043=EDGE_LOOP('',(#1263,#1264,#1265,#1266));
#3044=EDGE_LOOP('',(#1267,#1268,#1269,#1270));
#3045=EDGE_LOOP('',(#1271,#1272,#1273,#1274));
#3046=EDGE_LOOP('',(#1275,#1276,#1277,#1278));
#3047=EDGE_LOOP('',(#1279,#1280,#1281,#1282));
#3048=EDGE_LOOP('',(#1283,#1284,#1285,#1286));
#3049=EDGE_LOOP('',(#1287,#1288,#1289,#1290));
#3050=EDGE_LOOP('',(#1291,#1292,#1293,#1294));
#3051=EDGE_LOOP('',(#1295,#1296,#1297,#1298));
#3052=EDGE_LOOP('',(#1299,#1300,#1301,#1302));
#3053=EDGE_LOOP('',(#1303,#1304,#1305,#1306));
#3054=EDGE_LOOP('',(#1307,#1308,#1309,#1310));
#3055=EDGE_LOOP('',(#1311,#1312,#1313,#1314));
#3056=EDGE_LOOP('',(#1315,#1316,#1317,#1318));
#3057=EDGE_LOOP('',(#1319,#1320,#1321,#1322));
#3058=EDGE_LOOP('',(#1323,#1324,#1325,#1326));
#3059=EDGE_LOOP('',(#1327,#1328,#1329,#1330));
#3060=EDGE_LOOP('',(#1331,#1332,#1333,#1334));
#3061=EDGE_LOOP('',(#1335,#1336,#1337,#1338));
#3062=EDGE_LOOP('',(#1339,#1340,#1341,#1342));
#3063=EDGE_LOOP('',(#1343,#1344,#1345,#1346));
#3064=EDGE_LOOP('',(#1347,#1348,#1349,#1350));
#3065=EDGE_LOOP('',(#1351,#1352,#1353,#1354));
#3066=EDGE_LOOP('',(#1355,#1356,#1357,#1358));
#3067=EDGE_LOOP('',(#1359,#1360,#1361,#1362));
#3068=EDGE_LOOP('',(#1363,#1364,#1365,#1366));
#3069=EDGE_LOOP('',(#1367,#1368,#1369,#1370));
#3070=EDGE_LOOP('',(#1371,#1372,#1373,#1374));
#3071=EDGE_LOOP('',(#1375,#1376,#1377,#1378));
#3072=EDGE_LOOP('',(#1379,#1380,#1381,#1382));
#3073=EDGE_LOOP('',(#1383,#1384,#1385,#1386));
#3074=EDGE_LOOP('',(#1387,#1388,#1389,#1390));
#3075=EDGE_LOOP('',(#1391,#1392,#1393,#1394));
#3076=EDGE_LOOP('',(#1395,#1396,#1397,#1398));
#3077=EDGE_LOOP('',(#1399,#1400,#1401,#1402));
#3078=EDGE_LOOP('',(#1403,#1404,#1405,#1406));
#3079=EDGE_LOOP('',(#1407,#1408,#1409,#1410));
#3080=EDGE_LOOP('',(#1411,#1412,#1413,#1414));
#3081=EDGE_LOOP('',(#1415,#1416,#1417,#1418));
#3082=EDGE_LOOP('',(#1419,#1420,#1421,#1422));
#3083=EDGE_LOOP('',(#1423,#1424,#1425,#1426));
#3084=EDGE_LOOP('',(#1427,#1428,#1429,#1430));
#3085=EDGE_LOOP('',(#1431,#1432,#1433,#1434));
#3086=EDGE_LOOP('',(#1435,#1436,#1437));
#3087=EDGE_LOOP('',(#1438,#1439,#1440,#1441,#1442,#1443));
#3088=EDGE_LOOP('',(#1444,#1445,#1446,#1447));
#3089=EDGE_LOOP('',(#1448,#1449,#1450,#1451,#1452));
#3090=EDGE_LOOP('',(#1453,#1454,#1455,#1456));
#3091=EDGE_LOOP('',(#1457,#1458,#1459,#1460));
#3092=EDGE_LOOP('',(#1461,#1462,#1463,#1464));
#3093=EDGE_LOOP('',(#1465,#1466,#1467,#1468));
#3094=EDGE_LOOP('',(#1469,#1470,#1471,#1472));
#3095=FACE_BOUND('',#2855,.T.);
#3096=FACE_BOUND('',#2856,.T.);
#3097=FACE_BOUND('',#2857,.T.);
#3098=FACE_BOUND('',#2858,.T.);
#3099=FACE_BOUND('',#2859,.T.);
#3100=FACE_BOUND('',#2860,.T.);
#3101=FACE_BOUND('',#2861,.T.);
#3102=FACE_BOUND('',#2862,.T.);
#3103=FACE_BOUND('',#2863,.T.);
#3104=FACE_BOUND('',#2864,.T.);
#3105=FACE_BOUND('',#2865,.T.);
#3106=FACE_BOUND('',#2866,.T.);
#3107=FACE_BOUND('',#2867,.T.);
#3108=FACE_BOUND('',#2868,.T.);
#3109=FACE_BOUND('',#2869,.T.);
#3110=FACE_BOUND('',#2870,.T.);
#3111=FACE_BOUND('',#2871,.T.);
#3112=FACE_BOUND('',#2872,.T.);
#3113=FACE_BOUND('',#2873,.T.);
#3114=FACE_BOUND('',#2874,.T.);
#3115=FACE_BOUND('',#2875,.T.);
#3116=FACE_BOUND('',#2876,.T.);
#3117=FACE_BOUND('',#2877,.T.);
#3118=FACE_BOUND('',#2878,.T.);
#3119=FACE_BOUND('',#2879,.T.);
#3120=FACE_BOUND('',#2880,.T.);
#3121=FACE_BOUND('',#2881,.T.);
#3122=FACE_BOUND('',#2882,.T.);
#3123=FACE_BOUND('',#2883,.T.);
#3124=FACE_BOUND('',#2884,.T.);
#3125=FACE_BOUND('',#2885,.T.);
#3126=FACE_BOUND('',#2886,.T.);
#3127=FACE_BOUND('',#2887,.T.);
#3128=FACE_BOUND('',#2888,.T.);
#3129=FACE_BOUND('',#2889,.T.);
#3130=FACE_BOUND('',#2890,.T.);
#3131=FACE_BOUND('',#2891,.T.);
#3132=FACE_BOUND('',#2892,.T.);
#3133=FACE_BOUND('',#2893,.T.);
#3134=FACE_BOUND('',#2894,.T.);
#3135=FACE_BOUND('',#2895,.T.);
#3136=FACE_BOUND('',#2896,.T.);
#3137=FACE_BOUND('',#2897,.T.);
#3138=FACE_BOUND('',#2898,.T.);
#3139=FACE_BOUND('',#2899,.T.);
#3140=FACE_BOUND('',#2900,.T.);
#3141=FACE_BOUND('',#2901,.T.);
#3142=FACE_BOUND('',#2902,.T.);
#3143=FACE_BOUND('',#2903,.T.);
#3144=FACE_BOUND('',#2904,.T.);
#3145=FACE_BOUND('',#2905,.T.);
#3146=FACE_BOUND('',#2906,.T.);
#3147=FACE_BOUND('',#2907,.T.);
#3148=FACE_BOUND('',#2908,.T.);
#3149=FACE_BOUND('',#2909,.T.);
#3150=FACE_BOUND('',#2910,.T.);
#3151=FACE_BOUND('',#2911,.T.);
#3152=FACE_BOUND('',#2912,.T.);
#3153=FACE_BOUND('',#2913,.T.);
#3154=FACE_BOUND('',#2914,.T.);
#3155=FACE_BOUND('',#2915,.T.);
#3156=FACE_BOUND('',#2916,.T.);
#3157=FACE_BOUND('',#2917,.T.);
#3158=FACE_BOUND('',#2918,.T.);
#3159=FACE_BOUND('',#2919,.T.);
#3160=FACE_BOUND('',#2920,.T.);
#3161=FACE_BOUND('',#2921,.T.);
#3162=FACE_BOUND('',#2922,.T.);
#3163=FACE_BOUND('',#2923,.T.);
#3164=FACE_BOUND('',#2924,.T.);
#3165=FACE_BOUND('',#2925,.T.);
#3166=FACE_BOUND('',#2926,.T.);
#3167=FACE_BOUND('',#2927,.T.);
#3168=FACE_BOUND('',#2928,.T.);
#3169=FACE_BOUND('',#2929,.T.);
#3170=FACE_BOUND('',#2930,.T.);
#3171=FACE_BOUND('',#2931,.T.);
#3172=FACE_BOUND('',#2932,.T.);
#3173=FACE_BOUND('',#2933,.T.);
#3174=FACE_BOUND('',#2934,.T.);
#3175=FACE_BOUND('',#2935,.T.);
#3176=FACE_BOUND('',#2936,.T.);
#3177=FACE_BOUND('',#2937,.T.);
#3178=FACE_BOUND('',#2938,.T.);
#3179=FACE_BOUND('',#2939,.T.);
#3180=FACE_BOUND('',#2940,.T.);
#3181=FACE_BOUND('',#2941,.T.);
#3182=FACE_BOUND('',#2942,.T.);
#3183=FACE_BOUND('',#2943,.T.);
#3184=FACE_BOUND('',#2944,.T.);
#3185=FACE_BOUND('',#2945,.T.);
#3186=FACE_BOUND('',#2946,.T.);
#3187=FACE_BOUND('',#2947,.T.);
#3188=FACE_BOUND('',#2948,.T.);
#3189=FACE_BOUND('',#2949,.T.);
#3190=FACE_BOUND('',#2950,.T.);
#3191=FACE_BOUND('',#2951,.T.);
#3192=FACE_BOUND('',#2952,.T.);
#3193=FACE_BOUND('',#2953,.T.);
#3194=FACE_BOUND('',#2954,.T.);
#3195=FACE_BOUND('',#2955,.T.);
#3196=FACE_BOUND('',#2956,.T.);
#3197=FACE_BOUND('',#2957,.T.);
#3198=FACE_BOUND('',#2958,.T.);
#3199=FACE_BOUND('',#2959,.T.);
#3200=FACE_BOUND('',#2960,.T.);
#3201=FACE_BOUND('',#2961,.T.);
#3202=FACE_BOUND('',#2962,.T.);
#3203=FACE_BOUND('',#2963,.T.);
#3204=FACE_BOUND('',#2964,.T.);
#3205=FACE_BOUND('',#2965,.T.);
#3206=FACE_BOUND('',#2966,.T.);
#3207=FACE_BOUND('',#2967,.T.);
#3208=FACE_BOUND('',#2968,.T.);
#3209=FACE_BOUND('',#2969,.T.);
#3210=FACE_BOUND('',#2970,.T.);
#3211=FACE_BOUND('',#2971,.T.);
#3212=FACE_BOUND('',#2972,.T.);
#3213=FACE_BOUND('',#2973,.T.);
#3214=FACE_BOUND('',#2974,.T.);
#3215=FACE_BOUND('',#2975,.T.);
#3216=FACE_BOUND('',#2976,.T.);
#3217=FACE_BOUND('',#2977,.T.);
#3218=FACE_BOUND('',#2978,.T.);
#3219=FACE_BOUND('',#2979,.T.);
#3220=FACE_BOUND('',#2980,.T.);
#3221=FACE_BOUND('',#2981,.T.);
#3222=FACE_BOUND('',#2982,.T.);
#3223=FACE_BOUND('',#2983,.T.);
#3224=FACE_BOUND('',#2984,.T.);
#3225=FACE_BOUND('',#2985,.T.);
#3226=FACE_BOUND('',#2986,.T.);
#3227=FACE_BOUND('',#2987,.T.);
#3228=FACE_BOUND('',#2988,.T.);
#3229=FACE_BOUND('',#2989,.T.);
#3230=FACE_BOUND('',#2990,.T.);
#3231=FACE_BOUND('',#2991,.T.);
#3232=FACE_BOUND('',#2992,.T.);
#3233=FACE_BOUND('',#2993,.T.);
#3234=FACE_BOUND('',#2994,.T.);
#3235=FACE_BOUND('',#2995,.T.);
#3236=FACE_BOUND('',#2996,.T.);
#3237=FACE_BOUND('',#2997,.T.);
#3238=FACE_BOUND('',#2998,.T.);
#3239=FACE_BOUND('',#2999,.T.);
#3240=FACE_BOUND('',#3000,.T.);
#3241=FACE_BOUND('',#3001,.T.);
#3242=FACE_BOUND('',#3002,.T.);
#3243=FACE_BOUND('',#3003,.T.);
#3244=FACE_BOUND('',#3004,.T.);
#3245=FACE_BOUND('',#3005,.T.);
#3246=FACE_BOUND('',#3006,.T.);
#3247=FACE_BOUND('',#3007,.T.);
#3248=FACE_BOUND('',#3008,.T.);
#3249=FACE_BOUND('',#3009,.T.);
#3250=FACE_BOUND('',#3010,.T.);
#3251=FACE_BOUND('',#3011,.T.);
#3252=FACE_BOUND('',#3012,.T.);
#3253=FACE_BOUND('',#3013,.T.);
#3254=FACE_BOUND('',#3014,.T.);
#3255=FACE_BOUND('',#3015,.T.);
#3256=FACE_BOUND('',#3016,.T.);
#3257=FACE_BOUND('',#3017,.T.);
#3258=FACE_BOUND('',#3018,.T.);
#3259=FACE_BOUND('',#3019,.T.);
#3260=FACE_BOUND('',#3020,.T.);
#3261=FACE_BOUND('',#3021,.T.);
#3262=FACE_BOUND('',#3022,.T.);
#3263=FACE_BOUND('',#3023,.T.);
#3264=FACE_BOUND('',#3024,.T.);
#3265=FACE_BOUND('',#3025,.T.);
#3266=FACE_BOUND('',#3026,.T.);
#3267=FACE_BOUND('',#3027,.T.);
#3268=FACE_BOUND('',#3028,.T.);
#3269=FACE_BOUND('',#3029,.T.);
#3270=FACE_BOUND('',#3030,.T.);
#3271=FACE_BOUND('',#3031,.T.);
#3272=FACE_BOUND('',#3032,.T.);
#3273=FACE_BOUND('',#3033,.T.);
#3274=FACE_BOUND('',#3034,.T.);
#3275=FACE_BOUND('',#3035,.T.);
#3276=FACE_BOUND('',#3036,.T.);
#3277=FACE_BOUND('',#3037,.T.);
#3278=FACE_BOUND('',#3038,.T.);
#3279=FACE_BOUND('',#3039,.T.);
#3280=FACE_BOUND('',#3040,.T.);
#3281=FACE_BOUND('',#3041,.T.);
#3282=FACE_BOUND('',#3042,.T.);
#3283=FACE_BOUND('',#3043,.T.);
#3284=FACE_BOUND('',#3044,.T.);
#3285=FACE_BOUND('',#3045,.T.);
#3286=FACE_BOUND('',#3046,.T.);
#3287=FACE_BOUND('',#3047,.T.);
#3288=FACE_BOUND('',#3048,.T.);
#3289=FACE_BOUND('',#3049,.T.);
#3290=FACE_BOUND('',#3050,.T.);
#3291=FACE_BOUND('',#3051,.T.);
#3292=FACE_BOUND('',#3052,.T.);
#3293=FACE_BOUND('',#3053,.T.);
#3294=FACE_BOUND('',#3054,.T.);
#3295=FACE_BOUND('',#3055,.T.);
#3296=FACE_BOUND('',#3056,.T.);
#3297=FACE_BOUND('',#3057,.T.);
#3298=FACE_BOUND('',#3058,.T.);
#3299=FACE_BOUND('',#3059,.T.);
#3300=FACE_BOUND('',#3060,.T.);
#3301=FACE_BOUND('',#3061,.T.);
#3302=FACE_BOUND('',#3062,.T.);
#3303=FACE_BOUND('',#3063,.T.);
#3304=FACE_BOUND('',#3064,.T.);
#3305=FACE_BOUND('',#3065,.T.);
#3306=FACE_BOUND('',#3066,.T.);
#3307=FACE_BOUND('',#3067,.T.);
#3308=FACE_BOUND('',#3068,.T.);
#3309=FACE_BOUND('',#3069,.T.);
#3310=FACE_BOUND('',#3070,.T.);
#3311=FACE_BOUND('',#3071,.T.);
#3312=FACE_BOUND('',#3072,.T.);
#3313=FACE_BOUND('',#3073,.T.);
#3314=FACE_BOUND('',#3074,.T.);
#3315=FACE_BOUND('',#3075,.T.);
#3316=FACE_BOUND('',#3076,.T.);
#3317=FACE_BOUND('',#3077,.T.);
#3318=FACE_BOUND('',#3078,.T.);
#3319=FACE_BOUND('',#3079,.T.);
#3320=FACE_BOUND('',#3080,.T.);
#3321=FACE_BOUND('',#3081,.T.);
#3322=FACE_BOUND('',#3082,.T.);
#3323=FACE_BOUND('',#3083,.T.);
#3324=FACE_BOUND('',#3084,.T.);
#3325=FACE_BOUND('',#3085,.T.);
#3326=FACE_BOUND('',#3086,.T.);
#3327=FACE_BOUND('',#3087,.T.);
#3328=FACE_BOUND('',#3088,.T.);
#3329=FACE_BOUND('',#3089,.T.);
#3330=FACE_BOUND('',#3090,.T.);
#3331=FACE_BOUND('',#3091,.T.);
#3332=FACE_BOUND('',#3092,.T.);
#3333=FACE_BOUND('',#3093,.T.);
#3334=FACE_BOUND('',#3094,.T.);
#3335=PLANE('',#3632);
#3336=PLANE('',#3635);
#3337=PLANE('',#3638);
#3338=PLANE('',#3641);
#3339=PLANE('',#3644);
#3340=PLANE('',#3675);
#3341=PLANE('',#3677);
#3342=PLANE('',#3678);
#3343=PLANE('',#3679);
#3344=PLANE('',#3684);
#3345=PLANE('',#3691);
#3346=PLANE('',#3695);
#3347=PLANE('',#3702);
#3348=PLANE('',#3706);
#3349=PLANE('',#3710);
#3350=PLANE('',#3714);
#3351=PLANE('',#3718);
#3352=PLANE('',#3722);
#3353=PLANE('',#3726);
#3354=PLANE('',#3730);
#3355=PLANE('',#3734);
#3356=PLANE('',#3738);
#3357=PLANE('',#3742);
#3358=PLANE('',#3746);
#3359=PLANE('',#3750);
#3360=PLANE('',#3754);
#3361=PLANE('',#3758);
#3362=PLANE('',#3764);
#3363=PLANE('',#3791);
#3364=PLANE('',#3792);
#3365=PLANE('',#3798);
#3366=PLANE('',#3799);
#3367=PLANE('',#3805);
#3368=PLANE('',#3806);
#3369=PLANE('',#3812);
#3370=PLANE('',#3813);
#3371=PLANE('',#3814);
#3372=PLANE('',#3815);
#3373=PLANE('',#3817);
#3374=PLANE('',#3819);
#3375=PLANE('',#3820);
#3376=PLANE('',#3822);
#3377=PLANE('',#3824);
#3378=PLANE('',#3827);
#3379=PLANE('',#3830);
#3380=PLANE('',#3833);
#3381=PLANE('',#3836);
#3382=PLANE('',#3839);
#3383=PLANE('',#3842);
#3384=PLANE('',#3845);
#3385=PLANE('',#3848);
#3386=PLANE('',#3851);
#3387=PLANE('',#3854);
#3388=PLANE('',#3859);
#3389=PLANE('',#3862);
#3390=PLANE('',#3865);
#3391=PLANE('',#3868);
#3392=PLANE('',#3871);
#3393=PLANE('',#3874);
#3394=PLANE('',#3877);
#3395=PLANE('',#3880);
#3396=PLANE('',#3883);
#3397=PLANE('',#3886);
#3398=PLANE('',#3908);
#3399=PLANE('',#3912);
#3400=PLANE('',#3915);
#3401=ADVANCED_FACE('',(#3095,#3096),#3335,.T.);
#3402=ADVANCED_FACE('',(#3097,#3098),#3336,.F.);
#3403=ADVANCED_FACE('',(#3099),#3337,.T.);
#3404=ADVANCED_FACE('',(#3100),#3338,.T.);
#3405=ADVANCED_FACE('',(#3101,#3102,#3103,#3104,#3105,#3106),#3339,.T.);
#3406=ADVANCED_FACE('',(#3107),#3340,.T.);
#3407=ADVANCED_FACE('',(#3108),#3341,.T.);
#3408=ADVANCED_FACE('',(#3109),#3342,.F.);
#3409=ADVANCED_FACE('',(#3110),#3343,.T.);
#3410=ADVANCED_FACE('',(#3111),#62,.T.);
#3411=ADVANCED_FACE('',(#3112),#3344,.T.);
#3412=ADVANCED_FACE('',(#3113),#63,.T.);
#3413=ADVANCED_FACE('',(#3114),#64,.F.);
#3414=ADVANCED_FACE('',(#3115),#3345,.T.);
#3415=ADVANCED_FACE('',(#3116),#65,.T.);
#3416=ADVANCED_FACE('',(#3117),#3346,.T.);
#3417=ADVANCED_FACE('',(#3118),#66,.F.);
#3418=ADVANCED_FACE('',(#3119),#67,.T.);
#3419=ADVANCED_FACE('',(#3120),#3347,.T.);
#3420=ADVANCED_FACE('',(#3121),#68,.F.);
#3421=ADVANCED_FACE('',(#3122),#3348,.T.);
#3422=ADVANCED_FACE('',(#3123),#69,.T.);
#3423=ADVANCED_FACE('',(#3124),#3349,.T.);
#3424=ADVANCED_FACE('',(#3125),#70,.T.);
#3425=ADVANCED_FACE('',(#3126),#3350,.T.);
#3426=ADVANCED_FACE('',(#3127),#71,.F.);
#3427=ADVANCED_FACE('',(#3128),#3351,.T.);
#3428=ADVANCED_FACE('',(#3129),#72,.T.);
#3429=ADVANCED_FACE('',(#3130),#3352,.T.);
#3430=ADVANCED_FACE('',(#3131),#73,.F.);
#3431=ADVANCED_FACE('',(#3132),#3353,.T.);
#3432=ADVANCED_FACE('',(#3133),#74,.T.);
#3433=ADVANCED_FACE('',(#3134),#3354,.T.);
#3434=ADVANCED_FACE('',(#3135),#75,.T.);
#3435=ADVANCED_FACE('',(#3136),#3355,.T.);
#3436=ADVANCED_FACE('',(#3137),#76,.T.);
#3437=ADVANCED_FACE('',(#3138),#3356,.T.);
#3438=ADVANCED_FACE('',(#3139),#77,.F.);
#3439=ADVANCED_FACE('',(#3140),#3357,.T.);
#3440=ADVANCED_FACE('',(#3141),#78,.F.);
#3441=ADVANCED_FACE('',(#3142),#3358,.T.);
#3442=ADVANCED_FACE('',(#3143),#79,.T.);
#3443=ADVANCED_FACE('',(#3144),#3359,.T.);
#3444=ADVANCED_FACE('',(#3145),#80,.F.);
#3445=ADVANCED_FACE('',(#3146),#3360,.T.);
#3446=ADVANCED_FACE('',(#3147),#81,.F.);
#3447=ADVANCED_FACE('',(#3148),#3361,.T.);
#3448=ADVANCED_FACE('',(#3149),#82,.T.);
#3449=ADVANCED_FACE('',(#3150,#3151),#83,.F.);
#3450=ADVANCED_FACE('',(#3152,#3153),#3362,.F.);
#3451=ADVANCED_FACE('',(#3154,#3155),#84,.F.);
#3452=ADVANCED_FACE('',(#3156,#3157),#85,.T.);
#3453=ADVANCED_FACE('',(#3158,#3159),#3363,.T.);
#3454=ADVANCED_FACE('',(#3160),#3364,.T.);
#3455=ADVANCED_FACE('',(#3161,#3162),#86,.F.);
#3456=ADVANCED_FACE('',(#3163,#3164),#87,.T.);
#3457=ADVANCED_FACE('',(#3165,#3166),#3365,.T.);
#3458=ADVANCED_FACE('',(#3167),#3366,.T.);
#3459=ADVANCED_FACE('',(#3168,#3169),#88,.F.);
#3460=ADVANCED_FACE('',(#3170,#3171),#89,.T.);
#3461=ADVANCED_FACE('',(#3172,#3173),#3367,.T.);
#3462=ADVANCED_FACE('',(#3174),#3368,.T.);
#3463=ADVANCED_FACE('',(#3175,#3176),#90,.F.);
#3464=ADVANCED_FACE('',(#3177,#3178),#91,.T.);
#3465=ADVANCED_FACE('',(#3179,#3180),#3369,.T.);
#3466=ADVANCED_FACE('',(#3181),#3370,.T.);
#3467=ADVANCED_FACE('',(#3182),#3371,.F.);
#3468=ADVANCED_FACE('',(#3183),#3372,.F.);
#3469=ADVANCED_FACE('',(#3184),#92,.T.);
#3470=ADVANCED_FACE('',(#3185),#3373,.T.);
#3471=ADVANCED_FACE('',(#3186),#93,.T.);
#3472=ADVANCED_FACE('',(#3187),#3374,.T.);
#3473=ADVANCED_FACE('',(#3188),#3375,.F.);
#3474=ADVANCED_FACE('',(#3189),#94,.T.);
#3475=ADVANCED_FACE('',(#3190),#3376,.T.);
#3476=ADVANCED_FACE('',(#3191),#95,.T.);
#3477=ADVANCED_FACE('',(#3192),#3377,.T.);
#3478=ADVANCED_FACE('',(#3193),#96,.F.);
#3479=ADVANCED_FACE('',(#3194),#3378,.F.);
#3480=ADVANCED_FACE('',(#3195),#97,.T.);
#3481=ADVANCED_FACE('',(#3196),#3379,.F.);
#3482=ADVANCED_FACE('',(#3197),#98,.F.);
#3483=ADVANCED_FACE('',(#3198),#3380,.F.);
#3484=ADVANCED_FACE('',(#3199),#99,.T.);
#3485=ADVANCED_FACE('',(#3200),#3381,.F.);
#3486=ADVANCED_FACE('',(#3201),#100,.F.);
#3487=ADVANCED_FACE('',(#3202),#3382,.F.);
#3488=ADVANCED_FACE('',(#3203),#101,.F.);
#3489=ADVANCED_FACE('',(#3204),#3383,.F.);
#3490=ADVANCED_FACE('',(#3205),#102,.T.);
#3491=ADVANCED_FACE('',(#3206),#3384,.F.);
#3492=ADVANCED_FACE('',(#3207),#103,.F.);
#3493=ADVANCED_FACE('',(#3208),#3385,.F.);
#3494=ADVANCED_FACE('',(#3209),#104,.T.);
#3495=ADVANCED_FACE('',(#3210),#3386,.F.);
#3496=ADVANCED_FACE('',(#3211),#105,.F.);
#3497=ADVANCED_FACE('',(#3212),#3387,.F.);
#3498=ADVANCED_FACE('',(#3213),#106,.T.);
#3499=ADVANCED_FACE('',(#3214),#107,.F.);
#3500=ADVANCED_FACE('',(#3215),#3388,.F.);
#3501=ADVANCED_FACE('',(#3216),#108,.F.);
#3502=ADVANCED_FACE('',(#3217),#3389,.F.);
#3503=ADVANCED_FACE('',(#3218),#109,.F.);
#3504=ADVANCED_FACE('',(#3219),#3390,.F.);
#3505=ADVANCED_FACE('',(#3220),#110,.T.);
#3506=ADVANCED_FACE('',(#3221),#3391,.F.);
#3507=ADVANCED_FACE('',(#3222),#111,.T.);
#3508=ADVANCED_FACE('',(#3223),#3392,.F.);
#3509=ADVANCED_FACE('',(#3224),#112,.F.);
#3510=ADVANCED_FACE('',(#3225),#3393,.F.);
#3511=ADVANCED_FACE('',(#3226),#113,.T.);
#3512=ADVANCED_FACE('',(#3227),#3394,.F.);
#3513=ADVANCED_FACE('',(#3228),#114,.T.);
#3514=ADVANCED_FACE('',(#3229),#3395,.F.);
#3515=ADVANCED_FACE('',(#3230),#115,.F.);
#3516=ADVANCED_FACE('',(#3231),#3396,.F.);
#3517=ADVANCED_FACE('',(#3232),#116,.F.);
#3518=ADVANCED_FACE('',(#3233,#3234),#3397,.T.);
#3519=ADVANCED_FACE('',(#3235),#3398,.F.);
#3520=ADVANCED_FACE('',(#3236),#117,.F.);
#3521=ADVANCED_FACE('',(#3237),#3399,.T.);
#3522=ADVANCED_FACE('',(#3238),#118,.F.);
#3523=ADVANCED_FACE('',(#3239),#3400,.T.);
#3524=ADVANCED_FACE('',(#3240),#119,.T.);
#3525=ADVANCED_FACE('',(#3241),#16,.T.);
#3526=ADVANCED_FACE('',(#3242),#17,.T.);
#3527=ADVANCED_FACE('',(#3243),#120,.T.);
#3528=ADVANCED_FACE('',(#3244),#121,.T.);
#3529=ADVANCED_FACE('',(#3245),#18,.T.);
#3530=ADVANCED_FACE('',(#3246),#19,.T.);
#3531=ADVANCED_FACE('',(#3247),#122,.T.);
#3532=ADVANCED_FACE('',(#3248),#123,.T.);
#3533=ADVANCED_FACE('',(#3249),#20,.T.);
#3534=ADVANCED_FACE('',(#3250),#21,.T.);
#3535=ADVANCED_FACE('',(#3251),#124,.T.);
#3536=ADVANCED_FACE('',(#3252),#22,.T.);
#3537=ADVANCED_FACE('',(#3253),#23,.T.);
#3538=ADVANCED_FACE('',(#3254),#125,.T.);
#3539=ADVANCED_FACE('',(#3255),#126,.T.);
#3540=ADVANCED_FACE('',(#3256),#24,.T.);
#3541=ADVANCED_FACE('',(#3257),#25,.T.);
#3542=ADVANCED_FACE('',(#3258),#127,.T.);
#3543=ADVANCED_FACE('',(#3259),#128,.T.);
#3544=ADVANCED_FACE('',(#3260),#26,.T.);
#3545=ADVANCED_FACE('',(#3261),#27,.T.);
#3546=ADVANCED_FACE('',(#3262),#129,.T.);
#3547=ADVANCED_FACE('',(#3263),#130,.T.);
#3548=ADVANCED_FACE('',(#3264),#28,.T.);
#3549=ADVANCED_FACE('',(#3265),#29,.T.);
#3550=ADVANCED_FACE('',(#3266),#131,.T.);
#3551=ADVANCED_FACE('',(#3267),#132,.T.);
#3552=ADVANCED_FACE('',(#3268),#30,.T.);
#3553=ADVANCED_FACE('',(#3269),#31,.T.);
#3554=ADVANCED_FACE('',(#3270),#133,.T.);
#3555=ADVANCED_FACE('',(#3271),#134,.T.);
#3556=ADVANCED_FACE('',(#3272),#32,.T.);
#3557=ADVANCED_FACE('',(#3273),#33,.T.);
#3558=ADVANCED_FACE('',(#3274),#135,.T.);
#3559=ADVANCED_FACE('',(#3275),#136,.T.);
#3560=ADVANCED_FACE('',(#3276),#34,.T.);
#3561=ADVANCED_FACE('',(#3277),#35,.T.);
#3562=ADVANCED_FACE('',(#3278),#137,.T.);
#3563=ADVANCED_FACE('',(#3279),#138,.T.);
#3564=ADVANCED_FACE('',(#3280),#36,.T.);
#3565=ADVANCED_FACE('',(#3281),#37,.T.);
#3566=ADVANCED_FACE('',(#3282),#139,.T.);
#3567=ADVANCED_FACE('',(#3283),#38,.T.);
#3568=ADVANCED_FACE('',(#3284),#140,.T.);
#3569=ADVANCED_FACE('',(#3285),#39,.T.);
#3570=ADVANCED_FACE('',(#3286),#141,.T.);
#3571=ADVANCED_FACE('',(#3287),#40,.T.);
#3572=ADVANCED_FACE('',(#3288),#142,.T.);
#3573=ADVANCED_FACE('',(#3289),#41,.T.);
#3574=ADVANCED_FACE('',(#3290),#42,.T.);
#3575=ADVANCED_FACE('',(#3291),#143,.T.);
#3576=ADVANCED_FACE('',(#3292),#43,.T.);
#3577=ADVANCED_FACE('',(#3293),#144,.T.);
#3578=ADVANCED_FACE('',(#3294),#44,.T.);
#3579=ADVANCED_FACE('',(#3295),#145,.T.);
#3580=ADVANCED_FACE('',(#3296),#45,.T.);
#3581=ADVANCED_FACE('',(#3297),#146,.T.);
#3582=ADVANCED_FACE('',(#3298),#46,.T.);
#3583=ADVANCED_FACE('',(#3299),#147,.T.);
#3584=ADVANCED_FACE('',(#3300),#47,.T.);
#3585=ADVANCED_FACE('',(#3301),#148,.T.);
#3586=ADVANCED_FACE('',(#3302),#48,.T.);
#3587=ADVANCED_FACE('',(#3303),#149,.T.);
#3588=ADVANCED_FACE('',(#3304),#49,.T.);
#3589=ADVANCED_FACE('',(#3305),#150,.T.);
#3590=ADVANCED_FACE('',(#3306),#50,.T.);
#3591=ADVANCED_FACE('',(#3307),#151,.T.);
#3592=ADVANCED_FACE('',(#3308),#51,.T.);
#3593=ADVANCED_FACE('',(#3309),#152,.T.);
#3594=ADVANCED_FACE('',(#3310),#52,.T.);
#3595=ADVANCED_FACE('',(#3311),#153,.T.);
#3596=ADVANCED_FACE('',(#3312),#53,.T.);
#3597=ADVANCED_FACE('',(#3313),#154,.T.);
#3598=ADVANCED_FACE('',(#3314),#54,.T.);
#3599=ADVANCED_FACE('',(#3315),#155,.T.);
#3600=ADVANCED_FACE('',(#3316),#55,.T.);
#3601=ADVANCED_FACE('',(#3317),#156,.T.);
#3602=ADVANCED_FACE('',(#3318),#56,.T.);
#3603=ADVANCED_FACE('',(#3319),#157,.T.);
#3604=ADVANCED_FACE('',(#3320),#57,.T.);
#3605=ADVANCED_FACE('',(#3321),#158,.T.);
#3606=ADVANCED_FACE('',(#3322),#58,.T.);
#3607=ADVANCED_FACE('',(#3323),#159,.T.);
#3608=ADVANCED_FACE('',(#3324),#160,.T.);
#3609=ADVANCED_FACE('',(#3325),#59,.T.);
#3610=ADVANCED_FACE('',(#3326),#60,.T.);
#3611=ADVANCED_FACE('',(#3327),#161,.T.);
#3612=ADVANCED_FACE('',(#3328),#15,.T.);
#3613=ADVANCED_FACE('',(#3329),#162,.T.);
#3614=ADVANCED_FACE('',(#3330),#163,.T.);
#3615=ADVANCED_FACE('',(#3331),#164,.T.);
#3616=ADVANCED_FACE('',(#3332),#165,.T.);
#3617=ADVANCED_FACE('',(#3333),#61,.T.);
#3618=ADVANCED_FACE('',(#3334),#166,.T.);
#3619=CLOSED_SHELL('',(#3401,#3402,#3403,#3404,#3405,#3406,#3407,#3408,#3409,#3410,#3411,#3412,#3413,#3414,#3415,#3416,#3417,#3418,#3419,#3420,#3421,#3422,#3423,#3424,#3425,#3426,#3427,#3428,#3429,#3430,#3431,#3432,#3433,#3434,#3435,#3436,#3437,#3438,#3439,#3440,#3441,#3442,#3443,#3444,#3445,#3446,#3447,#3448,#3449,#3450,#3451,#3452,#3453,#3454,#3455,#3456,#3457,#3458,#3459,#3460,#3461,#3462,#3463,#3464,#3465,#3466,#3467,#3468,#3469,#3470,#3471,#3472,#3473,#3474,#3475,#3476,#3477,#3478,#3479,#3480,#3481,#3482,#3483,#3484,#3485,#3486,#3487,#3488,#3489,#3490,#3491,#3492,#3493,#3494,#3495,#3496,#3497,#3498,#3499,#3500,#3501,#3502,#3503,#3504,#3505,#3506,#3507,#3508,#3509,#3510,#3511,#3512,#3513,#3514,#3515,#3516,#3517,#3518,#3519,#3520,#3521,#3522,#3523,#3524,#3525,#3526,#3527,#3528,#3529,#3530,#3531,#3532,#3533,#3534,#3535,#3536,#3537,#3538,#3539,#3540,#3541,#3542,#3543,#3544,#3545,#3546,#3547,#3548,#3549,#3550,#3551,#3552,#3553,#3554,#3555,#3556,#3557,#3558,#3559,#3560,#3561,#3562,#3563,#3564,#3565,#3566,#3567,#3568,#3569,#3570,#3571,#3572,#3573,#3574,#3575,#3576,#3577,#3578,#3579,#3580,#3581,#3582,#3583,#3584,#3585,#3586,#3587,#3588,#3589,#3590,#3591,#3592,#3593,#3594,#3595,#3596,#3597,#3598,#3599,#3600,#3601,#3602,#3603,#3604,#3605,#3606,#3607,#3608,#3609,#3610,#3611,#3612,#3613,#3614,#3615,#3616,#3617,#3618));
#3620=STYLED_ITEM('',(#3621),#3628);
#3621=PRESENTATION_STYLE_ASSIGNMENT((#3622));
#3622=SURFACE_STYLE_USAGE(.BOTH.,#3623);
#3623=SURFACE_SIDE_STYLE('',(#3624));
#3624=SURFACE_STYLE_FILL_AREA(#3625);
#3625=FILL_AREA_STYLE('',(#3626));
#3626=FILL_AREA_STYLE_COLOUR('',#3627);
#3627=COLOUR_RGB('',0.615686274509804,0.811764705882353,0.929411764705882);
#3628=MANIFOLD_SOLID_BREP('Left',#3619);
#3629=SHAPE_DEFINITION_REPRESENTATION(#6419,#3630);
#3630=SHAPE_REPRESENTATION('Left',(#3631),#6414);
#3631=AXIS2_PLACEMENT_3D('',#5316,#4104,#4105);
#3632=AXIS2_PLACEMENT_3D('',#5317,#4106,#4107);
#3633=AXIS2_PLACEMENT_3D('',#5321,#4109,#4110);
#3634=AXIS2_PLACEMENT_3D('',#5325,#4112,#4113);
#3635=AXIS2_PLACEMENT_3D('',#5334,#4118,#4119);
#3636=AXIS2_PLACEMENT_3D('',#5346,#4125,#4126);
#3637=AXIS2_PLACEMENT_3D('',#5350,#4128,#4129);
#3638=AXIS2_PLACEMENT_3D('',#5351,#4130,#4131);
#3639=AXIS2_PLACEMENT_3D('',#5357,#4134,#4135);
#3640=AXIS2_PLACEMENT_3D('',#5361,#4137,#4138);
#3641=AXIS2_PLACEMENT_3D('',#5364,#4140,#4141);
#3642=AXIS2_PLACEMENT_3D('',#5370,#4144,#4145);
#3643=AXIS2_PLACEMENT_3D('',#5374,#4147,#4148);
#3644=AXIS2_PLACEMENT_3D('',#5377,#4150,#4151);
#3645=AXIS2_PLACEMENT_3D('',#5378,#4152,#4153);
#3646=AXIS2_PLACEMENT_3D('',#5380,#4154,#4155);
#3647=AXIS2_PLACEMENT_3D('',#5382,#4156,#4157);
#3648=AXIS2_PLACEMENT_3D('',#5384,#4158,#4159);
#3649=AXIS2_PLACEMENT_3D('',#5386,#4160,#4161);
#3650=AXIS2_PLACEMENT_3D('',#5399,#4167,#4168);
#3651=AXIS2_PLACEMENT_3D('',#5403,#4170,#4171);
#3652=AXIS2_PLACEMENT_3D('',#5404,#4172,#4173);
#3653=AXIS2_PLACEMENT_3D('',#5408,#4175,#4176);
#3654=AXIS2_PLACEMENT_3D('',#5412,#4178,#4179);
#3655=AXIS2_PLACEMENT_3D('',#5416,#4181,#4182);
#3656=AXIS2_PLACEMENT_3D('',#5420,#4184,#4185);
#3657=AXIS2_PLACEMENT_3D('',#5424,#4187,#4188);
#3658=AXIS2_PLACEMENT_3D('',#5428,#4190,#4191);
#3659=AXIS2_PLACEMENT_3D('',#5432,#4193,#4194);
#3660=AXIS2_PLACEMENT_3D('',#5436,#4196,#4197);
#3661=AXIS2_PLACEMENT_3D('',#5440,#4199,#4200);
#3662=AXIS2_PLACEMENT_3D('',#5444,#4202,#4203);
#3663=AXIS2_PLACEMENT_3D('',#5450,#4206,#4207);
#3664=AXIS2_PLACEMENT_3D('',#5454,#4209,#4210);
#3665=AXIS2_PLACEMENT_3D('',#5462,#4214,#4215);
#3666=AXIS2_PLACEMENT_3D('',#5466,#4217,#4218);
#3667=AXIS2_PLACEMENT_3D('',#5472,#4221,#4222);
#3668=AXIS2_PLACEMENT_3D('',#5476,#4224,#4225);
#3669=AXIS2_PLACEMENT_3D('',#5480,#4227,#4228);
#3670=AXIS2_PLACEMENT_3D('',#5484,#4230,#4231);
#3671=AXIS2_PLACEMENT_3D('',#5488,#4233,#4234);
#3672=AXIS2_PLACEMENT_3D('',#5492,#4236,#4237);
#3673=AXIS2_PLACEMENT_3D('',#5496,#4239,#4240);
#3674=AXIS2_PLACEMENT_3D('',#5500,#4242,#4243);
#3675=AXIS2_PLACEMENT_3D('',#5501,#4244,#4245);
#3676=AXIS2_PLACEMENT_3D('',#5502,#4246,#4247);
#3677=AXIS2_PLACEMENT_3D('',#5513,#4253,#4254);
#3678=AXIS2_PLACEMENT_3D('',#5517,#4257,#4258);
#3679=AXIS2_PLACEMENT_3D('',#5530,#4263,#4264);
#3680=AXIS2_PLACEMENT_3D('',#5543,#4271,#4272);
#3681=AXIS2_PLACEMENT_3D('',#5544,#4273,#4274);
#3682=AXIS2_PLACEMENT_3D('',#5548,#4276,#4277);
#3683=AXIS2_PLACEMENT_3D('',#5552,#4279,#4280);
#3684=AXIS2_PLACEMENT_3D('',#5553,#4281,#4282);
#3685=AXIS2_PLACEMENT_3D('',#5559,#4286,#4287);
#3686=AXIS2_PLACEMENT_3D('',#5560,#4288,#4289);
#3687=AXIS2_PLACEMENT_3D('',#5561,#4290,#4291);
#3688=AXIS2_PLACEMENT_3D('',#5562,#4292,#4293);
#3689=AXIS2_PLACEMENT_3D('',#5566,#4295,#4296);
#3690=AXIS2_PLACEMENT_3D('',#5567,#4297,#4298);
#3691=AXIS2_PLACEMENT_3D('',#5568,#4299,#4300);
#3692=AXIS2_PLACEMENT_3D('',#5574,#4304,#4305);
#3693=AXIS2_PLACEMENT_3D('',#5578,#4307,#4308);
#3694=AXIS2_PLACEMENT_3D('',#5579,#4309,#4310);
#3695=AXIS2_PLACEMENT_3D('',#5580,#4311,#4312);
#3696=AXIS2_PLACEMENT_3D('',#5586,#4316,#4317);
#3697=AXIS2_PLACEMENT_3D('',#5590,#4319,#4320);
#3698=AXIS2_PLACEMENT_3D('',#5591,#4321,#4322);
#3699=AXIS2_PLACEMENT_3D('',#5592,#4323,#4324);
#3700=AXIS2_PLACEMENT_3D('',#5596,#4326,#4327);
#3701=AXIS2_PLACEMENT_3D('',#5597,#4328,#4329);
#3702=AXIS2_PLACEMENT_3D('',#5598,#4330,#4331);
#3703=AXIS2_PLACEMENT_3D('',#5604,#4335,#4336);
#3704=AXIS2_PLACEMENT_3D('',#5608,#4338,#4339);
#3705=AXIS2_PLACEMENT_3D('',#5609,#4340,#4341);
#3706=AXIS2_PLACEMENT_3D('',#5610,#4342,#4343);
#3707=AXIS2_PLACEMENT_3D('',#5616,#4347,#4348);
#3708=AXIS2_PLACEMENT_3D('',#5620,#4350,#4351);
#3709=AXIS2_PLACEMENT_3D('',#5621,#4352,#4353);
#3710=AXIS2_PLACEMENT_3D('',#5622,#4354,#4355);
#3711=AXIS2_PLACEMENT_3D('',#5628,#4359,#4360);
#3712=AXIS2_PLACEMENT_3D('',#5632,#4362,#4363);
#3713=AXIS2_PLACEMENT_3D('',#5633,#4364,#4365);
#3714=AXIS2_PLACEMENT_3D('',#5634,#4366,#4367);
#3715=AXIS2_PLACEMENT_3D('',#5640,#4371,#4372);
#3716=AXIS2_PLACEMENT_3D('',#5644,#4374,#4375);
#3717=AXIS2_PLACEMENT_3D('',#5645,#4376,#4377);
#3718=AXIS2_PLACEMENT_3D('',#5646,#4378,#4379);
#3719=AXIS2_PLACEMENT_3D('',#5652,#4383,#4384);
#3720=AXIS2_PLACEMENT_3D('',#5656,#4386,#4387);
#3721=AXIS2_PLACEMENT_3D('',#5657,#4388,#4389);
#3722=AXIS2_PLACEMENT_3D('',#5658,#4390,#4391);
#3723=AXIS2_PLACEMENT_3D('',#5664,#4395,#4396);
#3724=AXIS2_PLACEMENT_3D('',#5668,#4398,#4399);
#3725=AXIS2_PLACEMENT_3D('',#5669,#4400,#4401);
#3726=AXIS2_PLACEMENT_3D('',#5670,#4402,#4403);
#3727=AXIS2_PLACEMENT_3D('',#5676,#4407,#4408);
#3728=AXIS2_PLACEMENT_3D('',#5680,#4410,#4411);
#3729=AXIS2_PLACEMENT_3D('',#5681,#4412,#4413);
#3730=AXIS2_PLACEMENT_3D('',#5682,#4414,#4415);
#3731=AXIS2_PLACEMENT_3D('',#5688,#4419,#4420);
#3732=AXIS2_PLACEMENT_3D('',#5692,#4422,#4423);
#3733=AXIS2_PLACEMENT_3D('',#5693,#4424,#4425);
#3734=AXIS2_PLACEMENT_3D('',#5694,#4426,#4427);
#3735=AXIS2_PLACEMENT_3D('',#5700,#4431,#4432);
#3736=AXIS2_PLACEMENT_3D('',#5704,#4434,#4435);
#3737=AXIS2_PLACEMENT_3D('',#5705,#4436,#4437);
#3738=AXIS2_PLACEMENT_3D('',#5706,#4438,#4439);
#3739=AXIS2_PLACEMENT_3D('',#5712,#4443,#4444);
#3740=AXIS2_PLACEMENT_3D('',#5716,#4446,#4447);
#3741=AXIS2_PLACEMENT_3D('',#5717,#4448,#4449);
#3742=AXIS2_PLACEMENT_3D('',#5718,#4450,#4451);
#3743=AXIS2_PLACEMENT_3D('',#5724,#4455,#4456);
#3744=AXIS2_PLACEMENT_3D('',#5728,#4458,#4459);
#3745=AXIS2_PLACEMENT_3D('',#5729,#4460,#4461);
#3746=AXIS2_PLACEMENT_3D('',#5730,#4462,#4463);
#3747=AXIS2_PLACEMENT_3D('',#5736,#4467,#4468);
#3748=AXIS2_PLACEMENT_3D('',#5740,#4470,#4471);
#3749=AXIS2_PLACEMENT_3D('',#5741,#4472,#4473);
#3750=AXIS2_PLACEMENT_3D('',#5742,#4474,#4475);
#3751=AXIS2_PLACEMENT_3D('',#5748,#4479,#4480);
#3752=AXIS2_PLACEMENT_3D('',#5752,#4482,#4483);
#3753=AXIS2_PLACEMENT_3D('',#5753,#4484,#4485);
#3754=AXIS2_PLACEMENT_3D('',#5754,#4486,#4487);
#3755=AXIS2_PLACEMENT_3D('',#5760,#4491,#4492);
#3756=AXIS2_PLACEMENT_3D('',#5764,#4494,#4495);
#3757=AXIS2_PLACEMENT_3D('',#5765,#4496,#4497);
#3758=AXIS2_PLACEMENT_3D('',#5766,#4498,#4499);
#3759=AXIS2_PLACEMENT_3D('',#5772,#4503,#4504);
#3760=AXIS2_PLACEMENT_3D('',#5773,#4505,#4506);
#3761=AXIS2_PLACEMENT_3D('',#5774,#4507,#4508);
#3762=AXIS2_PLACEMENT_3D('',#5775,#4509,#4510);
#3763=AXIS2_PLACEMENT_3D('',#5776,#4511,#4512);
#3764=AXIS2_PLACEMENT_3D('',#5778,#4513,#4514);
#3765=AXIS2_PLACEMENT_3D('',#5786,#4518,#4519);
#3766=AXIS2_PLACEMENT_3D('',#5790,#4521,#4522);
#3767=AXIS2_PLACEMENT_3D('',#5794,#4524,#4525);
#3768=AXIS2_PLACEMENT_3D('',#5798,#4527,#4528);
#3769=AXIS2_PLACEMENT_3D('',#5802,#4530,#4531);
#3770=AXIS2_PLACEMENT_3D('',#5806,#4533,#4534);
#3771=AXIS2_PLACEMENT_3D('',#5810,#4536,#4537);
#3772=AXIS2_PLACEMENT_3D('',#5814,#4539,#4540);
#3773=AXIS2_PLACEMENT_3D('',#5818,#4542,#4543);
#3774=AXIS2_PLACEMENT_3D('',#5822,#4545,#4546);
#3775=AXIS2_PLACEMENT_3D('',#5826,#4548,#4549);
#3776=AXIS2_PLACEMENT_3D('',#5830,#4551,#4552);
#3777=AXIS2_PLACEMENT_3D('',#5834,#4554,#4555);
#3778=AXIS2_PLACEMENT_3D('',#5838,#4557,#4558);
#3779=AXIS2_PLACEMENT_3D('',#5842,#4560,#4561);
#3780=AXIS2_PLACEMENT_3D('',#5846,#4563,#4564);
#3781=AXIS2_PLACEMENT_3D('',#5848,#4565,#4566);
#3782=AXIS2_PLACEMENT_3D('',#5852,#4568,#4569);
#3783=AXIS2_PLACEMENT_3D('',#5856,#4571,#4572);
#3784=AXIS2_PLACEMENT_3D('',#5860,#4574,#4575);
#3785=AXIS2_PLACEMENT_3D('',#5864,#4577,#4578);
#3786=AXIS2_PLACEMENT_3D('',#5867,#4580,#4581);
#3787=AXIS2_PLACEMENT_3D('',#5868,#4582,#4583);
#3788=AXIS2_PLACEMENT_3D('',#5870,#4584,#4585);
#3789=AXIS2_PLACEMENT_3D('',#5872,#4586,#4587);
#3790=AXIS2_PLACEMENT_3D('',#5873,#4588,#4589);
#3791=AXIS2_PLACEMENT_3D('',#5875,#4590,#4591);
#3792=AXIS2_PLACEMENT_3D('',#5876,#4592,#4593);
#3793=AXIS2_PLACEMENT_3D('',#5877,#4594,#4595);
#3794=AXIS2_PLACEMENT_3D('',#5878,#4596,#4597);
#3795=AXIS2_PLACEMENT_3D('',#5880,#4598,#4599);
#3796=AXIS2_PLACEMENT_3D('',#5882,#4600,#4601);
#3797=AXIS2_PLACEMENT_3D('',#5883,#4602,#4603);
#3798=AXIS2_PLACEMENT_3D('',#5885,#4604,#4605);
#3799=AXIS2_PLACEMENT_3D('',#5886,#4606,#4607);
#3800=AXIS2_PLACEMENT_3D('',#5887,#4608,#4609);
#3801=AXIS2_PLACEMENT_3D('',#5888,#4610,#4611);
#3802=AXIS2_PLACEMENT_3D('',#5890,#4612,#4613);
#3803=AXIS2_PLACEMENT_3D('',#5892,#4614,#4615);
#3804=AXIS2_PLACEMENT_3D('',#5893,#4616,#4617);
#3805=AXIS2_PLACEMENT_3D('',#5895,#4618,#4619);
#3806=AXIS2_PLACEMENT_3D('',#5896,#4620,#4621);
#3807=AXIS2_PLACEMENT_3D('',#5897,#4622,#4623);
#3808=AXIS2_PLACEMENT_3D('',#5898,#4624,#4625);
#3809=AXIS2_PLACEMENT_3D('',#5900,#4626,#4627);
#3810=AXIS2_PLACEMENT_3D('',#5902,#4628,#4629);
#3811=AXIS2_PLACEMENT_3D('',#5903,#4630,#4631);
#3812=AXIS2_PLACEMENT_3D('',#5905,#4632,#4633);
#3813=AXIS2_PLACEMENT_3D('',#5906,#4634,#4635);
#3814=AXIS2_PLACEMENT_3D('',#5907,#4636,#4637);
#3815=AXIS2_PLACEMENT_3D('',#5917,#4645,#4646);
#3816=AXIS2_PLACEMENT_3D('',#5919,#4648,#4649);
#3817=AXIS2_PLACEMENT_3D('',#5921,#4651,#4652);
#3818=AXIS2_PLACEMENT_3D('',#5923,#4654,#4655);
#3819=AXIS2_PLACEMENT_3D('',#5925,#4657,#4658);
#3820=AXIS2_PLACEMENT_3D('',#5926,#4659,#4660);
#3821=AXIS2_PLACEMENT_3D('',#5928,#4662,#4663);
#3822=AXIS2_PLACEMENT_3D('',#5930,#4665,#4666);
#3823=AXIS2_PLACEMENT_3D('',#5932,#4668,#4669);
#3824=AXIS2_PLACEMENT_3D('',#5934,#4671,#4672);
#3825=AXIS2_PLACEMENT_3D('',#5935,#4673,#4674);
#3826=AXIS2_PLACEMENT_3D('',#5938,#4676,#4677);
#3827=AXIS2_PLACEMENT_3D('',#5939,#4678,#4679);
#3828=AXIS2_PLACEMENT_3D('',#5943,#4682,#4683);
#3829=AXIS2_PLACEMENT_3D('',#5946,#4685,#4686);
#3830=AXIS2_PLACEMENT_3D('',#5947,#4687,#4688);
#3831=AXIS2_PLACEMENT_3D('',#5951,#4691,#4692);
#3832=AXIS2_PLACEMENT_3D('',#5954,#4694,#4695);
#3833=AXIS2_PLACEMENT_3D('',#5955,#4696,#4697);
#3834=AXIS2_PLACEMENT_3D('',#5959,#4700,#4701);
#3835=AXIS2_PLACEMENT_3D('',#5962,#4703,#4704);
#3836=AXIS2_PLACEMENT_3D('',#5963,#4705,#4706);
#3837=AXIS2_PLACEMENT_3D('',#5967,#4709,#4710);
#3838=AXIS2_PLACEMENT_3D('',#5970,#4712,#4713);
#3839=AXIS2_PLACEMENT_3D('',#5971,#4714,#4715);
#3840=AXIS2_PLACEMENT_3D('',#5975,#4718,#4719);
#3841=AXIS2_PLACEMENT_3D('',#5978,#4721,#4722);
#3842=AXIS2_PLACEMENT_3D('',#5979,#4723,#4724);
#3843=AXIS2_PLACEMENT_3D('',#5983,#4727,#4728);
#3844=AXIS2_PLACEMENT_3D('',#5986,#4730,#4731);
#3845=AXIS2_PLACEMENT_3D('',#5987,#4732,#4733);
#3846=AXIS2_PLACEMENT_3D('',#5991,#4736,#4737);
#3847=AXIS2_PLACEMENT_3D('',#5994,#4739,#4740);
#3848=AXIS2_PLACEMENT_3D('',#5995,#4741,#4742);
#3849=AXIS2_PLACEMENT_3D('',#5999,#4745,#4746);
#3850=AXIS2_PLACEMENT_3D('',#6002,#4748,#4749);
#3851=AXIS2_PLACEMENT_3D('',#6003,#4750,#4751);
#3852=AXIS2_PLACEMENT_3D('',#6007,#4754,#4755);
#3853=AXIS2_PLACEMENT_3D('',#6010,#4757,#4758);
#3854=AXIS2_PLACEMENT_3D('',#6011,#4759,#4760);
#3855=AXIS2_PLACEMENT_3D('',#6015,#4763,#4764);
#3856=AXIS2_PLACEMENT_3D('',#6016,#4765,#4766);
#3857=AXIS2_PLACEMENT_3D('',#6017,#4767,#4768);
#3858=AXIS2_PLACEMENT_3D('',#6020,#4770,#4771);
#3859=AXIS2_PLACEMENT_3D('',#6021,#4772,#4773);
#3860=AXIS2_PLACEMENT_3D('',#6025,#4776,#4777);
#3861=AXIS2_PLACEMENT_3D('',#6028,#4779,#4780);
#3862=AXIS2_PLACEMENT_3D('',#6029,#4781,#4782);
#3863=AXIS2_PLACEMENT_3D('',#6034,#4786,#4787);
#3864=AXIS2_PLACEMENT_3D('',#6037,#4789,#4790);
#3865=AXIS2_PLACEMENT_3D('',#6038,#4791,#4792);
#3866=AXIS2_PLACEMENT_3D('',#6042,#4795,#4796);
#3867=AXIS2_PLACEMENT_3D('',#6045,#4798,#4799);
#3868=AXIS2_PLACEMENT_3D('',#6046,#4800,#4801);
#3869=AXIS2_PLACEMENT_3D('',#6050,#4804,#4805);
#3870=AXIS2_PLACEMENT_3D('',#6053,#4807,#4808);
#3871=AXIS2_PLACEMENT_3D('',#6054,#4809,#4810);
#3872=AXIS2_PLACEMENT_3D('',#6058,#4813,#4814);
#3873=AXIS2_PLACEMENT_3D('',#6061,#4816,#4817);
#3874=AXIS2_PLACEMENT_3D('',#6062,#4818,#4819);
#3875=AXIS2_PLACEMENT_3D('',#6066,#4822,#4823);
#3876=AXIS2_PLACEMENT_3D('',#6069,#4825,#4826);
#3877=AXIS2_PLACEMENT_3D('',#6070,#4827,#4828);
#3878=AXIS2_PLACEMENT_3D('',#6074,#4831,#4832);
#3879=AXIS2_PLACEMENT_3D('',#6077,#4834,#4835);
#3880=AXIS2_PLACEMENT_3D('',#6078,#4836,#4837);
#3881=AXIS2_PLACEMENT_3D('',#6082,#4840,#4841);
#3882=AXIS2_PLACEMENT_3D('',#6085,#4843,#4844);
#3883=AXIS2_PLACEMENT_3D('',#6086,#4845,#4846);
#3884=AXIS2_PLACEMENT_3D('',#6090,#4849,#4850);
#3885=AXIS2_PLACEMENT_3D('',#6091,#4851,#4852);
#3886=AXIS2_PLACEMENT_3D('',#6092,#4853,#4854);
#3887=AXIS2_PLACEMENT_3D('',#6096,#4856,#4857);
#3888=AXIS2_PLACEMENT_3D('',#6100,#4859,#4860);
#3889=AXIS2_PLACEMENT_3D('',#6104,#4862,#4863);
#3890=AXIS2_PLACEMENT_3D('',#6108,#4865,#4866);
#3891=AXIS2_PLACEMENT_3D('',#6112,#4868,#4869);
#3892=AXIS2_PLACEMENT_3D('',#6116,#4871,#4872);
#3893=AXIS2_PLACEMENT_3D('',#6120,#4874,#4875);
#3894=AXIS2_PLACEMENT_3D('',#6124,#4877,#4878);
#3895=AXIS2_PLACEMENT_3D('',#6126,#4879,#4880);
#3896=AXIS2_PLACEMENT_3D('',#6130,#4882,#4883);
#3897=AXIS2_PLACEMENT_3D('',#6134,#4885,#4886);
#3898=AXIS2_PLACEMENT_3D('',#6138,#4888,#4889);
#3899=AXIS2_PLACEMENT_3D('',#6142,#4891,#4892);
#3900=AXIS2_PLACEMENT_3D('',#6146,#4894,#4895);
#3901=AXIS2_PLACEMENT_3D('',#6150,#4897,#4898);
#3902=AXIS2_PLACEMENT_3D('',#6154,#4900,#4901);
#3903=AXIS2_PLACEMENT_3D('',#6158,#4903,#4904);
#3904=AXIS2_PLACEMENT_3D('',#6162,#4906,#4907);
#3905=AXIS2_PLACEMENT_3D('',#6166,#4909,#4910);
#3906=AXIS2_PLACEMENT_3D('',#6170,#4912,#4913);
#3907=AXIS2_PLACEMENT_3D('',#6174,#4915,#4916);
#3908=AXIS2_PLACEMENT_3D('',#6175,#4917,#4918);
#3909=AXIS2_PLACEMENT_3D('',#6176,#4919,#4920);
#3910=AXIS2_PLACEMENT_3D('',#6179,#4922,#4923);
#3911=AXIS2_PLACEMENT_3D('',#6182,#4925,#4926);
#3912=AXIS2_PLACEMENT_3D('',#6185,#4928,#4929);
#3913=AXIS2_PLACEMENT_3D('',#6189,#4932,#4933);
#3914=AXIS2_PLACEMENT_3D('',#6192,#4935,#4936);
#3915=AXIS2_PLACEMENT_3D('',#6193,#4937,#4938);
#3916=AXIS2_PLACEMENT_3D('',#6195,#4940,#4941);
#3917=AXIS2_PLACEMENT_3D('',#6196,#4942,#4943);
#3918=AXIS2_PLACEMENT_3D('',#6197,#4944,#4945);
#3919=AXIS2_PLACEMENT_3D('',#6198,#4946,#4947);
#3920=AXIS2_PLACEMENT_3D('',#6199,#4948,#4949);
#3921=AXIS2_PLACEMENT_3D('',#6200,#4950,#4951);
#3922=AXIS2_PLACEMENT_3D('',#6201,#4952,#4953);
#3923=AXIS2_PLACEMENT_3D('',#6202,#4954,#4955);
#3924=AXIS2_PLACEMENT_3D('',#6203,#4956,#4957);
#3925=AXIS2_PLACEMENT_3D('',#6204,#4958,#4959);
#3926=AXIS2_PLACEMENT_3D('',#6205,#4960,#4961);
#3927=AXIS2_PLACEMENT_3D('',#6206,#4962,#4963);
#3928=AXIS2_PLACEMENT_3D('',#6207,#4964,#4965);
#3929=AXIS2_PLACEMENT_3D('',#6208,#4966,#4967);
#3930=AXIS2_PLACEMENT_3D('',#6209,#4968,#4969);
#3931=AXIS2_PLACEMENT_3D('',#6210,#4970,#4971);
#3932=AXIS2_PLACEMENT_3D('',#6211,#4972,#4973);
#3933=AXIS2_PLACEMENT_3D('',#6212,#4974,#4975);
#3934=AXIS2_PLACEMENT_3D('',#6213,#4976,#4977);
#3935=AXIS2_PLACEMENT_3D('',#6214,#4978,#4979);
#3936=AXIS2_PLACEMENT_3D('',#6215,#4980,#4981);
#3937=AXIS2_PLACEMENT_3D('',#6216,#4982,#4983);
#3938=AXIS2_PLACEMENT_3D('',#6217,#4984,#4985);
#3939=AXIS2_PLACEMENT_3D('',#6218,#4986,#4987);
#3940=AXIS2_PLACEMENT_3D('',#6219,#4988,#4989);
#3941=AXIS2_PLACEMENT_3D('',#6220,#4990,#4991);
#3942=AXIS2_PLACEMENT_3D('',#6221,#4992,#4993);
#3943=AXIS2_PLACEMENT_3D('',#6222,#4994,#4995);
#3944=AXIS2_PLACEMENT_3D('',#6223,#4996,#4997);
#3945=AXIS2_PLACEMENT_3D('',#6224,#4998,#4999);
#3946=AXIS2_PLACEMENT_3D('',#6225,#5000,#5001);
#3947=AXIS2_PLACEMENT_3D('',#6226,#5002,#5003);
#3948=AXIS2_PLACEMENT_3D('',#6227,#5004,#5005);
#3949=AXIS2_PLACEMENT_3D('',#6228,#5006,#5007);
#3950=AXIS2_PLACEMENT_3D('',#6229,#5008,#5009);
#3951=AXIS2_PLACEMENT_3D('',#6230,#5010,#5011);
#3952=AXIS2_PLACEMENT_3D('',#6231,#5012,#5013);
#3953=AXIS2_PLACEMENT_3D('',#6232,#5014,#5015);
#3954=AXIS2_PLACEMENT_3D('',#6233,#5016,#5017);
#3955=AXIS2_PLACEMENT_3D('',#6234,#5018,#5019);
#3956=AXIS2_PLACEMENT_3D('',#6235,#5020,#5021);
#3957=AXIS2_PLACEMENT_3D('',#6236,#5022,#5023);
#3958=AXIS2_PLACEMENT_3D('',#6237,#5024,#5025);
#3959=AXIS2_PLACEMENT_3D('',#6238,#5026,#5027);
#3960=AXIS2_PLACEMENT_3D('',#6239,#5028,#5029);
#3961=AXIS2_PLACEMENT_3D('',#6240,#5030,#5031);
#3962=AXIS2_PLACEMENT_3D('',#6241,#5032,#5033);
#3963=AXIS2_PLACEMENT_3D('',#6242,#5034,#5035);
#3964=AXIS2_PLACEMENT_3D('',#6243,#5036,#5037);
#3965=AXIS2_PLACEMENT_3D('',#6244,#5038,#5039);
#3966=AXIS2_PLACEMENT_3D('',#6245,#5040,#5041);
#3967=AXIS2_PLACEMENT_3D('',#6246,#5042,#5043);
#3968=AXIS2_PLACEMENT_3D('',#6247,#5044,#5045);
#3969=AXIS2_PLACEMENT_3D('',#6248,#5046,#5047);
#3970=AXIS2_PLACEMENT_3D('',#6249,#5048,#5049);
#3971=AXIS2_PLACEMENT_3D('',#6250,#5050,#5051);
#3972=AXIS2_PLACEMENT_3D('',#6251,#5052,#5053);
#3973=AXIS2_PLACEMENT_3D('',#6252,#5054,#5055);
#3974=AXIS2_PLACEMENT_3D('',#6253,#5056,#5057);
#3975=AXIS2_PLACEMENT_3D('',#6254,#5058,#5059);
#3976=AXIS2_PLACEMENT_3D('',#6255,#5060,#5061);
#3977=AXIS2_PLACEMENT_3D('',#6256,#5062,#5063);
#3978=AXIS2_PLACEMENT_3D('',#6257,#5064,#5065);
#3979=AXIS2_PLACEMENT_3D('',#6258,#5066,#5067);
#3980=AXIS2_PLACEMENT_3D('',#6259,#5068,#5069);
#3981=AXIS2_PLACEMENT_3D('',#6260,#5070,#5071);
#3982=AXIS2_PLACEMENT_3D('',#6261,#5072,#5073);
#3983=AXIS2_PLACEMENT_3D('',#6262,#5074,#5075);
#3984=AXIS2_PLACEMENT_3D('',#6263,#5076,#5077);
#3985=AXIS2_PLACEMENT_3D('',#6264,#5078,#5079);
#3986=AXIS2_PLACEMENT_3D('',#6265,#5080,#5081);
#3987=AXIS2_PLACEMENT_3D('',#6266,#5082,#5083);
#3988=AXIS2_PLACEMENT_3D('',#6267,#5084,#5085);
#3989=AXIS2_PLACEMENT_3D('',#6268,#5086,#5087);
#3990=AXIS2_PLACEMENT_3D('',#6269,#5088,#5089);
#3991=AXIS2_PLACEMENT_3D('',#6270,#5090,#5091);
#3992=AXIS2_PLACEMENT_3D('',#6271,#5092,#5093);
#3993=AXIS2_PLACEMENT_3D('',#6272,#5094,#5095);
#3994=AXIS2_PLACEMENT_3D('',#6273,#5096,#5097);
#3995=AXIS2_PLACEMENT_3D('',#6274,#5098,#5099);
#3996=AXIS2_PLACEMENT_3D('',#6275,#5100,#5101);
#3997=AXIS2_PLACEMENT_3D('',#6276,#5102,#5103);
#3998=AXIS2_PLACEMENT_3D('',#6277,#5104,#5105);
#3999=AXIS2_PLACEMENT_3D('',#6283,#5106,#5107);
#4000=AXIS2_PLACEMENT_3D('',#6284,#5108,#5109);
#4001=AXIS2_PLACEMENT_3D('',#6285,#5110,#5111);
#4002=AXIS2_PLACEMENT_3D('',#6286,#5112,#5113);
#4003=AXIS2_PLACEMENT_3D('',#6287,#5114,#5115);
#4004=AXIS2_PLACEMENT_3D('',#6288,#5116,#5117);
#4005=AXIS2_PLACEMENT_3D('',#6289,#5118,#5119);
#4006=AXIS2_PLACEMENT_3D('',#6290,#5120,#5121);
#4007=AXIS2_PLACEMENT_3D('',#6291,#5122,#5123);
#4008=AXIS2_PLACEMENT_3D('',#6292,#5124,#5125);
#4009=AXIS2_PLACEMENT_3D('',#6293,#5126,#5127);
#4010=AXIS2_PLACEMENT_3D('',#6294,#5128,#5129);
#4011=AXIS2_PLACEMENT_3D('',#6295,#5130,#5131);
#4012=AXIS2_PLACEMENT_3D('',#6296,#5132,#5133);
#4013=AXIS2_PLACEMENT_3D('',#6297,#5134,#5135);
#4014=AXIS2_PLACEMENT_3D('',#6298,#5136,#5137);
#4015=AXIS2_PLACEMENT_3D('',#6299,#5138,#5139);
#4016=AXIS2_PLACEMENT_3D('',#6300,#5140,#5141);
#4017=AXIS2_PLACEMENT_3D('',#6301,#5142,#5143);
#4018=AXIS2_PLACEMENT_3D('',#6302,#5144,#5145);
#4019=AXIS2_PLACEMENT_3D('',#6303,#5146,#5147);
#4020=AXIS2_PLACEMENT_3D('',#6304,#5148,#5149);
#4021=AXIS2_PLACEMENT_3D('',#6305,#5150,#5151);
#4022=AXIS2_PLACEMENT_3D('',#6306,#5152,#5153);
#4023=AXIS2_PLACEMENT_3D('',#6307,#5154,#5155);
#4024=AXIS2_PLACEMENT_3D('',#6308,#5156,#5157);
#4025=AXIS2_PLACEMENT_3D('',#6309,#5158,#5159);
#4026=AXIS2_PLACEMENT_3D('',#6310,#5160,#5161);
#4027=AXIS2_PLACEMENT_3D('',#6311,#5162,#5163);
#4028=AXIS2_PLACEMENT_3D('',#6312,#5164,#5165);
#4029=AXIS2_PLACEMENT_3D('',#6313,#5166,#5167);
#4030=AXIS2_PLACEMENT_3D('',#6314,#5168,#5169);
#4031=AXIS2_PLACEMENT_3D('',#6315,#5170,#5171);
#4032=AXIS2_PLACEMENT_3D('',#6316,#5172,#5173);
#4033=AXIS2_PLACEMENT_3D('',#6317,#5174,#5175);
#4034=AXIS2_PLACEMENT_3D('',#6318,#5176,#5177);
#4035=AXIS2_PLACEMENT_3D('',#6319,#5178,#5179);
#4036=AXIS2_PLACEMENT_3D('',#6320,#5180,#5181);
#4037=AXIS2_PLACEMENT_3D('',#6321,#5182,#5183);
#4038=AXIS2_PLACEMENT_3D('',#6322,#5184,#5185);
#4039=AXIS2_PLACEMENT_3D('',#6323,#5186,#5187);
#4040=AXIS2_PLACEMENT_3D('',#6324,#5188,#5189);
#4041=AXIS2_PLACEMENT_3D('',#6325,#5190,#5191);
#4042=AXIS2_PLACEMENT_3D('',#6326,#5192,#5193);
#4043=AXIS2_PLACEMENT_3D('',#6327,#5194,#5195);
#4044=AXIS2_PLACEMENT_3D('',#6328,#5196,#5197);
#4045=AXIS2_PLACEMENT_3D('',#6329,#5198,#5199);
#4046=AXIS2_PLACEMENT_3D('',#6330,#5200,#5201);
#4047=AXIS2_PLACEMENT_3D('',#6331,#5202,#5203);
#4048=AXIS2_PLACEMENT_3D('',#6332,#5204,#5205);
#4049=AXIS2_PLACEMENT_3D('',#6333,#5206,#5207);
#4050=AXIS2_PLACEMENT_3D('',#6334,#5208,#5209);
#4051=AXIS2_PLACEMENT_3D('',#6335,#5210,#5211);
#4052=AXIS2_PLACEMENT_3D('',#6336,#5212,#5213);
#4053=AXIS2_PLACEMENT_3D('',#6337,#5214,#5215);
#4054=AXIS2_PLACEMENT_3D('',#6338,#5216,#5217);
#4055=AXIS2_PLACEMENT_3D('',#6339,#5218,#5219);
#4056=AXIS2_PLACEMENT_3D('',#6340,#5220,#5221);
#4057=AXIS2_PLACEMENT_3D('',#6341,#5222,#5223);
#4058=AXIS2_PLACEMENT_3D('',#6342,#5224,#5225);
#4059=AXIS2_PLACEMENT_3D('',#6343,#5226,#5227);
#4060=AXIS2_PLACEMENT_3D('',#6344,#5228,#5229);
#4061=AXIS2_PLACEMENT_3D('',#6345,#5230,#5231);
#4062=AXIS2_PLACEMENT_3D('',#6346,#5232,#5233);
#4063=AXIS2_PLACEMENT_3D('',#6347,#5234,#5235);
#4064=AXIS2_PLACEMENT_3D('',#6348,#5236,#5237);
#4065=AXIS2_PLACEMENT_3D('',#6349,#5238,#5239);
#4066=AXIS2_PLACEMENT_3D('',#6350,#5240,#5241);
#4067=AXIS2_PLACEMENT_3D('',#6351,#5242,#5243);
#4068=AXIS2_PLACEMENT_3D('',#6352,#5244,#5245);
#4069=AXIS2_PLACEMENT_3D('',#6353,#5246,#5247);
#4070=AXIS2_PLACEMENT_3D('',#6354,#5248,#5249);
#4071=AXIS2_PLACEMENT_3D('',#6355,#5250,#5251);
#4072=AXIS2_PLACEMENT_3D('',#6356,#5252,#5253);
#4073=AXIS2_PLACEMENT_3D('',#6357,#5254,#5255);
#4074=AXIS2_PLACEMENT_3D('',#6358,#5256,#5257);
#4075=AXIS2_PLACEMENT_3D('',#6359,#5258,#5259);
#4076=AXIS2_PLACEMENT_3D('',#6360,#5260,#5261);
#4077=AXIS2_PLACEMENT_3D('',#6361,#5262,#5263);
#4078=AXIS2_PLACEMENT_3D('',#6362,#5264,#5265);
#4079=AXIS2_PLACEMENT_3D('',#6363,#5266,#5267);
#4080=AXIS2_PLACEMENT_3D('',#6364,#5268,#5269);
#4081=AXIS2_PLACEMENT_3D('',#6365,#5270,#5271);
#4082=AXIS2_PLACEMENT_3D('',#6366,#5272,#5273);
#4083=AXIS2_PLACEMENT_3D('',#6367,#5274,#5275);
#4084=AXIS2_PLACEMENT_3D('',#6368,#5276,#5277);
#4085=AXIS2_PLACEMENT_3D('',#6369,#5278,#5279);
#4086=AXIS2_PLACEMENT_3D('',#6370,#5280,#5281);
#4087=AXIS2_PLACEMENT_3D('',#6371,#5282,#5283);
#4088=AXIS2_PLACEMENT_3D('',#6372,#5284,#5285);
#4089=AXIS2_PLACEMENT_3D('',#6379,#5286,#5287);
#4090=AXIS2_PLACEMENT_3D('',#6380,#5288,#5289);
#4091=AXIS2_PLACEMENT_3D('',#6381,#5290,#5291);
#4092=AXIS2_PLACEMENT_3D('',#6401,#5292,#5293);
#4093=AXIS2_PLACEMENT_3D('',#6402,#5294,#5295);
#4094=AXIS2_PLACEMENT_3D('',#6403,#5296,#5297);
#4095=AXIS2_PLACEMENT_3D('',#6404,#5298,#5299);
#4096=AXIS2_PLACEMENT_3D('',#6405,#5300,#5301);
#4097=AXIS2_PLACEMENT_3D('',#6406,#5302,#5303);
#4098=AXIS2_PLACEMENT_3D('',#6407,#5304,#5305);
#4099=AXIS2_PLACEMENT_3D('',#6408,#5306,#5307);
#4100=AXIS2_PLACEMENT_3D('',#6409,#5308,#5309);
#4101=AXIS2_PLACEMENT_3D('',#6410,#5310,#5311);
#4102=AXIS2_PLACEMENT_3D('',#6411,#5312,#5313);
#4103=AXIS2_PLACEMENT_3D('',#6412,#5314,#5315);
#4104=DIRECTION('',(0.,0.,1.));
#4105=DIRECTION('',(1.,0.,0.));
#4106=DIRECTION('',(0.,1.,0.));
#4107=DIRECTION('',(0.,0.,1.));
#4108=DIRECTION('',(1.,0.,-1.51372031062548E-16));
#4109=DIRECTION('',(0.,1.,0.));
#4110=DIRECTION('',(0.,0.,1.));
#4111=DIRECTION('',(-1.,0.,0.));
#4112=DIRECTION('',(0.,1.,0.));
#4113=DIRECTION('',(0.,0.,1.));
#4114=DIRECTION('',(0.,0.,-1.));
#4115=DIRECTION('',(1.,0.,0.));
#4116=DIRECTION('',(0.,0.,-1.));
#4117=DIRECTION('',(1.,0.,0.));
#4118=DIRECTION('',(0.,1.,0.));
#4119=DIRECTION('',(0.,0.,1.));
#4120=DIRECTION('',(1.,0.,0.));
#4121=DIRECTION('',(0.,0.,-1.));
#4122=DIRECTION('',(1.,0.,0.));
#4123=DIRECTION('',(0.,0.,-1.));
#4124=DIRECTION('',(-1.,0.,1.51372031062548E-16));
#4125=DIRECTION('',(0.,1.,0.));
#4126=DIRECTION('',(0.,0.,1.));
#4127=DIRECTION('',(1.,0.,0.));
#4128=DIRECTION('',(0.,1.,0.));
#4129=DIRECTION('',(0.,0.,1.));
#4130=DIRECTION('',(0.,0.,1.));
#4131=DIRECTION('',(1.,0.,0.));
#4132=DIRECTION('',(0.,1.,0.));
#4133=DIRECTION('',(1.,0.,0.));
#4134=DIRECTION('',(0.,0.,1.));
#4135=DIRECTION('',(1.,0.,0.));
#4136=DIRECTION('',(0.,-1.,0.));
#4137=DIRECTION('',(0.,0.,1.));
#4138=DIRECTION('',(1.,0.,0.));
#4139=DIRECTION('',(1.,0.,0.));
#4140=DIRECTION('',(0.,0.,1.));
#4141=DIRECTION('',(1.,0.,0.));
#4142=DIRECTION('',(0.,1.,0.));
#4143=DIRECTION('',(1.,0.,0.));
#4144=DIRECTION('',(0.,0.,1.));
#4145=DIRECTION('',(1.,0.,0.));
#4146=DIRECTION('',(0.,-1.,0.));
#4147=DIRECTION('',(0.,0.,1.));
#4148=DIRECTION('',(1.,0.,0.));
#4149=DIRECTION('',(1.,0.,0.));
#4150=DIRECTION('',(0.,0.,1.));
#4151=DIRECTION('',(1.,0.,0.));
#4152=DIRECTION('',(0.,0.,1.));
#4153=DIRECTION('',(1.,0.,0.));
#4154=DIRECTION('',(0.,0.,1.));
#4155=DIRECTION('',(1.,0.,0.));
#4156=DIRECTION('',(0.,0.,1.));
#4157=DIRECTION('',(1.,0.,0.));
#4158=DIRECTION('',(0.,0.,1.));
#4159=DIRECTION('',(1.,0.,0.));
#4160=DIRECTION('',(0.,0.,1.));
#4161=DIRECTION('',(1.,0.,0.));
#4162=DIRECTION('',(-0.500000008300184,-0.866025398992325,0.));
#4163=DIRECTION('',(0.866025398992326,-0.500000008300183,0.));
#4164=DIRECTION('',(-0.500000008300184,-0.866025398992325,0.));
#4165=DIRECTION('',(0.866025398992326,-0.500000008300183,0.));
#4166=DIRECTION('',(-0.500000008300651,-0.866025398992056,0.));
#4167=DIRECTION('',(0.,0.,1.));
#4168=DIRECTION('',(1.,0.,0.));
#4169=DIRECTION('',(0.,-1.,0.));
#4170=DIRECTION('',(0.,0.,1.));
#4171=DIRECTION('',(1.,0.,0.));
#4172=DIRECTION('',(0.,0.,1.));
#4173=DIRECTION('',(1.,0.,0.));
#4174=DIRECTION('',(0.,-1.,0.));
#4175=DIRECTION('',(0.,0.,1.));
#4176=DIRECTION('',(1.,0.,0.));
#4177=DIRECTION('',(1.,0.,0.));
#4178=DIRECTION('',(0.,0.,1.));
#4179=DIRECTION('',(1.,0.,0.));
#4180=DIRECTION('',(0.,-1.,0.));
#4181=DIRECTION('',(0.,0.,1.));
#4182=DIRECTION('',(1.,0.,0.));
#4183=DIRECTION('',(1.,0.,0.));
#4184=DIRECTION('',(0.,0.,1.));
#4185=DIRECTION('',(1.,0.,0.));
#4186=DIRECTION('',(0.,-1.,0.));
#4187=DIRECTION('',(0.,0.,1.));
#4188=DIRECTION('',(1.,0.,0.));
#4189=DIRECTION('',(1.,0.,0.));
#4190=DIRECTION('',(0.,0.,1.));
#4191=DIRECTION('',(1.,0.,0.));
#4192=DIRECTION('',(0.,1.,0.));
#4193=DIRECTION('',(0.,0.,1.));
#4194=DIRECTION('',(1.,0.,0.));
#4195=DIRECTION('',(1.,0.,0.));
#4196=DIRECTION('',(0.,0.,1.));
#4197=DIRECTION('',(1.,0.,0.));
#4198=DIRECTION('',(0.,1.,0.));
#4199=DIRECTION('',(0.,0.,1.));
#4200=DIRECTION('',(1.,0.,0.));
#4201=DIRECTION('',(1.,0.,0.));
#4202=DIRECTION('',(0.,0.,1.));
#4203=DIRECTION('',(1.,0.,0.));
#4204=DIRECTION('',(0.,1.,0.));
#4205=DIRECTION('',(1.,0.,0.));
#4206=DIRECTION('',(0.,0.,1.));
#4207=DIRECTION('',(1.,0.,0.));
#4208=DIRECTION('',(0.,-1.,0.));
#4209=DIRECTION('',(0.,0.,1.));
#4210=DIRECTION('',(1.,0.,0.));
#4211=DIRECTION('',(1.,0.,0.));
#4212=DIRECTION('',(0.,1.,0.));
#4213=DIRECTION('',(1.,0.,0.));
#4214=DIRECTION('',(0.,0.,1.));
#4215=DIRECTION('',(1.,0.,0.));
#4216=DIRECTION('',(0.,-1.,0.));
#4217=DIRECTION('',(0.,0.,1.));
#4218=DIRECTION('',(1.,0.,0.));
#4219=DIRECTION('',(1.,0.,0.));
#4220=DIRECTION('',(0.,1.,0.));
#4221=DIRECTION('',(0.,0.,1.));
#4222=DIRECTION('',(1.,0.,0.));
#4223=DIRECTION('',(-1.,0.,0.));
#4224=DIRECTION('',(0.,0.,1.));
#4225=DIRECTION('',(1.,0.,0.));
#4226=DIRECTION('',(0.,-1.,0.));
#4227=DIRECTION('',(0.,0.,1.));
#4228=DIRECTION('',(1.,0.,0.));
#4229=DIRECTION('',(-1.,0.,0.));
#4230=DIRECTION('',(0.,0.,1.));
#4231=DIRECTION('',(1.,0.,0.));
#4232=DIRECTION('',(-0.346572838600085,0.938023063439636,0.));
#4233=DIRECTION('',(0.,0.,1.));
#4234=DIRECTION('',(1.,0.,0.));
#4235=DIRECTION('',(-0.999999999949657,1.00342425213971E-05,0.));
#4236=DIRECTION('',(0.,0.,1.));
#4237=DIRECTION('',(1.,0.,0.));
#4238=DIRECTION('',(-0.965925824817338,0.258819050595092,0.));
#4239=DIRECTION('',(0.,0.,1.));
#4240=DIRECTION('',(1.,0.,0.));
#4241=DIRECTION('',(-0.866029262818099,0.499993315898063,0.));
#4242=DIRECTION('',(0.,0.,1.));
#4243=DIRECTION('',(1.,0.,0.));
#4244=DIRECTION('',(0.500000008300183,0.866025398992326,0.));
#4245=DIRECTION('',(-0.866025398992326,0.500000008300183,0.));
#4246=DIRECTION('',(0.500000008300183,0.866025398992326,0.));
#4247=DIRECTION('',(-0.866025398992326,0.500000008300183,0.));
#4248=DIRECTION('',(0.866025398992326,-0.500000008300183,0.));
#4249=DIRECTION('',(0.,0.,-1.));
#4250=DIRECTION('',(0.,0.,-1.));
#4251=DIRECTION('',(0.866025398992326,-0.500000008300183,0.));
#4252=DIRECTION('',(0.,0.,-1.));
#4253=DIRECTION('',(0.866025398992325,-0.500000008300184,0.));
#4254=DIRECTION('',(0.500000008300184,0.866025398992325,0.));
#4255=DIRECTION('',(-0.500000008300184,-0.866025398992325,0.));
#4256=DIRECTION('',(0.,0.,-1.));
#4257=DIRECTION('',(0.500000008300183,0.866025398992326,0.));
#4258=DIRECTION('',(-0.866025398992326,0.500000008300183,0.));
#4259=DIRECTION('',(0.866025398992326,-0.500000008300183,0.));
#4260=DIRECTION('',(0.,0.,-1.));
#4261=DIRECTION('',(0.866025398992326,-0.500000008300183,0.));
#4262=DIRECTION('',(0.,0.,-1.));
#4263=DIRECTION('',(0.866025398992056,-0.500000008300651,0.));
#4264=DIRECTION('',(0.500000008300651,0.866025398992056,0.));
#4265=DIRECTION('',(-0.500000008300651,-0.866025398992056,0.));
#4266=DIRECTION('',(0.,0.,-1.));
#4267=DIRECTION('',(-0.500000008300651,-0.866025398992056,0.));
#4268=DIRECTION('',(0.,0.,-1.));
#4269=DIRECTION('',(-0.500000008300651,-0.866025398992056,0.));
#4270=DIRECTION('',(0.,0.,-1.));
#4271=DIRECTION('',(0.,0.,-1.));
#4272=DIRECTION('',(-1.,0.,0.));
#4273=DIRECTION('',(0.,0.,1.));
#4274=DIRECTION('',(1.,0.,0.));
#4275=DIRECTION('',(0.,0.,-1.));
#4276=DIRECTION('',(0.,0.,1.));
#4277=DIRECTION('',(1.,0.,0.));
#4278=DIRECTION('',(0.,0.,-1.));
#4279=DIRECTION('',(0.,0.,1.));
#4280=DIRECTION('',(1.,0.,0.));
#4281=DIRECTION('',(1.,0.,0.));
#4282=DIRECTION('',(0.,0.,-1.));
#4283=DIRECTION('',(0.,0.,-1.));
#4284=DIRECTION('',(0.,-1.,0.));
#4285=DIRECTION('',(0.,-1.,0.));
#4286=DIRECTION('',(0.,0.,-1.));
#4287=DIRECTION('',(-1.,0.,0.));
#4288=DIRECTION('',(0.,0.,1.));
#4289=DIRECTION('',(1.,0.,0.));
#4290=DIRECTION('',(0.,0.,1.));
#4291=DIRECTION('',(1.,0.,0.));
#4292=DIRECTION('',(0.,0.,-1.));
#4293=DIRECTION('',(-1.,0.,0.));
#4294=DIRECTION('',(0.,0.,-1.));
#4295=DIRECTION('',(0.,0.,1.));
#4296=DIRECTION('',(1.,0.,0.));
#4297=DIRECTION('',(0.,0.,1.));
#4298=DIRECTION('',(1.,0.,0.));
#4299=DIRECTION('',(1.,0.,0.));
#4300=DIRECTION('',(0.,0.,-1.));
#4301=DIRECTION('',(0.,0.,-1.));
#4302=DIRECTION('',(0.,-1.,0.));
#4303=DIRECTION('',(0.,-1.,0.));
#4304=DIRECTION('',(0.,0.,-1.));
#4305=DIRECTION('',(-1.,0.,0.));
#4306=DIRECTION('',(0.,0.,-1.));
#4307=DIRECTION('',(0.,0.,1.));
#4308=DIRECTION('',(1.,0.,0.));
#4309=DIRECTION('',(0.,0.,1.));
#4310=DIRECTION('',(1.,0.,0.));
#4311=DIRECTION('',(0.,1.,0.));
#4312=DIRECTION('',(0.,0.,1.));
#4313=DIRECTION('',(0.,0.,-1.));
#4314=DIRECTION('',(1.,0.,0.));
#4315=DIRECTION('',(1.,0.,0.));
#4316=DIRECTION('',(0.,0.,-1.));
#4317=DIRECTION('',(-1.,0.,0.));
#4318=DIRECTION('',(0.,0.,-1.));
#4319=DIRECTION('',(0.,0.,1.));
#4320=DIRECTION('',(1.,0.,0.));
#4321=DIRECTION('',(0.,0.,1.));
#4322=DIRECTION('',(1.,0.,0.));
#4323=DIRECTION('',(0.,0.,-1.));
#4324=DIRECTION('',(-1.,0.,0.));
#4325=DIRECTION('',(0.,0.,-1.));
#4326=DIRECTION('',(0.,0.,1.));
#4327=DIRECTION('',(1.,0.,0.));
#4328=DIRECTION('',(0.,0.,1.));
#4329=DIRECTION('',(1.,0.,0.));
#4330=DIRECTION('',(0.,1.,0.));
#4331=DIRECTION('',(0.,0.,1.));
#4332=DIRECTION('',(0.,0.,-1.));
#4333=DIRECTION('',(1.,0.,0.));
#4334=DIRECTION('',(1.,0.,0.));
#4335=DIRECTION('',(0.,0.,-1.));
#4336=DIRECTION('',(-1.,0.,0.));
#4337=DIRECTION('',(0.,0.,-1.));
#4338=DIRECTION('',(0.,0.,1.));
#4339=DIRECTION('',(1.,0.,0.));
#4340=DIRECTION('',(0.,0.,1.));
#4341=DIRECTION('',(1.,0.,0.));
#4342=DIRECTION('',(1.,0.,0.));
#4343=DIRECTION('',(0.,0.,-1.));
#4344=DIRECTION('',(0.,0.,-1.));
#4345=DIRECTION('',(0.,-1.,0.));
#4346=DIRECTION('',(0.,-1.,0.));
#4347=DIRECTION('',(0.,0.,-1.));
#4348=DIRECTION('',(-1.,0.,0.));
#4349=DIRECTION('',(0.,0.,-1.));
#4350=DIRECTION('',(0.,0.,1.));
#4351=DIRECTION('',(1.,0.,0.));
#4352=DIRECTION('',(0.,0.,1.));
#4353=DIRECTION('',(1.,0.,0.));
#4354=DIRECTION('',(0.,1.,0.));
#4355=DIRECTION('',(0.,0.,1.));
#4356=DIRECTION('',(0.,0.,-1.));
#4357=DIRECTION('',(1.,0.,0.));
#4358=DIRECTION('',(1.,0.,0.));
#4359=DIRECTION('',(0.,0.,-1.));
#4360=DIRECTION('',(-1.,0.,0.));
#4361=DIRECTION('',(0.,0.,-1.));
#4362=DIRECTION('',(0.,0.,1.));
#4363=DIRECTION('',(1.,0.,0.));
#4364=DIRECTION('',(0.,0.,1.));
#4365=DIRECTION('',(1.,0.,0.));
#4366=DIRECTION('',(-1.,0.,0.));
#4367=DIRECTION('',(0.,0.,1.));
#4368=DIRECTION('',(0.,0.,-1.));
#4369=DIRECTION('',(0.,1.,0.));
#4370=DIRECTION('',(0.,1.,0.));
#4371=DIRECTION('',(0.,0.,-1.));
#4372=DIRECTION('',(-1.,0.,0.));
#4373=DIRECTION('',(0.,0.,-1.));
#4374=DIRECTION('',(0.,0.,1.));
#4375=DIRECTION('',(1.,0.,0.));
#4376=DIRECTION('',(0.,0.,1.));
#4377=DIRECTION('',(1.,0.,0.));
#4378=DIRECTION('',(0.,1.,0.));
#4379=DIRECTION('',(0.,0.,1.));
#4380=DIRECTION('',(0.,0.,-1.));
#4381=DIRECTION('',(1.,0.,0.));
#4382=DIRECTION('',(1.,0.,0.));
#4383=DIRECTION('',(0.,0.,-1.));
#4384=DIRECTION('',(-1.,0.,0.));
#4385=DIRECTION('',(0.,0.,-1.));
#4386=DIRECTION('',(0.,0.,1.));
#4387=DIRECTION('',(1.,0.,0.));
#4388=DIRECTION('',(0.,0.,1.));
#4389=DIRECTION('',(1.,0.,0.));
#4390=DIRECTION('',(-1.,0.,0.));
#4391=DIRECTION('',(0.,0.,1.));
#4392=DIRECTION('',(0.,0.,-1.));
#4393=DIRECTION('',(0.,1.,0.));
#4394=DIRECTION('',(0.,1.,0.));
#4395=DIRECTION('',(0.,0.,-1.));
#4396=DIRECTION('',(-1.,0.,0.));
#4397=DIRECTION('',(0.,0.,-1.));
#4398=DIRECTION('',(0.,0.,1.));
#4399=DIRECTION('',(1.,0.,0.));
#4400=DIRECTION('',(0.,0.,1.));
#4401=DIRECTION('',(1.,0.,0.));
#4402=DIRECTION('',(0.,1.,0.));
#4403=DIRECTION('',(0.,0.,1.));
#4404=DIRECTION('',(0.,0.,-1.));
#4405=DIRECTION('',(1.,0.,0.));
#4406=DIRECTION('',(1.,0.,0.));
#4407=DIRECTION('',(0.,0.,-1.));
#4408=DIRECTION('',(-1.,0.,0.));
#4409=DIRECTION('',(0.,0.,-1.));
#4410=DIRECTION('',(0.,0.,1.));
#4411=DIRECTION('',(1.,0.,0.));
#4412=DIRECTION('',(0.,0.,1.));
#4413=DIRECTION('',(1.,0.,0.));
#4414=DIRECTION('',(-1.,0.,0.));
#4415=DIRECTION('',(0.,0.,1.));
#4416=DIRECTION('',(0.,0.,-1.));
#4417=DIRECTION('',(0.,1.,0.));
#4418=DIRECTION('',(0.,1.,0.));
#4419=DIRECTION('',(0.,0.,-1.));
#4420=DIRECTION('',(-1.,0.,0.));
#4421=DIRECTION('',(0.,0.,-1.));
#4422=DIRECTION('',(0.,0.,1.));
#4423=DIRECTION('',(1.,0.,0.));
#4424=DIRECTION('',(0.,0.,1.));
#4425=DIRECTION('',(1.,0.,0.));
#4426=DIRECTION('',(0.,-1.,0.));
#4427=DIRECTION('',(0.,0.,-1.));
#4428=DIRECTION('',(0.,0.,-1.));
#4429=DIRECTION('',(-1.,0.,0.));
#4430=DIRECTION('',(-1.,0.,0.));
#4431=DIRECTION('',(0.,0.,-1.));
#4432=DIRECTION('',(-1.,0.,0.));
#4433=DIRECTION('',(0.,0.,-1.));
#4434=DIRECTION('',(0.,0.,1.));
#4435=DIRECTION('',(1.,0.,0.));
#4436=DIRECTION('',(0.,0.,1.));
#4437=DIRECTION('',(1.,0.,0.));
#4438=DIRECTION('',(1.,0.,0.));
#4439=DIRECTION('',(0.,0.,-1.));
#4440=DIRECTION('',(0.,0.,-1.));
#4441=DIRECTION('',(0.,-1.,0.));
#4442=DIRECTION('',(0.,-1.,0.));
#4443=DIRECTION('',(0.,0.,-1.));
#4444=DIRECTION('',(-1.,0.,0.));
#4445=DIRECTION('',(0.,0.,-1.));
#4446=DIRECTION('',(0.,0.,1.));
#4447=DIRECTION('',(1.,0.,0.));
#4448=DIRECTION('',(0.,0.,1.));
#4449=DIRECTION('',(1.,0.,0.));
#4450=DIRECTION('',(0.,-1.,0.));
#4451=DIRECTION('',(0.,0.,-1.));
#4452=DIRECTION('',(0.,0.,-1.));
#4453=DIRECTION('',(-1.,0.,0.));
#4454=DIRECTION('',(-1.,0.,0.));
#4455=DIRECTION('',(0.,0.,-1.));
#4456=DIRECTION('',(-1.,0.,0.));
#4457=DIRECTION('',(0.,0.,-1.));
#4458=DIRECTION('',(0.,0.,1.));
#4459=DIRECTION('',(1.,0.,0.));
#4460=DIRECTION('',(0.,0.,1.));
#4461=DIRECTION('',(1.,0.,0.));
#4462=DIRECTION('',(-0.938023063439636,-0.346572838600085,0.));
#4463=DIRECTION('',(0.346572838600085,-0.938023063439636,0.));
#4464=DIRECTION('',(0.,0.,-1.));
#4465=DIRECTION('',(-0.346572838600085,0.938023063439636,0.));
#4466=DIRECTION('',(-0.346572838600085,0.938023063439636,0.));
#4467=DIRECTION('',(0.,0.,-1.));
#4468=DIRECTION('',(-1.,0.,0.));
#4469=DIRECTION('',(0.,0.,-1.));
#4470=DIRECTION('',(0.,0.,1.));
#4471=DIRECTION('',(1.,0.,0.));
#4472=DIRECTION('',(0.,0.,1.));
#4473=DIRECTION('',(1.,0.,0.));
#4474=DIRECTION('',(-1.00342425210942E-05,-0.999999999949657,0.));
#4475=DIRECTION('',(0.999999999949657,-1.00342425210942E-05,0.));
#4476=DIRECTION('',(0.,0.,-1.));
#4477=DIRECTION('',(-0.999999999949657,1.00342425210942E-05,0.));
#4478=DIRECTION('',(-0.999999999949657,1.00342425210942E-05,0.));
#4479=DIRECTION('',(0.,0.,-1.));
#4480=DIRECTION('',(-1.,0.,0.));
#4481=DIRECTION('',(0.,0.,-1.));
#4482=DIRECTION('',(0.,0.,1.));
#4483=DIRECTION('',(1.,0.,0.));
#4484=DIRECTION('',(0.,0.,1.));
#4485=DIRECTION('',(1.,0.,0.));
#4486=DIRECTION('',(-0.258819050595091,-0.965925824817339,0.));
#4487=DIRECTION('',(0.965925824817338,-0.258819050595091,0.));
#4488=DIRECTION('',(0.,0.,-1.));
#4489=DIRECTION('',(-0.965925824817338,0.258819050595091,0.));
#4490=DIRECTION('',(-0.965925824817338,0.258819050595091,0.));
#4491=DIRECTION('',(0.,0.,-1.));
#4492=DIRECTION('',(-1.,0.,0.));
#4493=DIRECTION('',(0.,0.,-1.));
#4494=DIRECTION('',(0.,0.,1.));
#4495=DIRECTION('',(1.,0.,0.));
#4496=DIRECTION('',(0.,0.,1.));
#4497=DIRECTION('',(1.,0.,0.));
#4498=DIRECTION('',(-0.499993315898063,-0.866029262818099,0.));
#4499=DIRECTION('',(0.866029262818099,-0.499993315898063,0.));
#4500=DIRECTION('',(0.,0.,-1.));
#4501=DIRECTION('',(-0.866029262818099,0.499993315898063,0.));
#4502=DIRECTION('',(-0.866029262818099,0.499993315898063,0.));
#4503=DIRECTION('',(0.,0.,-1.));
#4504=DIRECTION('',(-1.,0.,0.));
#4505=DIRECTION('',(0.,0.,1.));
#4506=DIRECTION('',(1.,0.,0.));
#4507=DIRECTION('',(0.,0.,1.));
#4508=DIRECTION('',(1.,0.,0.));
#4509=DIRECTION('',(0.,0.,-1.));
#4510=DIRECTION('',(-1.,0.,0.));
#4511=DIRECTION('',(0.,0.,1.));
#4512=DIRECTION('',(1.,0.,0.));
#4513=DIRECTION('',(0.,0.,1.));
#4514=DIRECTION('',(1.,0.,0.));
#4515=DIRECTION('',(-0.500000008300184,-0.866025398992325,0.));
#4516=DIRECTION('',(0.866025398992326,-0.500000008300183,0.));
#4517=DIRECTION('',(-0.500000008300651,-0.866025398992056,0.));
#4518=DIRECTION('',(0.,0.,1.));
#4519=DIRECTION('',(1.,0.,0.));
#4520=DIRECTION('',(-0.866029262818099,0.499993315898063,0.));
#4521=DIRECTION('',(0.,0.,1.));
#4522=DIRECTION('',(1.,0.,0.));
#4523=DIRECTION('',(-0.965925824817338,0.258819050595091,0.));
#4524=DIRECTION('',(0.,0.,1.));
#4525=DIRECTION('',(1.,0.,0.));
#4526=DIRECTION('',(-0.999999999949657,1.00342425210942E-05,0.));
#4527=DIRECTION('',(0.,0.,1.));
#4528=DIRECTION('',(1.,0.,0.));
#4529=DIRECTION('',(-0.346572838600085,0.938023063439636,0.));
#4530=DIRECTION('',(0.,0.,1.));
#4531=DIRECTION('',(1.,0.,0.));
#4532=DIRECTION('',(-1.,0.,0.));
#4533=DIRECTION('',(0.,0.,1.));
#4534=DIRECTION('',(1.,0.,0.));
#4535=DIRECTION('',(0.,-1.,0.));
#4536=DIRECTION('',(0.,0.,1.));
#4537=DIRECTION('',(1.,0.,0.));
#4538=DIRECTION('',(-1.,0.,0.));
#4539=DIRECTION('',(0.,0.,1.));
#4540=DIRECTION('',(1.,0.,0.));
#4541=DIRECTION('',(0.,1.,0.));
#4542=DIRECTION('',(0.,0.,1.));
#4543=DIRECTION('',(1.,0.,0.));
#4544=DIRECTION('',(1.,0.,0.));
#4545=DIRECTION('',(0.,0.,1.));
#4546=DIRECTION('',(1.,0.,0.));
#4547=DIRECTION('',(0.,1.,0.));
#4548=DIRECTION('',(0.,0.,1.));
#4549=DIRECTION('',(1.,0.,0.));
#4550=DIRECTION('',(1.,0.,0.));
#4551=DIRECTION('',(0.,0.,1.));
#4552=DIRECTION('',(1.,0.,0.));
#4553=DIRECTION('',(0.,1.,0.));
#4554=DIRECTION('',(0.,0.,1.));
#4555=DIRECTION('',(1.,0.,0.));
#4556=DIRECTION('',(1.,0.,0.));
#4557=DIRECTION('',(0.,0.,1.));
#4558=DIRECTION('',(1.,0.,0.));
#4559=DIRECTION('',(0.,-1.,0.));
#4560=DIRECTION('',(0.,0.,1.));
#4561=DIRECTION('',(1.,0.,0.));
#4562=DIRECTION('',(1.,0.,0.));
#4563=DIRECTION('',(0.,0.,1.));
#4564=DIRECTION('',(1.,0.,0.));
#4565=DIRECTION('',(0.,0.,1.));
#4566=DIRECTION('',(1.,0.,0.));
#4567=DIRECTION('',(1.,0.,0.));
#4568=DIRECTION('',(0.,0.,1.));
#4569=DIRECTION('',(1.,0.,0.));
#4570=DIRECTION('',(0.,-1.,0.));
#4571=DIRECTION('',(0.,0.,1.));
#4572=DIRECTION('',(1.,0.,0.));
#4573=DIRECTION('',(1.,0.,0.));
#4574=DIRECTION('',(0.,0.,1.));
#4575=DIRECTION('',(1.,0.,0.));
#4576=DIRECTION('',(0.,-1.,0.));
#4577=DIRECTION('',(0.,0.,1.));
#4578=DIRECTION('',(1.,0.,0.));
#4579=DIRECTION('',(0.866025398992326,-0.500000008300183,0.));
#4580=DIRECTION('',(0.,0.,-1.));
#4581=DIRECTION('',(-1.,0.,0.));
#4582=DIRECTION('',(0.,0.,1.));
#4583=DIRECTION('',(1.,0.,0.));
#4584=DIRECTION('',(0.,0.,1.));
#4585=DIRECTION('',(1.,0.,0.));
#4586=DIRECTION('',(0.,0.,-1.));
#4587=DIRECTION('',(-1.,0.,0.));
#4588=DIRECTION('',(0.,0.,1.));
#4589=DIRECTION('',(1.,0.,0.));
#4590=DIRECTION('',(0.,0.,1.));
#4591=DIRECTION('',(1.,0.,0.));
#4592=DIRECTION('',(0.,0.,1.));
#4593=DIRECTION('',(1.,0.,0.));
#4594=DIRECTION('',(0.,0.,-1.));
#4595=DIRECTION('',(-1.,0.,0.));
#4596=DIRECTION('',(0.,0.,1.));
#4597=DIRECTION('',(1.,0.,0.));
#4598=DIRECTION('',(0.,0.,1.));
#4599=DIRECTION('',(1.,0.,0.));
#4600=DIRECTION('',(0.,0.,-1.));
#4601=DIRECTION('',(-1.,0.,0.));
#4602=DIRECTION('',(0.,0.,1.));
#4603=DIRECTION('',(1.,0.,0.));
#4604=DIRECTION('',(0.,0.,1.));
#4605=DIRECTION('',(1.,0.,0.));
#4606=DIRECTION('',(0.,0.,1.));
#4607=DIRECTION('',(1.,0.,0.));
#4608=DIRECTION('',(0.,0.,-1.));
#4609=DIRECTION('',(-1.,0.,0.));
#4610=DIRECTION('',(0.,0.,1.));
#4611=DIRECTION('',(1.,0.,0.));
#4612=DIRECTION('',(0.,0.,1.));
#4613=DIRECTION('',(1.,0.,0.));
#4614=DIRECTION('',(0.,0.,-1.));
#4615=DIRECTION('',(-1.,0.,0.));
#4616=DIRECTION('',(0.,0.,1.));
#4617=DIRECTION('',(1.,0.,0.));
#4618=DIRECTION('',(0.,0.,1.));
#4619=DIRECTION('',(1.,0.,0.));
#4620=DIRECTION('',(0.,0.,1.));
#4621=DIRECTION('',(1.,0.,0.));
#4622=DIRECTION('',(0.,0.,-1.));
#4623=DIRECTION('',(-1.,0.,0.));
#4624=DIRECTION('',(0.,0.,1.));
#4625=DIRECTION('',(1.,0.,0.));
#4626=DIRECTION('',(0.,0.,1.));
#4627=DIRECTION('',(1.,0.,0.));
#4628=DIRECTION('',(0.,0.,-1.));
#4629=DIRECTION('',(-1.,0.,0.));
#4630=DIRECTION('',(0.,0.,1.));
#4631=DIRECTION('',(1.,0.,0.));
#4632=DIRECTION('',(0.,0.,1.));
#4633=DIRECTION('',(1.,0.,0.));
#4634=DIRECTION('',(0.,0.,1.));
#4635=DIRECTION('',(1.,0.,0.));
#4636=DIRECTION('',(-1.,0.,0.));
#4637=DIRECTION('',(0.,0.,1.));
#4638=DIRECTION('',(0.,0.,-1.));
#4639=DIRECTION('',(0.,0.,-1.));
#4640=DIRECTION('',(0.,0.,-1.));
#4641=DIRECTION('',(0.,0.,-1.));
#4642=DIRECTION('',(0.,0.,-1.));
#4643=DIRECTION('',(0.,1.,0.));
#4644=DIRECTION('',(0.,0.,-1.));
#4645=DIRECTION('',(0.,1.,0.));
#4646=DIRECTION('',(0.,0.,1.));
#4647=DIRECTION('',(0.,0.,-1.));
#4648=DIRECTION('',(0.,0.,-1.));
#4649=DIRECTION('',(-1.,0.,0.));
#4650=DIRECTION('',(0.,0.,-1.));
#4651=DIRECTION('',(1.,0.,0.));
#4652=DIRECTION('',(0.,0.,-1.));
#4653=DIRECTION('',(0.,0.,-1.));
#4654=DIRECTION('',(0.,0.,-1.));
#4655=DIRECTION('',(-1.,0.,0.));
#4656=DIRECTION('',(0.,0.,-1.));
#4657=DIRECTION('',(0.,1.,0.));
#4658=DIRECTION('',(0.,0.,1.));
#4659=DIRECTION('',(0.,1.,0.));
#4660=DIRECTION('',(0.,0.,1.));
#4661=DIRECTION('',(0.,0.,-1.));
#4662=DIRECTION('',(0.,0.,-1.));
#4663=DIRECTION('',(-1.,0.,0.));
#4664=DIRECTION('',(0.,0.,-1.));
#4665=DIRECTION('',(1.,0.,0.));
#4666=DIRECTION('',(0.,0.,-1.));
#4667=DIRECTION('',(0.,0.,-1.));
#4668=DIRECTION('',(0.,0.,-1.));
#4669=DIRECTION('',(-1.,0.,0.));
#4670=DIRECTION('',(0.,0.,-1.));
#4671=DIRECTION('',(0.,1.,0.));
#4672=DIRECTION('',(0.,0.,1.));
#4673=DIRECTION('',(0.,0.,-1.));
#4674=DIRECTION('',(-1.,0.,0.));
#4675=DIRECTION('',(0.,0.,-1.));
#4676=DIRECTION('',(0.,0.,1.));
#4677=DIRECTION('',(1.,0.,0.));
#4678=DIRECTION('',(0.,1.,0.));
#4679=DIRECTION('',(0.,0.,1.));
#4680=DIRECTION('',(0.,0.,-1.));
#4681=DIRECTION('',(1.,0.,0.));
#4682=DIRECTION('',(0.,0.,-1.));
#4683=DIRECTION('',(-1.,0.,0.));
#4684=DIRECTION('',(0.,0.,-1.));
#4685=DIRECTION('',(0.,0.,1.));
#4686=DIRECTION('',(1.,0.,0.));
#4687=DIRECTION('',(-1.,0.,0.));
#4688=DIRECTION('',(0.,0.,1.));
#4689=DIRECTION('',(0.,0.,-1.));
#4690=DIRECTION('',(0.,1.,0.));
#4691=DIRECTION('',(0.,0.,-1.));
#4692=DIRECTION('',(-1.,0.,0.));
#4693=DIRECTION('',(0.,0.,-1.));
#4694=DIRECTION('',(0.,0.,1.));
#4695=DIRECTION('',(1.,0.,0.));
#4696=DIRECTION('',(0.,1.,0.));
#4697=DIRECTION('',(0.,0.,1.));
#4698=DIRECTION('',(0.,0.,-1.));
#4699=DIRECTION('',(1.,0.,0.));
#4700=DIRECTION('',(0.,0.,-1.));
#4701=DIRECTION('',(-1.,0.,0.));
#4702=DIRECTION('',(0.,0.,-1.));
#4703=DIRECTION('',(0.,0.,1.));
#4704=DIRECTION('',(1.,0.,0.));
#4705=DIRECTION('',(-1.,0.,0.));
#4706=DIRECTION('',(0.,0.,1.));
#4707=DIRECTION('',(0.,0.,-1.));
#4708=DIRECTION('',(0.,1.,0.));
#4709=DIRECTION('',(0.,0.,-1.));
#4710=DIRECTION('',(-1.,0.,0.));
#4711=DIRECTION('',(0.,0.,-1.));
#4712=DIRECTION('',(0.,0.,1.));
#4713=DIRECTION('',(1.,0.,0.));
#4714=DIRECTION('',(0.,1.,0.));
#4715=DIRECTION('',(0.,0.,1.));
#4716=DIRECTION('',(0.,0.,-1.));
#4717=DIRECTION('',(1.,0.,0.));
#4718=DIRECTION('',(0.,0.,-1.));
#4719=DIRECTION('',(-1.,0.,0.));
#4720=DIRECTION('',(0.,0.,-1.));
#4721=DIRECTION('',(0.,0.,1.));
#4722=DIRECTION('',(1.,0.,0.));
#4723=DIRECTION('',(1.,0.,0.));
#4724=DIRECTION('',(0.,0.,-1.));
#4725=DIRECTION('',(0.,0.,-1.));
#4726=DIRECTION('',(0.,-1.,0.));
#4727=DIRECTION('',(0.,0.,-1.));
#4728=DIRECTION('',(-1.,0.,0.));
#4729=DIRECTION('',(0.,0.,-1.));
#4730=DIRECTION('',(0.,0.,1.));
#4731=DIRECTION('',(1.,0.,0.));
#4732=DIRECTION('',(0.,1.,0.));
#4733=DIRECTION('',(0.,0.,1.));
#4734=DIRECTION('',(0.,0.,-1.));
#4735=DIRECTION('',(1.,0.,0.));
#4736=DIRECTION('',(0.,0.,-1.));
#4737=DIRECTION('',(-1.,0.,0.));
#4738=DIRECTION('',(0.,0.,-1.));
#4739=DIRECTION('',(0.,0.,1.));
#4740=DIRECTION('',(1.,0.,0.));
#4741=DIRECTION('',(1.,0.,0.));
#4742=DIRECTION('',(0.,0.,-1.));
#4743=DIRECTION('',(0.,0.,-1.));
#4744=DIRECTION('',(0.,-1.,0.));
#4745=DIRECTION('',(0.,0.,-1.));
#4746=DIRECTION('',(-1.,0.,0.));
#4747=DIRECTION('',(0.,0.,-1.));
#4748=DIRECTION('',(0.,0.,1.));
#4749=DIRECTION('',(1.,0.,0.));
#4750=DIRECTION('',(0.,1.,0.));
#4751=DIRECTION('',(0.,0.,1.));
#4752=DIRECTION('',(0.,0.,-1.));
#4753=DIRECTION('',(1.,0.,0.));
#4754=DIRECTION('',(0.,0.,-1.));
#4755=DIRECTION('',(-1.,0.,0.));
#4756=DIRECTION('',(0.,0.,-1.));
#4757=DIRECTION('',(0.,0.,1.));
#4758=DIRECTION('',(1.,0.,0.));
#4759=DIRECTION('',(1.,0.,0.));
#4760=DIRECTION('',(0.,0.,-1.));
#4761=DIRECTION('',(0.,0.,-1.));
#4762=DIRECTION('',(0.,-1.,0.));
#4763=DIRECTION('',(0.,0.,-1.));
#4764=DIRECTION('',(-1.,0.,0.));
#4765=DIRECTION('',(0.,0.,1.));
#4766=DIRECTION('',(1.,0.,0.));
#4767=DIRECTION('',(0.,0.,-1.));
#4768=DIRECTION('',(-1.,0.,0.));
#4769=DIRECTION('',(0.,0.,-1.));
#4770=DIRECTION('',(0.,0.,1.));
#4771=DIRECTION('',(1.,0.,0.));
#4772=DIRECTION('',(1.,0.,0.));
#4773=DIRECTION('',(0.,0.,-1.));
#4774=DIRECTION('',(0.,0.,-1.));
#4775=DIRECTION('',(0.,-1.,0.));
#4776=DIRECTION('',(0.,0.,-1.));
#4777=DIRECTION('',(-1.,0.,0.));
#4778=DIRECTION('',(0.,0.,-1.));
#4779=DIRECTION('',(0.,0.,1.));
#4780=DIRECTION('',(1.,0.,0.));
#4781=DIRECTION('',(0.866025398992056,-0.500000008300651,0.));
#4782=DIRECTION('',(0.500000008300651,0.866025398992056,0.));
#4783=DIRECTION('',(-0.500000008300183,-0.866025398992326,0.));
#4784=DIRECTION('',(0.,0.,-1.));
#4785=DIRECTION('',(-0.500000008300183,-0.866025398992326,0.));
#4786=DIRECTION('',(0.,0.,-1.));
#4787=DIRECTION('',(-1.,0.,0.));
#4788=DIRECTION('',(0.,0.,-1.));
#4789=DIRECTION('',(0.,0.,1.));
#4790=DIRECTION('',(1.,0.,0.));
#4791=DIRECTION('',(-0.499993315898063,-0.866029262818099,0.));
#4792=DIRECTION('',(0.866029262818099,-0.499993315898063,0.));
#4793=DIRECTION('',(0.,0.,-1.));
#4794=DIRECTION('',(-0.866029262818099,0.499993315898063,0.));
#4795=DIRECTION('',(0.,0.,-1.));
#4796=DIRECTION('',(-1.,0.,0.));
#4797=DIRECTION('',(0.,0.,-1.));
#4798=DIRECTION('',(0.,0.,1.));
#4799=DIRECTION('',(1.,0.,0.));
#4800=DIRECTION('',(-0.258819050595092,-0.965925824817338,0.));
#4801=DIRECTION('',(0.965925824817338,-0.258819050595092,0.));
#4802=DIRECTION('',(0.,0.,-1.));
#4803=DIRECTION('',(-0.965925824817338,0.258819050595092,0.));
#4804=DIRECTION('',(0.,0.,-1.));
#4805=DIRECTION('',(-1.,0.,0.));
#4806=DIRECTION('',(0.,0.,-1.));
#4807=DIRECTION('',(0.,0.,1.));
#4808=DIRECTION('',(1.,0.,0.));
#4809=DIRECTION('',(-1.00342425213971E-05,-0.999999999949657,0.));
#4810=DIRECTION('',(0.999999999949657,-1.00342425213971E-05,0.));
#4811=DIRECTION('',(0.,0.,-1.));
#4812=DIRECTION('',(-0.999999999949657,1.00342425213971E-05,0.));
#4813=DIRECTION('',(0.,0.,-1.));
#4814=DIRECTION('',(-1.,0.,0.));
#4815=DIRECTION('',(0.,0.,-1.));
#4816=DIRECTION('',(0.,0.,1.));
#4817=DIRECTION('',(1.,0.,0.));
#4818=DIRECTION('',(-0.938023063439636,-0.346572838600085,0.));
#4819=DIRECTION('',(0.346572838600085,-0.938023063439636,0.));
#4820=DIRECTION('',(0.,0.,-1.));
#4821=DIRECTION('',(-0.346572838600085,0.938023063439636,0.));
#4822=DIRECTION('',(0.,0.,-1.));
#4823=DIRECTION('',(-1.,0.,0.));
#4824=DIRECTION('',(0.,0.,-1.));
#4825=DIRECTION('',(0.,0.,1.));
#4826=DIRECTION('',(1.,0.,0.));
#4827=DIRECTION('',(0.,-1.,0.));
#4828=DIRECTION('',(0.,0.,-1.));
#4829=DIRECTION('',(0.,0.,-1.));
#4830=DIRECTION('',(-1.,0.,0.));
#4831=DIRECTION('',(0.,0.,-1.));
#4832=DIRECTION('',(-1.,0.,0.));
#4833=DIRECTION('',(0.,0.,-1.));
#4834=DIRECTION('',(0.,0.,1.));
#4835=DIRECTION('',(1.,0.,0.));
#4836=DIRECTION('',(1.,0.,0.));
#4837=DIRECTION('',(0.,0.,-1.));
#4838=DIRECTION('',(0.,0.,-1.));
#4839=DIRECTION('',(0.,-1.,0.));
#4840=DIRECTION('',(0.,0.,-1.));
#4841=DIRECTION('',(-1.,0.,0.));
#4842=DIRECTION('',(0.,0.,-1.));
#4843=DIRECTION('',(0.,0.,1.));
#4844=DIRECTION('',(1.,0.,0.));
#4845=DIRECTION('',(0.,-1.,0.));
#4846=DIRECTION('',(0.,0.,-1.));
#4847=DIRECTION('',(0.,0.,-1.));
#4848=DIRECTION('',(-1.,0.,0.));
#4849=DIRECTION('',(0.,0.,-1.));
#4850=DIRECTION('',(-1.,0.,0.));
#4851=DIRECTION('',(0.,0.,1.));
#4852=DIRECTION('',(1.,0.,0.));
#4853=DIRECTION('',(0.,0.,1.));
#4854=DIRECTION('',(1.,0.,0.));
#4855=DIRECTION('',(-0.999999999949657,1.00342425210942E-05,0.));
#4856=DIRECTION('',(0.,0.,1.));
#4857=DIRECTION('',(1.,0.,0.));
#4858=DIRECTION('',(-0.965925824817338,0.258819050595091,0.));
#4859=DIRECTION('',(0.,0.,1.));
#4860=DIRECTION('',(1.,0.,0.));
#4861=DIRECTION('',(-0.866029262818099,0.499993315898063,0.));
#4862=DIRECTION('',(0.,0.,1.));
#4863=DIRECTION('',(1.,0.,0.));
#4864=DIRECTION('',(-0.500000008300651,-0.866025398992056,0.));
#4865=DIRECTION('',(0.,0.,1.));
#4866=DIRECTION('',(1.,0.,0.));
#4867=DIRECTION('',(0.,-1.,0.));
#4868=DIRECTION('',(0.,0.,1.));
#4869=DIRECTION('',(1.,0.,0.));
#4870=DIRECTION('',(1.,0.,0.));
#4871=DIRECTION('',(0.,0.,1.));
#4872=DIRECTION('',(1.,0.,0.));
#4873=DIRECTION('',(0.,-1.,0.));
#4874=DIRECTION('',(0.,0.,1.));
#4875=DIRECTION('',(1.,0.,0.));
#4876=DIRECTION('',(1.,0.,0.));
#4877=DIRECTION('',(0.,0.,1.));
#4878=DIRECTION('',(1.,0.,0.));
#4879=DIRECTION('',(0.,0.,1.));
#4880=DIRECTION('',(1.,0.,0.));
#4881=DIRECTION('',(1.,0.,0.));
#4882=DIRECTION('',(0.,0.,1.));
#4883=DIRECTION('',(1.,0.,0.));
#4884=DIRECTION('',(0.,-1.,0.));
#4885=DIRECTION('',(0.,0.,1.));
#4886=DIRECTION('',(1.,0.,0.));
#4887=DIRECTION('',(1.,0.,0.));
#4888=DIRECTION('',(0.,0.,1.));
#4889=DIRECTION('',(1.,0.,0.));
#4890=DIRECTION('',(0.,1.,0.));
#4891=DIRECTION('',(0.,0.,1.));
#4892=DIRECTION('',(1.,0.,0.));
#4893=DIRECTION('',(1.,0.,0.));
#4894=DIRECTION('',(0.,0.,1.));
#4895=DIRECTION('',(1.,0.,0.));
#4896=DIRECTION('',(0.,1.,0.));
#4897=DIRECTION('',(0.,0.,1.));
#4898=DIRECTION('',(1.,0.,0.));
#4899=DIRECTION('',(1.,0.,0.));
#4900=DIRECTION('',(0.,0.,1.));
#4901=DIRECTION('',(1.,0.,0.));
#4902=DIRECTION('',(0.,1.,0.));
#4903=DIRECTION('',(0.,0.,1.));
#4904=DIRECTION('',(1.,0.,0.));
#4905=DIRECTION('',(-1.,0.,0.));
#4906=DIRECTION('',(0.,0.,1.));
#4907=DIRECTION('',(1.,0.,0.));
#4908=DIRECTION('',(0.,-1.,0.));
#4909=DIRECTION('',(0.,0.,1.));
#4910=DIRECTION('',(1.,0.,0.));
#4911=DIRECTION('',(-1.,0.,0.));
#4912=DIRECTION('',(0.,0.,1.));
#4913=DIRECTION('',(1.,0.,0.));
#4914=DIRECTION('',(-0.346572838600085,0.938023063439636,0.));
#4915=DIRECTION('',(0.,0.,1.));
#4916=DIRECTION('',(1.,0.,0.));
#4917=DIRECTION('',(0.,0.,1.));
#4918=DIRECTION('',(1.,0.,0.));
#4919=DIRECTION('',(0.,0.,1.));
#4920=DIRECTION('',(1.,0.,0.));
#4921=DIRECTION('',(-0.500000008300651,-0.866025398992056,0.));
#4922=DIRECTION('',(0.,1.,0.));
#4923=DIRECTION('',(0.,0.,1.));
#4924=DIRECTION('',(0.,1.,0.));
#4925=DIRECTION('',(0.,1.,0.));
#4926=DIRECTION('',(0.,0.,1.));
#4927=DIRECTION('',(0.,1.,0.));
#4928=DIRECTION('',(0.,0.,-1.));
#4929=DIRECTION('',(-1.,0.,0.));
#4930=DIRECTION('',(0.,1.,0.));
#4931=DIRECTION('',(-1.,0.,0.));
#4932=DIRECTION('',(0.,1.,0.));
#4933=DIRECTION('',(0.,0.,1.));
#4934=DIRECTION('',(0.,1.,0.));
#4935=DIRECTION('',(0.,1.,0.));
#4936=DIRECTION('',(0.,0.,1.));
#4937=DIRECTION('',(1.51372031062548E-16,0.,1.));
#4938=DIRECTION('',(1.,0.,-1.51372031062548E-16));
#4939=DIRECTION('',(1.,0.,-1.51372031062548E-16));
#4940=DIRECTION('',(1.,0.,0.));
#4941=DIRECTION('',(0.,0.,-1.));
#4942=DIRECTION('',(1.,0.,0.));
#4943=DIRECTION('',(0.,0.,-1.));
#4944=DIRECTION('',(-1.,0.,0.));
#4945=DIRECTION('',(0.,0.,1.));
#4946=DIRECTION('',(0.,0.,1.));
#4947=DIRECTION('',(1.,0.,0.));
#4948=DIRECTION('',(6.93889390390732E-15,-1.,0.));
#4949=DIRECTION('',(1.,6.93889390390732E-15,0.));
#4950=DIRECTION('',(0.,0.,1.));
#4951=DIRECTION('',(1.,0.,0.));
#4952=DIRECTION('',(0.,-1.,0.));
#4953=DIRECTION('',(0.,0.,-1.));
#4954=DIRECTION('',(0.,1.,0.));
#4955=DIRECTION('',(0.,0.,1.));
#4956=DIRECTION('',(0.,-1.,0.));
#4957=DIRECTION('',(0.,0.,-1.));
#4958=DIRECTION('',(0.,-1.,0.));
#4959=DIRECTION('',(0.,0.,-1.));
#4960=DIRECTION('',(0.,-1.,0.));
#4961=DIRECTION('',(0.,0.,-1.));
#4962=DIRECTION('',(0.,0.,1.));
#4963=DIRECTION('',(1.,0.,0.));
#4964=DIRECTION('',(-1.,-5.55111512312578E-14,0.));
#4965=DIRECTION('',(5.55111512312578E-14,-1.,0.));
#4966=DIRECTION('',(0.,0.,1.));
#4967=DIRECTION('',(1.,0.,0.));
#4968=DIRECTION('',(1.,0.,0.));
#4969=DIRECTION('',(0.,0.,-1.));
#4970=DIRECTION('',(1.,0.,0.));
#4971=DIRECTION('',(0.,0.,-1.));
#4972=DIRECTION('',(-1.,0.,0.));
#4973=DIRECTION('',(0.,0.,1.));
#4974=DIRECTION('',(1.,0.,0.));
#4975=DIRECTION('',(0.,0.,-1.));
#4976=DIRECTION('',(1.,0.,0.));
#4977=DIRECTION('',(0.,0.,-1.));
#4978=DIRECTION('',(0.,0.,1.));
#4979=DIRECTION('',(1.,0.,0.));
#4980=DIRECTION('',(6.93889390390722E-15,-1.,0.));
#4981=DIRECTION('',(1.,6.93889390390722E-15,0.));
#4982=DIRECTION('',(0.,0.,1.));
#4983=DIRECTION('',(1.,0.,0.));
#4984=DIRECTION('',(0.218750092912568,-0.97578091642066,5.41667220200027E-14));
#4985=DIRECTION('',(0.97578091642066,0.218750092912568,0.));
#4986=DIRECTION('',(0.,1.,0.));
#4987=DIRECTION('',(0.,0.,1.));
#4988=DIRECTION('',(0.,-1.,0.));
#4989=DIRECTION('',(0.,0.,-1.));
#4990=DIRECTION('',(0.,0.,1.));
#4991=DIRECTION('',(1.,0.,0.));
#4992=DIRECTION('',(1.,1.66533453693774E-13,1.66533453693774E-13));
#4993=DIRECTION('',(1.66533453693774E-13,0.,-1.));
#4994=DIRECTION('',(0.,0.,1.));
#4995=DIRECTION('',(1.,0.,0.));
#4996=DIRECTION('',(-1.,-2.77555756156291E-14,0.));
#4997=DIRECTION('',(2.77555756156291E-14,-1.,0.));
#4998=DIRECTION('',(1.,0.,0.));
#4999=DIRECTION('',(0.,0.,-1.));
#5000=DIRECTION('',(1.,0.,0.));
#5001=DIRECTION('',(0.,0.,-1.));
#5002=DIRECTION('',(1.,0.,0.));
#5003=DIRECTION('',(0.,0.,-1.));
#5004=DIRECTION('',(-1.,0.,0.));
#5005=DIRECTION('',(0.,0.,1.));
#5006=DIRECTION('',(0.,0.,1.));
#5007=DIRECTION('',(1.,0.,0.));
#5008=DIRECTION('',(0.,-1.,0.));
#5009=DIRECTION('',(0.,0.,-1.));
#5010=DIRECTION('',(0.,0.,1.));
#5011=DIRECTION('',(1.,0.,0.));
#5012=DIRECTION('',(0.,-1.,0.));
#5013=DIRECTION('',(0.,0.,-1.));
#5014=DIRECTION('',(0.,-1.,0.));
#5015=DIRECTION('',(0.,0.,-1.));
#5016=DIRECTION('',(0.,-1.,0.));
#5017=DIRECTION('',(0.,0.,-1.));
#5018=DIRECTION('',(0.,1.,0.));
#5019=DIRECTION('',(0.,0.,1.));
#5020=DIRECTION('',(0.,-1.,0.));
#5021=DIRECTION('',(0.,0.,-1.));
#5022=DIRECTION('',(0.,0.,1.));
#5023=DIRECTION('',(1.,0.,0.));
#5024=DIRECTION('',(1.,5.55111512312578E-14,5.55111512312571E-14));
#5025=DIRECTION('',(-5.55111512312578E-14,1.,0.));
#5026=DIRECTION('',(0.,0.,1.));
#5027=DIRECTION('',(1.,0.,0.));
#5028=DIRECTION('',(1.,0.,0.));
#5029=DIRECTION('',(0.,0.,-1.));
#5030=DIRECTION('',(1.,0.,0.));
#5031=DIRECTION('',(0.,0.,-1.));
#5032=DIRECTION('',(1.,0.,0.));
#5033=DIRECTION('',(0.,0.,-1.));
#5034=DIRECTION('',(-1.,0.,0.));
#5035=DIRECTION('',(0.,0.,1.));
#5036=DIRECTION('',(1.,0.,0.));
#5037=DIRECTION('',(0.,0.,-1.));
#5038=DIRECTION('',(0.,0.,1.));
#5039=DIRECTION('',(1.,0.,0.));
#5040=DIRECTION('',(1.38777878078144E-14,-1.,1.38777878078145E-14));
#5041=DIRECTION('',(0.,-1.38777878078145E-14,-1.));
#5042=DIRECTION('',(0.,0.,1.));
#5043=DIRECTION('',(1.,0.,0.));
#5044=DIRECTION('',(0.,1.,0.));
#5045=DIRECTION('',(0.,0.,1.));
#5046=DIRECTION('',(0.,-1.,0.));
#5047=DIRECTION('',(0.,0.,-1.));
#5048=DIRECTION('',(0.,-1.,5.55111512312579E-14));
#5049=DIRECTION('',(0.,-5.55111512312579E-14,-1.));
#5050=DIRECTION('',(0.,-1.,0.));
#5051=DIRECTION('',(0.,0.,-1.));
#5052=DIRECTION('',(0.,1.,0.));
#5053=DIRECTION('',(0.,0.,1.));
#5054=DIRECTION('',(0.,0.,1.));
#5055=DIRECTION('',(1.,0.,0.));
#5056=DIRECTION('',(-0.500000008300135,-0.866025398992353,5.97340787185653E-13));
#5057=DIRECTION('',(0.866025398992353,-0.500000008300135,0.));
#5058=DIRECTION('',(0.,0.,1.));
#5059=DIRECTION('',(1.,0.,0.));
#5060=DIRECTION('',(1.,5.55111512312578E-14,0.));
#5061=DIRECTION('',(-5.55111512312578E-14,1.,0.));
#5062=DIRECTION('',(-0.500000008300651,-0.866025398992056,0.));
#5063=DIRECTION('',(0.866025398992056,-0.500000008300651,0.));
#5064=DIRECTION('',(-0.500000008300642,-0.866025398992061,-5.23370415530505E-13));
#5065=DIRECTION('',(0.866025398992061,-0.500000008300642,0.));
#5066=DIRECTION('',(-1.,0.,0.));
#5067=DIRECTION('',(0.,0.,1.));
#5068=DIRECTION('',(1.,0.,0.));
#5069=DIRECTION('',(0.,0.,-1.));
#5070=DIRECTION('',(0.,0.,1.));
#5071=DIRECTION('',(1.,0.,0.));
#5072=DIRECTION('',(-0.866029262818097,0.499993315898066,1.01595384027773E-14));
#5073=DIRECTION('',(-0.499993315898066,-0.866029262818098,0.));
#5074=DIRECTION('',(0.,0.,1.));
#5075=DIRECTION('',(1.,0.,0.));
#5076=DIRECTION('',(0.346572838600056,-0.938023063439646,0.));
#5077=DIRECTION('',(0.938023063439646,0.346572838600056,0.));
#5078=DIRECTION('',(-0.866029262818099,0.499993315898063,0.));
#5079=DIRECTION('',(-0.499993315898063,-0.866029262818099,0.));
#5080=DIRECTION('',(-0.866029262818097,0.499993315898066,8.59890243552031E-14));
#5081=DIRECTION('',(-0.499993315898066,-0.866029262818098,0.));
#5082=DIRECTION('',(-0.346572838600085,0.938023063439636,0.));
#5083=DIRECTION('',(-0.938023063439636,-0.346572838600085,0.));
#5084=DIRECTION('',(0.346572838600098,-0.938023063439631,0.));
#5085=DIRECTION('',(0.938023063439631,0.346572838600098,0.));
#5086=DIRECTION('',(0.,0.,1.));
#5087=DIRECTION('',(1.,0.,0.));
#5088=DIRECTION('',(-0.965925824817439,0.258819050594715,3.9688859696597E-13));
#5089=DIRECTION('',(-0.258819050594715,-0.965925824817439,0.));
#5090=DIRECTION('',(0.,0.,1.));
#5091=DIRECTION('',(1.,0.,0.));
#5092=DIRECTION('',(0.999999999949657,-1.00342425063402E-05,0.));
#5093=DIRECTION('',(1.00342425063402E-05,0.999999999949657,0.));
#5094=DIRECTION('',(-0.965925824817338,0.258819050595091,0.));
#5095=DIRECTION('',(-0.258819050595091,-0.965925824817339,0.));
#5096=DIRECTION('',(-0.965925824817335,0.258819050595106,1.00299700000924E-12));
#5097=DIRECTION('',(-0.258819050595106,-0.965925824817335,0.));
#5098=DIRECTION('',(-0.999999999949657,1.00342425210942E-05,0.));
#5099=DIRECTION('',(-1.00342425210942E-05,-0.999999999949657,0.));
#5100=DIRECTION('',(0.999999999949657,-1.003424188184E-05,0.));
#5101=DIRECTION('',(1.003424188184E-05,0.999999999949657,0.));
#5102=DIRECTION('',(0.,0.,1.));
#5103=DIRECTION('',(1.,0.,0.));
#5104=DIRECTION('',(0.,0.,1.));
#5105=DIRECTION('',(1.,0.,0.));
#5106=DIRECTION('',(5.55111512312578E-14,1.,0.));
#5107=DIRECTION('',(-1.,5.55111512312578E-14,0.));
#5108=DIRECTION('',(0.,1.,0.));
#5109=DIRECTION('',(0.,0.,1.));
#5110=DIRECTION('',(0.,1.,0.));
#5111=DIRECTION('',(0.,0.,1.));
#5112=DIRECTION('',(0.,0.,1.));
#5113=DIRECTION('',(1.,0.,0.));
#5114=DIRECTION('',(-1.,0.,0.));
#5115=DIRECTION('',(0.,0.,1.));
#5116=DIRECTION('',(-1.,0.,0.));
#5117=DIRECTION('',(0.,0.,1.));
#5118=DIRECTION('',(-1.,0.,0.));
#5119=DIRECTION('',(0.,0.,1.));
#5120=DIRECTION('',(0.,0.,1.));
#5121=DIRECTION('',(1.,0.,0.));
#5122=DIRECTION('',(0.,1.,0.));
#5123=DIRECTION('',(0.,0.,1.));
#5124=DIRECTION('',(0.,1.,0.));
#5125=DIRECTION('',(0.,0.,1.));
#5126=DIRECTION('',(0.,1.,0.));
#5127=DIRECTION('',(0.,0.,1.));
#5128=DIRECTION('',(0.,0.,1.));
#5129=DIRECTION('',(1.,0.,0.));
#5130=DIRECTION('',(-1.,0.,0.));
#5131=DIRECTION('',(0.,0.,1.));
#5132=DIRECTION('',(-1.,0.,0.));
#5133=DIRECTION('',(0.,0.,1.));
#5134=DIRECTION('',(-1.,0.,0.));
#5135=DIRECTION('',(0.,0.,1.));
#5136=DIRECTION('',(0.,0.,1.));
#5137=DIRECTION('',(1.,0.,0.));
#5138=DIRECTION('',(-0.218750092912515,0.975780916420672,0.));
#5139=DIRECTION('',(-0.975780916420672,-0.218750092912515,0.));
#5140=DIRECTION('',(0.,0.,1.));
#5141=DIRECTION('',(1.,0.,0.));
#5142=DIRECTION('',(-1.,0.,0.));
#5143=DIRECTION('',(0.,0.,1.));
#5144=DIRECTION('',(-1.,0.,0.));
#5145=DIRECTION('',(0.,0.,1.));
#5146=DIRECTION('',(-1.,0.,0.));
#5147=DIRECTION('',(0.,0.,1.));
#5148=DIRECTION('',(0.,0.,1.));
#5149=DIRECTION('',(1.,0.,0.));
#5150=DIRECTION('',(0.,1.,0.));
#5151=DIRECTION('',(0.,0.,1.));
#5152=DIRECTION('',(0.,1.,0.));
#5153=DIRECTION('',(0.,0.,1.));
#5154=DIRECTION('',(0.,1.,0.));
#5155=DIRECTION('',(0.,0.,1.));
#5156=DIRECTION('',(0.,0.,1.));
#5157=DIRECTION('',(1.,0.,0.));
#5158=DIRECTION('',(-1.,0.,0.));
#5159=DIRECTION('',(0.,0.,1.));
#5160=DIRECTION('',(-1.,0.,0.));
#5161=DIRECTION('',(0.,0.,1.));
#5162=DIRECTION('',(-1.,0.,0.));
#5163=DIRECTION('',(0.,0.,1.));
#5164=DIRECTION('',(0.,0.,1.));
#5165=DIRECTION('',(1.,0.,0.));
#5166=DIRECTION('',(6.93889390390722E-15,-1.,-9.62964972193617E-29));
#5167=DIRECTION('',(1.,6.93889390390722E-15,0.));
#5168=DIRECTION('',(0.,-1.,0.));
#5169=DIRECTION('',(0.,0.,-1.));
#5170=DIRECTION('',(0.,-1.,0.));
#5171=DIRECTION('',(0.,0.,-1.));
#5172=DIRECTION('',(0.,0.,1.));
#5173=DIRECTION('',(1.,0.,0.));
#5174=DIRECTION('',(-1.,-5.55111512312578E-14,0.));
#5175=DIRECTION('',(5.55111512312578E-14,-1.,0.));
#5176=DIRECTION('',(-1.,0.,0.));
#5177=DIRECTION('',(0.,0.,1.));
#5178=DIRECTION('',(-1.,0.,0.));
#5179=DIRECTION('',(0.,0.,1.));
#5180=DIRECTION('',(0.,0.,1.));
#5181=DIRECTION('',(1.,0.,0.));
#5182=DIRECTION('',(6.93889390390722E-15,-1.,0.));
#5183=DIRECTION('',(1.,6.93889390390722E-15,0.));
#5184=DIRECTION('',(0.,-1.,0.));
#5185=DIRECTION('',(0.,0.,-1.));
#5186=DIRECTION('',(0.,-1.,0.));
#5187=DIRECTION('',(0.,0.,-1.));
#5188=DIRECTION('',(0.,0.,1.));
#5189=DIRECTION('',(1.,0.,0.));
#5190=DIRECTION('',(-1.,-2.77555756156291E-14,0.));
#5191=DIRECTION('',(2.77555756156291E-14,-1.,0.));
#5192=DIRECTION('',(-1.,0.,0.));
#5193=DIRECTION('',(0.,0.,1.));
#5194=DIRECTION('',(-1.,0.,0.));
#5195=DIRECTION('',(0.,0.,1.));
#5196=DIRECTION('',(0.,0.,1.));
#5197=DIRECTION('',(1.,0.,0.));
#5198=DIRECTION('',(0.,-1.,0.));
#5199=DIRECTION('',(0.,0.,-1.));
#5200=DIRECTION('',(0.,-1.,0.));
#5201=DIRECTION('',(0.,0.,-1.));
#5202=DIRECTION('',(0.,-1.,0.));
#5203=DIRECTION('',(0.,0.,-1.));
#5204=DIRECTION('',(0.,0.,1.));
#5205=DIRECTION('',(1.,0.,0.));
#5206=DIRECTION('',(1.,0.,0.));
#5207=DIRECTION('',(0.,0.,-1.));
#5208=DIRECTION('',(1.,0.,0.));
#5209=DIRECTION('',(0.,0.,-1.));
#5210=DIRECTION('',(1.,0.,0.));
#5211=DIRECTION('',(0.,0.,-1.));
#5212=DIRECTION('',(0.,0.,1.));
#5213=DIRECTION('',(1.,0.,0.));
#5214=DIRECTION('',(0.,1.,0.));
#5215=DIRECTION('',(0.,0.,1.));
#5216=DIRECTION('',(0.,1.,0.));
#5217=DIRECTION('',(0.,0.,1.));
#5218=DIRECTION('',(0.,1.,0.));
#5219=DIRECTION('',(0.,0.,1.));
#5220=DIRECTION('',(0.,0.,1.));
#5221=DIRECTION('',(1.,0.,0.));
#5222=DIRECTION('',(1.,5.55111512312578E-14,0.));
#5223=DIRECTION('',(-5.55111512312578E-14,1.,0.));
#5224=DIRECTION('',(1.,0.,0.));
#5225=DIRECTION('',(0.,0.,-1.));
#5226=DIRECTION('',(1.,0.,0.));
#5227=DIRECTION('',(0.,0.,-1.));
#5228=DIRECTION('',(0.,0.,1.));
#5229=DIRECTION('',(1.,0.,0.));
#5230=DIRECTION('',(0.346572838600052,-0.938023063439648,-3.08450343805465E-14));
#5231=DIRECTION('',(0.938023063439648,0.346572838600052,0.));
#5232=DIRECTION('',(0.346572838600085,-0.938023063439636,0.));
#5233=DIRECTION('',(0.938023063439636,0.346572838600085,0.));
#5234=DIRECTION('',(0.346572838600093,-0.938023063439633,0.));
#5235=DIRECTION('',(0.938023063439633,0.346572838600093,0.));
#5236=DIRECTION('',(0.,0.,1.));
#5237=DIRECTION('',(1.,0.,0.));
#5238=DIRECTION('',(0.999999999949657,-1.00342425063405E-05,-2.78506176630291E-19));
#5239=DIRECTION('',(1.00342425063405E-05,0.999999999949657,0.));
#5240=DIRECTION('',(0.999999999949657,-1.00342425210942E-05,0.));
#5241=DIRECTION('',(1.00342425210942E-05,0.999999999949657,0.));
#5242=DIRECTION('',(0.999999999949657,-1.00342425202183E-05,-6.38378239127327E-13));
#5243=DIRECTION('',(1.00342425202183E-05,0.999999999949657,0.));
#5244=DIRECTION('',(0.,0.,1.));
#5245=DIRECTION('',(1.,0.,0.));
#5246=DIRECTION('',(0.965925824817075,-0.258819050596075,-1.00299700000923E-12));
#5247=DIRECTION('',(0.258819050596075,0.965925824817075,0.));
#5248=DIRECTION('',(0.965925824817338,-0.258819050595091,0.));
#5249=DIRECTION('',(0.258819050595091,0.965925824817339,0.));
#5250=DIRECTION('',(0.965925824817335,-0.258819050595106,-4.11255940425077E-13));
#5251=DIRECTION('',(0.258819050595106,0.965925824817335,0.));
#5252=DIRECTION('',(0.,0.,1.));
#5253=DIRECTION('',(1.,0.,0.));
#5254=DIRECTION('',(0.866029262818055,-0.49999331589814,-9.98666266419213E-14));
#5255=DIRECTION('',(0.49999331589814,0.866029262818055,0.));
#5256=DIRECTION('',(0.866029262818099,-0.499993315898063,0.));
#5257=DIRECTION('',(0.499993315898063,0.866029262818099,0.));
#5258=DIRECTION('',(0.866029262818097,-0.499993315898066,-2.4037140689495E-14));
#5259=DIRECTION('',(0.499993315898066,0.866029262818097,0.));
#5260=DIRECTION('',(0.,0.,1.));
#5261=DIRECTION('',(1.,0.,0.));
#5262=DIRECTION('',(0.500000008300189,0.866025398992322,5.09492627492304E-13));
#5263=DIRECTION('',(-0.866025398992322,0.500000008300189,0.));
#5264=DIRECTION('',(0.500000008300651,0.866025398992056,0.));
#5265=DIRECTION('',(-0.866025398992056,0.500000008300651,0.));
#5266=DIRECTION('',(0.500000008300183,0.866025398992326,0.));
#5267=DIRECTION('',(-0.866025398992326,0.500000008300183,0.));
#5268=DIRECTION('',(0.,1.,0.));
#5269=DIRECTION('',(0.,0.,1.));
#5270=DIRECTION('',(1.,0.,0.));
#5271=DIRECTION('',(0.,0.,-1.));
#5272=DIRECTION('',(1.,0.,0.));
#5273=DIRECTION('',(0.,0.,-1.));
#5274=DIRECTION('',(-1.,0.,0.));
#5275=DIRECTION('',(0.,0.,1.));
#5276=DIRECTION('',(1.,0.,0.));
#5277=DIRECTION('',(0.,0.,-1.));
#5278=DIRECTION('',(1.,0.,-1.51372031062548E-16));
#5279=DIRECTION('',(-1.51372031062548E-16,0.,-1.));
#5280=DIRECTION('',(1.,0.,0.));
#5281=DIRECTION('',(0.,0.,-1.));
#5282=DIRECTION('',(0.,1.,0.));
#5283=DIRECTION('',(0.,0.,1.));
#5284=DIRECTION('',(0.,0.,1.));
#5285=DIRECTION('',(1.,0.,0.));
#5286=DIRECTION('',(-0.500000008300642,-0.866025398992061,0.));
#5287=DIRECTION('',(0.866025398992061,-0.500000008300642,0.));
#5288=DIRECTION('',(0.,0.,-1.));
#5289=DIRECTION('',(-1.,0.,0.));
#5290=DIRECTION('',(0.,0.,-1.));
#5291=DIRECTION('',(-1.,0.,0.));
#5292=DIRECTION('',(-0.866025398992315,0.500000008300201,0.));
#5293=DIRECTION('',(-0.500000008300201,-0.866025398992315,0.));
#5294=DIRECTION('',(0.500000008300651,0.866025398992056,0.));
#5295=DIRECTION('',(-0.866025398992056,0.500000008300651,0.));
#5296=DIRECTION('',(-0.35355339646272,-0.612372432307068,-0.707106781186548));
#5297=DIRECTION('',(0.35355339646272,0.612372432307068,-0.707106781186548));
#5298=DIRECTION('',(0.866025398992326,-0.500000008300183,0.));
#5299=DIRECTION('',(0.500000008300183,0.866025398992326,0.));
#5300=DIRECTION('',(0.965925828769648,0.258819035844869,0.));
#5301=DIRECTION('',(0.258819035844869,-0.965925828769648,0.));
#5302=DIRECTION('',(0.,0.,-1.));
#5303=DIRECTION('',(-1.,0.,0.));
#5304=DIRECTION('',(0.,0.,-1.));
#5305=DIRECTION('',(-1.,0.,0.));
#5306=DIRECTION('',(0.500000008300184,0.866025398992325,0.));
#5307=DIRECTION('',(-0.866025398992325,0.500000008300184,0.));
#5308=DIRECTION('',(-0.258819035844869,0.965925828769648,0.));
#5309=DIRECTION('',(-0.965925828769648,-0.258819035844869,0.));
#5310=DIRECTION('',(0.500000008300183,0.866025398992326,0.));
#5311=DIRECTION('',(-0.866025398992326,0.500000008300183,0.));
#5312=DIRECTION('',(-0.866025398992322,0.500000008300189,-9.42985021957158E-15));
#5313=DIRECTION('',(-0.500000008300189,-0.866025398992322,0.));
#5314=DIRECTION('',(-0.866025398992326,0.500000008300183,0.));
#5315=DIRECTION('',(-0.500000008300183,-0.866025398992326,0.));
#5316=CARTESIAN_POINT('',(0.,0.,0.));
#5317=CARTESIAN_POINT('',(0.172786019,-0.075259809,0.002));
#5318=CARTESIAN_POINT('',(0.172786019,-0.075259809,0.00154));
#5319=CARTESIAN_POINT('',(0.175512519,-0.075259809,0.00154));
#5320=CARTESIAN_POINT('',(0.181242519,-0.075259809,0.00154));
#5321=CARTESIAN_POINT('',(0.181242519,-0.075259809,0.005145));
#5322=CARTESIAN_POINT('',(0.181242519,-0.075259809,0.00875));
#5323=CARTESIAN_POINT('',(0.172786019,-0.075259809,0.00875));
#5324=CARTESIAN_POINT('',(0.175512519,-0.075259809,0.00875));
#5325=CARTESIAN_POINT('',(0.175512519,-0.075259809,0.005145));
#5326=CARTESIAN_POINT('',(0.171664519,-0.075259809,0.002));
#5327=CARTESIAN_POINT('',(0.171664519,-0.075259809,0.0111));
#5328=CARTESIAN_POINT('',(0.171664519,-0.075259809,0.001));
#5329=CARTESIAN_POINT('',(0.172786019,-0.075259809,0.0111));
#5330=CARTESIAN_POINT('',(0.18737951861943,-0.075259809,0.0111));
#5331=CARTESIAN_POINT('',(0.18737951861943,-0.075259809,0.002));
#5332=CARTESIAN_POINT('',(0.18737951861943,-0.075259809,0.001));
#5333=CARTESIAN_POINT('',(0.171664519,-0.075259809,0.001));
#5334=CARTESIAN_POINT('',(0.171686019190285,-0.077259809,0.008));
#5335=CARTESIAN_POINT('',(0.171686019190285,-0.077259809,0.002));
#5336=CARTESIAN_POINT('',(0.16946451938057,-0.077259809,0.002));
#5337=CARTESIAN_POINT('',(0.18737951861943,-0.0772598089999999,0.002));
#5338=CARTESIAN_POINT('',(0.18737951861943,-0.0772598089999999,0.008));
#5339=CARTESIAN_POINT('',(0.18737951861943,-0.0772598089999999,0.0121));
#5340=CARTESIAN_POINT('',(0.185113518809715,-0.077259809,0.0121));
#5341=CARTESIAN_POINT('',(0.16946451938057,-0.077259809,0.0121));
#5342=CARTESIAN_POINT('',(0.16946451938057,-0.077259809,0.008));
#5343=CARTESIAN_POINT('',(0.178377519,-0.077259809,0.00254));
#5344=CARTESIAN_POINT('',(0.181242519,-0.077259809,0.00254));
#5345=CARTESIAN_POINT('',(0.175512519,-0.077259809,0.00254));
#5346=CARTESIAN_POINT('',(0.175512519,-0.077259809,0.005145));
#5347=CARTESIAN_POINT('',(0.175512519,-0.077259809,0.00775));
#5348=CARTESIAN_POINT('',(0.178377519,-0.077259809,0.00775));
#5349=CARTESIAN_POINT('',(0.181242519,-0.077259809,0.00775));
#5350=CARTESIAN_POINT('',(0.181242519,-0.077259809,0.005145));
#5351=CARTESIAN_POINT('',(0.130797015122136,-0.0948159982242475,0.008));
#5352=CARTESIAN_POINT('',(0.073514519,-0.102459809,0.008));
#5353=CARTESIAN_POINT('',(0.073514519,-0.103459809,0.008));
#5354=CARTESIAN_POINT('',(0.073514519,-0.101459809,0.008));
#5355=CARTESIAN_POINT('',(0.074989519,-0.103459809,0.008));
#5356=CARTESIAN_POINT('',(0.076264519,-0.103459809,0.008));
#5357=CARTESIAN_POINT('',(0.076264519,-0.103209809,0.008));
#5358=CARTESIAN_POINT('',(0.076514519,-0.103209809,0.008));
#5359=CARTESIAN_POINT('',(0.076514519,-0.102459809,0.008));
#5360=CARTESIAN_POINT('',(0.076514519,-0.101709809,0.008));
#5361=CARTESIAN_POINT('',(0.076264519,-0.101709809,0.008));
#5362=CARTESIAN_POINT('',(0.076264519,-0.101459809,0.008));
#5363=CARTESIAN_POINT('',(0.074989519,-0.101459809,0.008));
#5364=CARTESIAN_POINT('',(0.130797015122136,-0.0948159982242475,0.008));
#5365=CARTESIAN_POINT('',(0.073514519,-0.102459809,0.008));
#5366=CARTESIAN_POINT('',(0.073514519,-0.084409809,0.008));
#5367=CARTESIAN_POINT('',(0.073514519,-0.082409809,0.008));
#5368=CARTESIAN_POINT('',(0.073614519,-0.084409809,0.008));
#5369=CARTESIAN_POINT('',(0.076264519,-0.084409809,0.008));
#5370=CARTESIAN_POINT('',(0.076264519,-0.084159809,0.008));
#5371=CARTESIAN_POINT('',(0.076514519,-0.084159809,0.008));
#5372=CARTESIAN_POINT('',(0.076514519,-0.083409809,0.008));
#5373=CARTESIAN_POINT('',(0.076514519,-0.082659809,0.008));
#5374=CARTESIAN_POINT('',(0.076264519,-0.082659809,0.008));
#5375=CARTESIAN_POINT('',(0.076264519,-0.082409809,0.008));
#5376=CARTESIAN_POINT('',(0.073614519,-0.082409809,0.008));
#5377=CARTESIAN_POINT('',(0.130797015122136,-0.0948159982242475,0.002));
#5378=CARTESIAN_POINT('',(0.172489519,-0.106606809,0.002));
#5379=CARTESIAN_POINT('',(0.174489519,-0.106606809,0.002));
#5380=CARTESIAN_POINT('',(0.149914519,-0.061507084,0.002));
#5381=CARTESIAN_POINT('',(0.152914519,-0.061507084,0.002));
#5382=CARTESIAN_POINT('',(0.092764519,-0.071409809,0.002));
#5383=CARTESIAN_POINT('',(0.095764519,-0.071409809,0.002));
#5384=CARTESIAN_POINT('',(0.175256578,-0.118107084,0.002));
#5385=CARTESIAN_POINT('',(0.178256578,-0.118107084,0.002));
#5386=CARTESIAN_POINT('',(0.116256578,-0.110107084,0.002));
#5387=CARTESIAN_POINT('',(0.119256578,-0.110107084,0.002));
#5388=CARTESIAN_POINT('',(0.178359551025846,-0.134509678862746,0.002));
#5389=CARTESIAN_POINT('',(0.183331988348122,-0.125897164973741,0.002));
#5390=CARTESIAN_POINT('',(0.173387120870869,-0.143122196889794,0.002));
#5391=CARTESIAN_POINT('',(0.184198013747114,-0.126397164982041,0.002));
#5392=CARTESIAN_POINT('',(0.183158783268323,-0.125797164972081,0.002));
#5393=CARTESIAN_POINT('',(0.185483783306919,-0.121770146866766,0.002));
#5394=CARTESIAN_POINT('',(0.187808783345515,-0.117743128761452,0.002));
#5395=CARTESIAN_POINT('',(0.188848013824305,-0.118343128771412,0.002));
#5396=CARTESIAN_POINT('',(0.187981988425313,-0.117843128763112,0.002));
#5397=CARTESIAN_POINT('',(0.187983862229707,-0.117839883238769,0.002));
#5398=CARTESIAN_POINT('',(0.187985736034102,-0.117836637714427,0.002));
#5399=CARTESIAN_POINT('',(0.18737951375595,-0.1174866351112,0.002));
#5400=CARTESIAN_POINT('',(0.188079518999992,-0.1174866351112,0.002));
#5401=CARTESIAN_POINT('',(0.188079519,-0.090080809190285,0.002));
#5402=CARTESIAN_POINT('',(0.188079519,-0.07795980938057,0.002));
#5403=CARTESIAN_POINT('',(0.18737951861943,-0.07795980938057,0.002));
#5404=CARTESIAN_POINT('',(0.16946451938057,-0.07695980861943,0.002));
#5405=CARTESIAN_POINT('',(0.169164519,-0.07695980861943,0.002));
#5406=CARTESIAN_POINT('',(0.169164519,-0.065909809,0.002));
#5407=CARTESIAN_POINT('',(0.169164519,-0.05485980938057,0.002));
#5408=CARTESIAN_POINT('',(0.16846451861943,-0.05485980938057,0.002));
#5409=CARTESIAN_POINT('',(0.16846451861943,-0.0541598089999999,0.002));
#5410=CARTESIAN_POINT('',(0.159439519,-0.054159809,0.002));
#5411=CARTESIAN_POINT('',(0.15041451938057,-0.054159809,0.002));
#5412=CARTESIAN_POINT('',(0.15041451938057,-0.05385980861943,0.002));
#5413=CARTESIAN_POINT('',(0.150114519,-0.05385980861943,0.002));
#5414=CARTESIAN_POINT('',(0.150114519,-0.053109809,0.002));
#5415=CARTESIAN_POINT('',(0.150114519,-0.05235980938057,0.002));
#5416=CARTESIAN_POINT('',(0.14941451861943,-0.05235980938057,0.002));
#5417=CARTESIAN_POINT('',(0.14941451861943,-0.0516598089999998,0.002));
#5418=CARTESIAN_POINT('',(0.140389519,-0.051659809,0.002));
#5419=CARTESIAN_POINT('',(0.13136451938057,-0.051659809,0.002));
#5420=CARTESIAN_POINT('',(0.13136451938057,-0.05135980861943,0.002));
#5421=CARTESIAN_POINT('',(0.131064519,-0.05135980861943,0.002));
#5422=CARTESIAN_POINT('',(0.131064519,-0.049109809,0.002));
#5423=CARTESIAN_POINT('',(0.131064519,-0.04685980938057,0.002));
#5424=CARTESIAN_POINT('',(0.13036451861943,-0.04685980938057,0.002));
#5425=CARTESIAN_POINT('',(0.13036451861943,-0.0461598089999998,0.002));
#5426=CARTESIAN_POINT('',(0.121339514187113,-0.046159809,0.002));
#5427=CARTESIAN_POINT('',(0.112314509754796,-0.046159809,0.002));
#5428=CARTESIAN_POINT('',(0.112314509754796,-0.0468597997547964,0.002));
#5429=CARTESIAN_POINT('',(0.111614509374226,-0.0468597997547964,0.002));
#5430=CARTESIAN_POINT('',(0.111614519,-0.0493597993375809,0.002));
#5431=CARTESIAN_POINT('',(0.111614519,-0.0518597989203654,0.002));
#5432=CARTESIAN_POINT('',(0.111314508920365,-0.0518597989203654,0.002));
#5433=CARTESIAN_POINT('',(0.111314508920365,-0.0521597993009354,0.002));
#5434=CARTESIAN_POINT('',(0.102289509337584,-0.052159809,0.002));
#5435=CARTESIAN_POINT('',(0.0932645097548025,-0.052159809,0.002));
#5436=CARTESIAN_POINT('',(0.0932645097548025,-0.0528597997547965,0.002));
#5437=CARTESIAN_POINT('',(0.0925645093742325,-0.0528597997547965,0.002));
#5438=CARTESIAN_POINT('',(0.092564519,-0.058359799337581,0.002));
#5439=CARTESIAN_POINT('',(0.092564519,-0.0638597989203654,0.002));
#5440=CARTESIAN_POINT('',(0.0922645089203724,-0.0638597989203654,0.002));
#5441=CARTESIAN_POINT('',(0.0922645089203724,-0.0641597993009354,0.002));
#5442=CARTESIAN_POINT('',(0.0832395102726071,-0.064159809,0.002));
#5443=CARTESIAN_POINT('',(0.0742145116248417,-0.064159809,0.002));
#5444=CARTESIAN_POINT('',(0.0742145116248417,-0.0648598016248417,0.002));
#5445=CARTESIAN_POINT('',(0.0735145112442717,-0.0648598016248417,0.002));
#5446=CARTESIAN_POINT('',(0.073514519,-0.0736348053124209,0.002));
#5447=CARTESIAN_POINT('',(0.073514519,-0.082409809,0.002));
#5448=CARTESIAN_POINT('',(0.073614519,-0.082409809,0.002));
#5449=CARTESIAN_POINT('',(0.076264519,-0.082409809,0.002));
#5450=CARTESIAN_POINT('',(0.076264519,-0.082659809,0.002));
#5451=CARTESIAN_POINT('',(0.076514519,-0.082659809,0.002));
#5452=CARTESIAN_POINT('',(0.076514519,-0.083409809,0.002));
#5453=CARTESIAN_POINT('',(0.076514519,-0.084159809,0.002));
#5454=CARTESIAN_POINT('',(0.076264519,-0.084159809,0.002));
#5455=CARTESIAN_POINT('',(0.076264519,-0.084409809,0.002));
#5456=CARTESIAN_POINT('',(0.073614519,-0.084409809,0.002));
#5457=CARTESIAN_POINT('',(0.073514519,-0.084409809,0.002));
#5458=CARTESIAN_POINT('',(0.073514519,-0.092934809,0.002));
#5459=CARTESIAN_POINT('',(0.073514519,-0.101459809,0.002));
#5460=CARTESIAN_POINT('',(0.074989519,-0.101459809,0.002));
#5461=CARTESIAN_POINT('',(0.076264519,-0.101459809,0.002));
#5462=CARTESIAN_POINT('',(0.076264519,-0.101709809,0.002));
#5463=CARTESIAN_POINT('',(0.076514519,-0.101709809,0.002));
#5464=CARTESIAN_POINT('',(0.076514519,-0.102459809,0.002));
#5465=CARTESIAN_POINT('',(0.076514519,-0.103209809,0.002));
#5466=CARTESIAN_POINT('',(0.076264519,-0.103209809,0.002));
#5467=CARTESIAN_POINT('',(0.076264519,-0.103459809,0.002));
#5468=CARTESIAN_POINT('',(0.074989519,-0.103459809,0.002));
#5469=CARTESIAN_POINT('',(0.073514519,-0.103459809,0.002));
#5470=CARTESIAN_POINT('',(0.073514519,-0.112234812687544,0.002));
#5471=CARTESIAN_POINT('',(0.073514519,-0.121009816375088,0.002));
#5472=CARTESIAN_POINT('',(0.0742145116248416,-0.121009816375088,0.002));
#5473=CARTESIAN_POINT('',(0.0742145116248416,-0.121709816755658,0.002));
#5474=CARTESIAN_POINT('',(0.083239510272607,-0.121709809,0.002));
#5475=CARTESIAN_POINT('',(0.0922645089203724,-0.121709809,0.002));
#5476=CARTESIAN_POINT('',(0.0922645089203724,-0.121009798920365,0.002));
#5477=CARTESIAN_POINT('',(0.0929645093009424,-0.121009798920365,0.002));
#5478=CARTESIAN_POINT('',(0.092964519,-0.115509804626933,0.002));
#5479=CARTESIAN_POINT('',(0.092964519,-0.1100098103335,0.002));
#5480=CARTESIAN_POINT('',(0.093264520333573,-0.1100098103335,0.002));
#5481=CARTESIAN_POINT('',(0.093264520333573,-0.109709808999925,0.002));
#5482=CARTESIAN_POINT('',(0.102365369190918,-0.109709809,0.002));
#5483=CARTESIAN_POINT('',(0.111466218048264,-0.109709809,0.002));
#5484=CARTESIAN_POINT('',(0.111466218048264,-0.11000980938057,0.002));
#5485=CARTESIAN_POINT('',(0.111747625324279,-0.109905837397095,0.002));
#5486=CARTESIAN_POINT('',(0.115227414887321,-0.119324125567738,0.002));
#5487=CARTESIAN_POINT('',(0.118707204450366,-0.12874241373838,0.002));
#5488=CARTESIAN_POINT('',(0.119363820951757,-0.128499812619465,0.002));
#5489=CARTESIAN_POINT('',(0.119363813927784,-0.129199812999999,0.002));
#5490=CARTESIAN_POINT('',(0.128681905137993,-0.129199906499986,0.002));
#5491=CARTESIAN_POINT('',(0.137999996348202,-0.129199999999973,0.002));
#5492=CARTESIAN_POINT('',(0.137999993337909,-0.129500001938032,0.002));
#5493=CARTESIAN_POINT('',(0.138077639151587,-0.129210223822983,0.002));
#5494=CARTESIAN_POINT('',(0.147214173710105,-0.131658349036407,0.002));
#5495=CARTESIAN_POINT('',(0.156350707793915,-0.134106476021467,0.002));
#5496=CARTESIAN_POINT('',(0.156273062056303,-0.134396253852634,0.002));
#5497=CARTESIAN_POINT('',(0.156423060241355,-0.134136444744205,0.002));
#5498=CARTESIAN_POINT('',(0.164426984127997,-0.138757430464024,0.002));
#5499=CARTESIAN_POINT('',(0.172430908220711,-0.143378415826909,0.002));
#5500=CARTESIAN_POINT('',(0.172780902761991,-0.142772196693699,0.002));
#5501=CARTESIAN_POINT('',(0.184198013747114,-0.126397164982041,0.002));
#5502=CARTESIAN_POINT('',(0.18419801374711,-0.126397164982038,0.001));
#5503=CARTESIAN_POINT('',(0.184631026446606,-0.126647164986188,0.001));
#5504=CARTESIAN_POINT('',(0.18419801374711,-0.126397164982038,0.0005));
#5505=CARTESIAN_POINT('',(0.183158783268323,-0.125797164972081,0.0005));
#5506=CARTESIAN_POINT('',(0.183158783268323,-0.125797164972081,0.0005));
#5507=CARTESIAN_POINT('',(0.183158783268323,-0.125797164972081,0.002));
#5508=CARTESIAN_POINT('',(0.183331988348122,-0.125897164973741,0.008));
#5509=CARTESIAN_POINT('',(0.183331988348122,-0.125897164973741,0.0096));
#5510=CARTESIAN_POINT('',(0.184198013747114,-0.126397164982041,0.0096));
#5511=CARTESIAN_POINT('',(0.184631026446606,-0.126647164986188,0.0096));
#5512=CARTESIAN_POINT('',(0.184631026446606,-0.126647164986188,0.002));
#5513=CARTESIAN_POINT('',(0.185483783306919,-0.121770146866766,0.002));
#5514=CARTESIAN_POINT('',(0.187808783345515,-0.117743128761452,0.0005));
#5515=CARTESIAN_POINT('',(0.187808783345515,-0.117743128761452,0.0005));
#5516=CARTESIAN_POINT('',(0.187808783345515,-0.117743128761452,0.002));
#5517=CARTESIAN_POINT('',(0.188848013824305,-0.118343128771412,0.002));
#5518=CARTESIAN_POINT('',(0.188848013824305,-0.118343128771412,0.0005));
#5519=CARTESIAN_POINT('',(0.188784876728247,-0.1183066765512,0.0005));
#5520=CARTESIAN_POINT('',(0.188784876728247,-0.1183066765512,0.0005));
#5521=CARTESIAN_POINT('',(0.189017178598728,-0.118440796101624,0.000499999999999884));
#5522=CARTESIAN_POINT('',(0.18923267124613,-0.118565210842364,0.000731530216402899));
#5523=CARTESIAN_POINT('',(0.18923267124613,-0.118565210842364,0.001));
#5524=CARTESIAN_POINT('',(0.18923267124613,-0.118565210842364,0.001));
#5525=CARTESIAN_POINT('',(0.18923267124613,-0.118565210842364,0.002));
#5526=CARTESIAN_POINT('',(0.18923267124613,-0.118565210842364,0.0096));
#5527=CARTESIAN_POINT('',(0.188848013824305,-0.118343128771412,0.0096));
#5528=CARTESIAN_POINT('',(0.187981988425313,-0.117843128763112,0.0096));
#5529=CARTESIAN_POINT('',(0.187981988425313,-0.117843128763112,0.008));
#5530=CARTESIAN_POINT('',(0.189715913027693,-0.11883988325537,0.002));
#5531=CARTESIAN_POINT('',(0.185064039146102,-0.126897164990338,0.001));
#5532=CARTESIAN_POINT('',(0.175119171668854,-0.144122196906394,0.001));
#5533=CARTESIAN_POINT('',(0.184814039141951,-0.127330177689835,0.001));
#5534=CARTESIAN_POINT('',(0.184814039141951,-0.127330177689835,0.002));
#5535=CARTESIAN_POINT('',(0.184814039141951,-0.127330177689835,0.0101));
#5536=CARTESIAN_POINT('',(0.189714039223298,-0.118843128779712,0.0101));
#5537=CARTESIAN_POINT('',(0.189717786832087,-0.118836637731027,0.0101));
#5538=CARTESIAN_POINT('',(0.189717786832087,-0.118836637731027,0.002));
#5539=CARTESIAN_POINT('',(0.189717786832087,-0.118836637731027,0.0111));
#5540=CARTESIAN_POINT('',(0.189715913027693,-0.11883988325537,0.0111));
#5541=CARTESIAN_POINT('',(0.175119171668854,-0.144122196906394,0.0111));
#5542=CARTESIAN_POINT('',(0.175119171668854,-0.144122196906394,0.002));
#5543=CARTESIAN_POINT('',(0.187379513755949,-0.1174866351112,0.002));
#5544=CARTESIAN_POINT('',(0.187379513755949,-0.1174866351112,0.0101));
#5545=CARTESIAN_POINT('',(0.189960660450539,-0.118278916663975,0.0101));
#5546=CARTESIAN_POINT('',(0.189960660450539,-0.118278916663975,0.002));
#5547=CARTESIAN_POINT('',(0.189960660450539,-0.118278916663975,0.001));
#5548=CARTESIAN_POINT('',(0.187379513755949,-0.1174866351112,0.001));
#5549=CARTESIAN_POINT('',(0.190079518999992,-0.1174866351112,0.001));
#5550=CARTESIAN_POINT('',(0.190079518999992,-0.1174866351112,0.002));
#5551=CARTESIAN_POINT('',(0.190079518999992,-0.1174866351112,0.0111));
#5552=CARTESIAN_POINT('',(0.187379513755949,-0.1174866351112,0.0111));
#5553=CARTESIAN_POINT('',(0.190079519,-0.090080809190285,0.002));
#5554=CARTESIAN_POINT('',(0.190079519,-0.07795980938057,0.002));
#5555=CARTESIAN_POINT('',(0.190079519,-0.07795980938057,0.0111));
#5556=CARTESIAN_POINT('',(0.190079519,-0.07795980938057,0.001));
#5557=CARTESIAN_POINT('',(0.190079519,-0.090080809190285,0.0111));
#5558=CARTESIAN_POINT('',(0.190079519,-0.07795980938057,0.001));
#5559=CARTESIAN_POINT('',(0.18737951861943,-0.07795980938057,0.002));
#5560=CARTESIAN_POINT('',(0.18737951861943,-0.07795980938057,0.0111));
#5561=CARTESIAN_POINT('',(0.18737951861943,-0.07795980938057,0.001));
#5562=CARTESIAN_POINT('',(0.171664519,-0.074759809,0.002));
#5563=CARTESIAN_POINT('',(0.171164519,-0.074759809,0.002));
#5564=CARTESIAN_POINT('',(0.171164519,-0.074759809,0.0111));
#5565=CARTESIAN_POINT('',(0.171164519,-0.074759809,0.001));
#5566=CARTESIAN_POINT('',(0.171664519,-0.074759809,0.0111));
#5567=CARTESIAN_POINT('',(0.171664519,-0.074759809,0.001));
#5568=CARTESIAN_POINT('',(0.171164519,-0.064809809190285,0.002));
#5569=CARTESIAN_POINT('',(0.171164519,-0.05485980938057,0.002));
#5570=CARTESIAN_POINT('',(0.171164519,-0.05485980938057,0.0111));
#5571=CARTESIAN_POINT('',(0.171164519,-0.05485980938057,0.001));
#5572=CARTESIAN_POINT('',(0.171164519,-0.064809809190285,0.0111));
#5573=CARTESIAN_POINT('',(0.171164519,-0.05485980938057,0.001));
#5574=CARTESIAN_POINT('',(0.16846451861943,-0.05485980938057,0.002));
#5575=CARTESIAN_POINT('',(0.16846451861943,-0.052159809,0.002));
#5576=CARTESIAN_POINT('',(0.16846451861943,-0.052159809,0.0111));
#5577=CARTESIAN_POINT('',(0.16846451861943,-0.052159809,0.001));
#5578=CARTESIAN_POINT('',(0.16846451861943,-0.05485980938057,0.0111));
#5579=CARTESIAN_POINT('',(0.16846451861943,-0.05485980938057,0.001));
#5580=CARTESIAN_POINT('',(0.16050076827138,-0.052159809,0.002));
#5581=CARTESIAN_POINT('',(0.152537017923329,-0.052159809,0.002));
#5582=CARTESIAN_POINT('',(0.152537017923329,-0.052159809,0.0111));
#5583=CARTESIAN_POINT('',(0.152537017923329,-0.052159809,0.001));
#5584=CARTESIAN_POINT('',(0.16050076827138,-0.052159809,0.0111));
#5585=CARTESIAN_POINT('',(0.152537017923329,-0.052159809,0.001));
#5586=CARTESIAN_POINT('',(0.152537017923329,-0.0516598090000001,0.002));
#5587=CARTESIAN_POINT('',(0.152049127465119,-0.0517691840464563,0.002));
#5588=CARTESIAN_POINT('',(0.152049127465119,-0.0517691840464563,0.0111));
#5589=CARTESIAN_POINT('',(0.152049127465119,-0.0517691840464563,0.001));
#5590=CARTESIAN_POINT('',(0.152537017923329,-0.0516598090000001,0.0111));
#5591=CARTESIAN_POINT('',(0.152537017923329,-0.0516598090000001,0.001));
#5592=CARTESIAN_POINT('',(0.14941451861943,-0.05235980938057,0.002));
#5593=CARTESIAN_POINT('',(0.14941451861943,-0.049659809,0.002));
#5594=CARTESIAN_POINT('',(0.14941451861943,-0.049659809,0.0111));
#5595=CARTESIAN_POINT('',(0.14941451861943,-0.049659809,0.001));
#5596=CARTESIAN_POINT('',(0.14941451861943,-0.05235980938057,0.0111));
#5597=CARTESIAN_POINT('',(0.14941451861943,-0.05235980938057,0.001));
#5598=CARTESIAN_POINT('',(0.141489518809715,-0.049659809,0.002));
#5599=CARTESIAN_POINT('',(0.133564519,-0.0496598089999999,0.002));
#5600=CARTESIAN_POINT('',(0.133564519,-0.0496598089999999,0.0111));
#5601=CARTESIAN_POINT('',(0.133564519,-0.0496598089999999,0.001));
#5602=CARTESIAN_POINT('',(0.141489518809715,-0.049659809,0.0111));
#5603=CARTESIAN_POINT('',(0.133564519,-0.049659809,0.001));
#5604=CARTESIAN_POINT('',(0.133564519,-0.049159809,0.002));
#5605=CARTESIAN_POINT('',(0.133064519,-0.049159809,0.002));
#5606=CARTESIAN_POINT('',(0.133064519,-0.049159809,0.0111));
#5607=CARTESIAN_POINT('',(0.133064519,-0.049159809,0.001));
#5608=CARTESIAN_POINT('',(0.133564519,-0.049159809,0.0111));
#5609=CARTESIAN_POINT('',(0.133564519,-0.049159809,0.001));
#5610=CARTESIAN_POINT('',(0.133064519,-0.048009809190285,0.002));
#5611=CARTESIAN_POINT('',(0.133064519,-0.04685980938057,0.002));
#5612=CARTESIAN_POINT('',(0.133064519,-0.04685980938057,0.0111));
#5613=CARTESIAN_POINT('',(0.133064519,-0.04685980938057,0.001));
#5614=CARTESIAN_POINT('',(0.133064519,-0.048009809190285,0.0111));
#5615=CARTESIAN_POINT('',(0.133064519,-0.04685980938057,0.001));
#5616=CARTESIAN_POINT('',(0.13036451861943,-0.04685980938057,0.002));
#5617=CARTESIAN_POINT('',(0.13036451861943,-0.044159809,0.002));
#5618=CARTESIAN_POINT('',(0.13036451861943,-0.044159809,0.0111));
#5619=CARTESIAN_POINT('',(0.13036451861943,-0.044159809,0.001));
#5620=CARTESIAN_POINT('',(0.13036451861943,-0.04685980938057,0.0111));
#5621=CARTESIAN_POINT('',(0.13036451861943,-0.04685980938057,0.001));
#5622=CARTESIAN_POINT('',(0.121339514187113,-0.044159809,0.002));
#5623=CARTESIAN_POINT('',(0.112314509754796,-0.0441597993742264,0.002));
#5624=CARTESIAN_POINT('',(0.112314509754796,-0.0441597993742264,0.0111));
#5625=CARTESIAN_POINT('',(0.112314509754796,-0.0441597993742264,0.001));
#5626=CARTESIAN_POINT('',(0.121339514187113,-0.044159809,0.0111));
#5627=CARTESIAN_POINT('',(0.112314509754796,-0.044159809,0.001));
#5628=CARTESIAN_POINT('',(0.112314509754796,-0.0468597997547964,0.002));
#5629=CARTESIAN_POINT('',(0.109614519,-0.0468597997547964,0.002));
#5630=CARTESIAN_POINT('',(0.109614519,-0.0468597997547964,0.0111));
#5631=CARTESIAN_POINT('',(0.109614519,-0.0468597997547964,0.001));
#5632=CARTESIAN_POINT('',(0.112314509754796,-0.0468597997547964,0.0111));
#5633=CARTESIAN_POINT('',(0.112314509754796,-0.0468597997547964,0.001));
#5634=CARTESIAN_POINT('',(0.109614519,-0.0482598043773982,0.002));
#5635=CARTESIAN_POINT('',(0.109614519,-0.0496598090000001,0.002));
#5636=CARTESIAN_POINT('',(0.109614519,-0.0496598090000001,0.0111));
#5637=CARTESIAN_POINT('',(0.109614519,-0.0496598090000001,0.001));
#5638=CARTESIAN_POINT('',(0.109614519,-0.0482598043773982,0.0111));
#5639=CARTESIAN_POINT('',(0.109614519,-0.0496598090000001,0.001));
#5640=CARTESIAN_POINT('',(0.109114519,-0.0496598090000001,0.002));
#5641=CARTESIAN_POINT('',(0.109114519,-0.050159809,0.002));
#5642=CARTESIAN_POINT('',(0.109114519,-0.050159809,0.0111));
#5643=CARTESIAN_POINT('',(0.109114519,-0.050159809,0.001));
#5644=CARTESIAN_POINT('',(0.109114519,-0.0496598090000001,0.0111));
#5645=CARTESIAN_POINT('',(0.109114519,-0.0496598090000001,0.001));
#5646=CARTESIAN_POINT('',(0.101189514377401,-0.050159809,0.002));
#5647=CARTESIAN_POINT('',(0.0932645097548025,-0.0501597993742265,0.002));
#5648=CARTESIAN_POINT('',(0.0932645097548025,-0.0501597993742265,0.0111));
#5649=CARTESIAN_POINT('',(0.0932645097548025,-0.0501597993742265,0.001));
#5650=CARTESIAN_POINT('',(0.101189514377401,-0.050159809,0.0111));
#5651=CARTESIAN_POINT('',(0.0932645097548025,-0.050159809,0.001));
#5652=CARTESIAN_POINT('',(0.0932645097548025,-0.0528597997547965,0.002));
#5653=CARTESIAN_POINT('',(0.090564519,-0.0528597997547965,0.002));
#5654=CARTESIAN_POINT('',(0.090564519,-0.0528597997547965,0.0111));
#5655=CARTESIAN_POINT('',(0.090564519,-0.0528597997547965,0.001));
#5656=CARTESIAN_POINT('',(0.0932645097548025,-0.0528597997547965,0.0111));
#5657=CARTESIAN_POINT('',(0.0932645097548025,-0.0528597997547965,0.001));
#5658=CARTESIAN_POINT('',(0.090564519,-0.0572598043773983,0.002));
#5659=CARTESIAN_POINT('',(0.090564519,-0.0616598090000001,0.002));
#5660=CARTESIAN_POINT('',(0.090564519,-0.0616598090000001,0.0111));
#5661=CARTESIAN_POINT('',(0.090564519,-0.0616598090000001,0.001));
#5662=CARTESIAN_POINT('',(0.090564519,-0.0572598043773983,0.0111));
#5663=CARTESIAN_POINT('',(0.090564519,-0.0616598090000001,0.001));
#5664=CARTESIAN_POINT('',(0.0900645190000001,-0.0616598090000001,0.002));
#5665=CARTESIAN_POINT('',(0.0900645190000001,-0.062159809,0.002));
#5666=CARTESIAN_POINT('',(0.0900645190000001,-0.062159809,0.0111));
#5667=CARTESIAN_POINT('',(0.0900645190000001,-0.062159809,0.001));
#5668=CARTESIAN_POINT('',(0.0900645190000001,-0.0616598090000001,0.0111));
#5669=CARTESIAN_POINT('',(0.0900645190000001,-0.0616598090000001,0.001));
#5670=CARTESIAN_POINT('',(0.0821395153124209,-0.062159809,0.002));
#5671=CARTESIAN_POINT('',(0.0742145116248417,-0.0621598012442717,0.002));
#5672=CARTESIAN_POINT('',(0.0742145116248417,-0.0621598012442717,0.0111));
#5673=CARTESIAN_POINT('',(0.0742145116248417,-0.0621598012442717,0.001));
#5674=CARTESIAN_POINT('',(0.0821395153124209,-0.062159809,0.0111));
#5675=CARTESIAN_POINT('',(0.0742145116248417,-0.062159809,0.001));
#5676=CARTESIAN_POINT('',(0.0742145116248417,-0.0648598016248417,0.002));
#5677=CARTESIAN_POINT('',(0.071514519,-0.0648598016248417,0.002));
#5678=CARTESIAN_POINT('',(0.071514519,-0.0648598016248417,0.0111));
#5679=CARTESIAN_POINT('',(0.071514519,-0.0648598016248417,0.001));
#5680=CARTESIAN_POINT('',(0.0742145116248417,-0.0648598016248417,0.0111));
#5681=CARTESIAN_POINT('',(0.0742145116248417,-0.0648598016248417,0.001));
#5682=CARTESIAN_POINT('',(0.071514519,-0.0929348089999648,0.002));
#5683=CARTESIAN_POINT('',(0.0715145112442716,-0.121009816375088,0.002));
#5684=CARTESIAN_POINT('',(0.0715145112442716,-0.121009816375088,0.0111));
#5685=CARTESIAN_POINT('',(0.0715145112442716,-0.121009816375088,0.001));
#5686=CARTESIAN_POINT('',(0.071514519,-0.0929348089999648,0.0111));
#5687=CARTESIAN_POINT('',(0.071514519,-0.121009816375088,0.001));
#5688=CARTESIAN_POINT('',(0.0742145116248416,-0.121009816375088,0.002));
#5689=CARTESIAN_POINT('',(0.0742145116248416,-0.123709809,0.002));
#5690=CARTESIAN_POINT('',(0.0742145116248416,-0.123709809,0.0111));
#5691=CARTESIAN_POINT('',(0.0742145116248416,-0.123709809,0.001));
#5692=CARTESIAN_POINT('',(0.0742145116248416,-0.121009816375088,0.0111));
#5693=CARTESIAN_POINT('',(0.0742145116248416,-0.121009816375088,0.001));
#5694=CARTESIAN_POINT('',(0.083239510272607,-0.123709809,0.002));
#5695=CARTESIAN_POINT('',(0.0922645089203724,-0.123709799300935,0.002));
#5696=CARTESIAN_POINT('',(0.0922645089203724,-0.123709799300935,0.0111));
#5697=CARTESIAN_POINT('',(0.0922645089203724,-0.123709799300935,0.001));
#5698=CARTESIAN_POINT('',(0.083239510272607,-0.123709809,0.0111));
#5699=CARTESIAN_POINT('',(0.0922645089203724,-0.123709809,0.001));
#5700=CARTESIAN_POINT('',(0.0922645089203724,-0.121009798920365,0.002));
#5701=CARTESIAN_POINT('',(0.094964519,-0.121009798920365,0.002));
#5702=CARTESIAN_POINT('',(0.094964519,-0.121009798920365,0.0111));
#5703=CARTESIAN_POINT('',(0.094964519,-0.121009798920365,0.001));
#5704=CARTESIAN_POINT('',(0.0922645089203724,-0.121009798920365,0.0111));
#5705=CARTESIAN_POINT('',(0.0922645089203724,-0.121009798920365,0.001));
#5706=CARTESIAN_POINT('',(0.094964519,-0.116609803960183,0.002));
#5707=CARTESIAN_POINT('',(0.094964519,-0.112209809,0.002));
#5708=CARTESIAN_POINT('',(0.094964519,-0.112209809,0.0111));
#5709=CARTESIAN_POINT('',(0.094964519,-0.112209809,0.001));
#5710=CARTESIAN_POINT('',(0.094964519,-0.116609803960183,0.0111));
#5711=CARTESIAN_POINT('',(0.094964519,-0.112209809,0.001));
#5712=CARTESIAN_POINT('',(0.095464519,-0.112209809,0.002));
#5713=CARTESIAN_POINT('',(0.0954645189999999,-0.111709809,0.002));
#5714=CARTESIAN_POINT('',(0.0954645189999999,-0.111709809,0.0111));
#5715=CARTESIAN_POINT('',(0.0954645189999999,-0.111709809,0.001));
#5716=CARTESIAN_POINT('',(0.095464519,-0.112209809,0.0111));
#5717=CARTESIAN_POINT('',(0.095464519,-0.112209809,0.001));
#5718=CARTESIAN_POINT('',(0.102699108310264,-0.111709809,0.002));
#5719=CARTESIAN_POINT('',(0.109933697620528,-0.111709809,0.002));
#5720=CARTESIAN_POINT('',(0.109933697620528,-0.111709809,0.0111));
#5721=CARTESIAN_POINT('',(0.109933697620528,-0.111709809,0.001));
#5722=CARTESIAN_POINT('',(0.102699108310264,-0.111709809,0.0111));
#5723=CARTESIAN_POINT('',(0.109933697620528,-0.111709809,0.001));
#5724=CARTESIAN_POINT('',(0.109933697620528,-0.112209809,0.002));
#5725=CARTESIAN_POINT('',(0.110402709152247,-0.1120365225807,0.002));
#5726=CARTESIAN_POINT('',(0.110402709152247,-0.1120365225807,0.0111));
#5727=CARTESIAN_POINT('',(0.110402709152247,-0.1120365225807,0.001));
#5728=CARTESIAN_POINT('',(0.109933697620528,-0.112209809,0.0111));
#5729=CARTESIAN_POINT('',(0.109933697620528,-0.112209809,0.001));
#5730=CARTESIAN_POINT('',(0.113616933737867,-0.12073604099814,0.002));
#5731=CARTESIAN_POINT('',(0.116831158323487,-0.12943555941558,0.002));
#5732=CARTESIAN_POINT('',(0.116831158323487,-0.12943555941558,0.0111));
#5733=CARTESIAN_POINT('',(0.116831158323487,-0.12943555941558,0.001));
#5734=CARTESIAN_POINT('',(0.113616933737867,-0.12073604099814,0.0111));
#5735=CARTESIAN_POINT('',(0.116831158323487,-0.12943555941558,0.001));
#5736=CARTESIAN_POINT('',(0.119363820951757,-0.128499812619465,0.002));
#5737=CARTESIAN_POINT('',(0.119363793859299,-0.131199812999898,0.002));
#5738=CARTESIAN_POINT('',(0.119363793859299,-0.131199812999898,0.0111));
#5739=CARTESIAN_POINT('',(0.119363793859299,-0.131199812999898,0.001));
#5740=CARTESIAN_POINT('',(0.119363820951757,-0.128499812619465,0.0111));
#5741=CARTESIAN_POINT('',(0.119363820951757,-0.128499812619465,0.001));
#5742=CARTESIAN_POINT('',(0.12853707359547,-0.131199905046812,0.002));
#5743=CARTESIAN_POINT('',(0.137710353331641,-0.131199997093724,0.002));
#5744=CARTESIAN_POINT('',(0.137710353331641,-0.131199997093724,0.0111));
#5745=CARTESIAN_POINT('',(0.137710353331641,-0.131199997093724,0.001));
#5746=CARTESIAN_POINT('',(0.12853707359547,-0.131199905046812,0.0111));
#5747=CARTESIAN_POINT('',(0.137710353331641,-0.131199997093726,0.001));
#5748=CARTESIAN_POINT('',(0.13771034831452,-0.131699997093697,0.002));
#5749=CARTESIAN_POINT('',(0.137839757839817,-0.131217034181292,0.002));
#5750=CARTESIAN_POINT('',(0.137839757839817,-0.131217034181292,0.0111));
#5751=CARTESIAN_POINT('',(0.137839757839817,-0.131217034181292,0.001));
#5752=CARTESIAN_POINT('',(0.13771034831452,-0.131699997093697,0.0111));
#5753=CARTESIAN_POINT('',(0.13771034831452,-0.131699997093697,0.001));
#5754=CARTESIAN_POINT('',(0.146696534523514,-0.13359020039521,0.002));
#5755=CARTESIAN_POINT('',(0.155553311207211,-0.135963366609127,0.002));
#5756=CARTESIAN_POINT('',(0.155553311207211,-0.135963366609127,0.0111));
#5757=CARTESIAN_POINT('',(0.155553311207211,-0.135963366609127,0.001));
#5758=CARTESIAN_POINT('',(0.146696534523514,-0.13359020039521,0.0111));
#5759=CARTESIAN_POINT('',(0.155553311207211,-0.135963366609127,0.001));
#5760=CARTESIAN_POINT('',(0.155423901681914,-0.136446329521535,0.002));
#5761=CARTESIAN_POINT('',(0.155673898339863,-0.136013314890126,0.002));
#5762=CARTESIAN_POINT('',(0.155673898339863,-0.136013314890126,0.0111));
#5763=CARTESIAN_POINT('',(0.155673898339863,-0.136013314890126,0.001));
#5764=CARTESIAN_POINT('',(0.155423901681914,-0.136446329521535,0.0111));
#5765=CARTESIAN_POINT('',(0.155423901681914,-0.136446329521535,0.001));
#5766=CARTESIAN_POINT('',(0.163552409964389,-0.140561894621336,0.002));
#5767=CARTESIAN_POINT('',(0.171430921588916,-0.145110474352545,0.002));
#5768=CARTESIAN_POINT('',(0.171430921588916,-0.145110474352545,0.0111));
#5769=CARTESIAN_POINT('',(0.171430921588916,-0.145110474352545,0.001));
#5770=CARTESIAN_POINT('',(0.163552409964389,-0.140561894621336,0.0111));
#5771=CARTESIAN_POINT('',(0.171430921588916,-0.145110474352545,0.001));
#5772=CARTESIAN_POINT('',(0.172780902761991,-0.142772196693699,0.002));
#5773=CARTESIAN_POINT('',(0.172780902761991,-0.142772196693699,0.0111));
#5774=CARTESIAN_POINT('',(0.172780902761991,-0.142772196693699,0.001));
#5775=CARTESIAN_POINT('',(0.172489519,-0.106606809,0.002));
#5776=CARTESIAN_POINT('',(0.172489519,-0.106606809,0.));
#5777=CARTESIAN_POINT('',(0.174489519,-0.106606809,0.));
#5778=CARTESIAN_POINT('',(0.130797015122136,-0.0948159982242475,0.));
#5779=CARTESIAN_POINT('',(0.182725770568827,-0.12554716496793,0.));
#5780=CARTESIAN_POINT('',(0.187625770650168,-0.117060116057806,0.));
#5781=CARTESIAN_POINT('',(0.182475770564677,-0.125980177667427,0.));
#5782=CARTESIAN_POINT('',(0.183948013742959,-0.126830177681534,0.));
#5783=CARTESIAN_POINT('',(0.183948013742959,-0.126830177681535,0.));
#5784=CARTESIAN_POINT('',(0.174253139102549,-0.143622192760043,0.));
#5785=CARTESIAN_POINT('',(0.174253146269861,-0.143622196898093,0.));
#5786=CARTESIAN_POINT('',(0.172780902761991,-0.142772196693699,0.));
#5787=CARTESIAN_POINT('',(0.171930914904814,-0.144244445089727,0.));
#5788=CARTESIAN_POINT('',(0.156173891655761,-0.135147285627309,0.));
#5789=CARTESIAN_POINT('',(0.156173891655761,-0.135147285627308,0.));
#5790=CARTESIAN_POINT('',(0.155423901681914,-0.136446329521535,0.));
#5791=CARTESIAN_POINT('',(0.155812130257806,-0.13499744078431,0.));
#5792=CARTESIAN_POINT('',(0.138098576890412,-0.130251108356474,0.));
#5793=CARTESIAN_POINT('',(0.138098576890413,-0.130251108356473,0.));
#5794=CARTESIAN_POINT('',(0.13771034831452,-0.131699997093697,0.));
#5795=CARTESIAN_POINT('',(0.137710363365883,-0.130199997093776,0.));
#5796=CARTESIAN_POINT('',(0.119363803893541,-0.130199812999949,0.));
#5797=CARTESIAN_POINT('',(0.119363803893541,-0.130199812999949,0.));
#5798=CARTESIAN_POINT('',(0.119363820951757,-0.128499812619465,0.));
#5799=CARTESIAN_POINT('',(0.117769181386926,-0.12908898657698,0.));
#5800=CARTESIAN_POINT('',(0.111340732215687,-0.1116899497421,0.));
#5801=CARTESIAN_POINT('',(0.111340732215687,-0.1116899497421,0.));
#5802=CARTESIAN_POINT('',(0.109933697620528,-0.112209809,0.));
#5803=CARTESIAN_POINT('',(0.109933697620528,-0.110709809,0.));
#5804=CARTESIAN_POINT('',(0.0954645189999999,-0.110709809,0.));
#5805=CARTESIAN_POINT('',(0.0954645189999999,-0.110709809,0.));
#5806=CARTESIAN_POINT('',(0.095464519,-0.112209809,0.));
#5807=CARTESIAN_POINT('',(0.093964519,-0.112209809,0.));
#5808=CARTESIAN_POINT('',(0.093964519,-0.121009798920365,0.));
#5809=CARTESIAN_POINT('',(0.093964519,-0.121009798920365,0.));
#5810=CARTESIAN_POINT('',(0.0922645089203724,-0.121009798920365,0.));
#5811=CARTESIAN_POINT('',(0.0922645089203724,-0.122709799300935,0.));
#5812=CARTESIAN_POINT('',(0.0742145116248416,-0.122709809,0.));
#5813=CARTESIAN_POINT('',(0.0742145116248416,-0.122709809,0.));
#5814=CARTESIAN_POINT('',(0.0742145116248416,-0.121009816375088,0.));
#5815=CARTESIAN_POINT('',(0.0725145112442716,-0.121009816375088,0.));
#5816=CARTESIAN_POINT('',(0.072514519,-0.0648598016248417,0.));
#5817=CARTESIAN_POINT('',(0.072514519,-0.0648598016248417,0.));
#5818=CARTESIAN_POINT('',(0.0742145116248417,-0.0648598016248417,0.));
#5819=CARTESIAN_POINT('',(0.0742145116248417,-0.0631598012442717,0.));
#5820=CARTESIAN_POINT('',(0.0900645190000001,-0.063159809,0.));
#5821=CARTESIAN_POINT('',(0.0900645190000001,-0.063159809,0.));
#5822=CARTESIAN_POINT('',(0.0900645190000001,-0.0616598090000001,0.));
#5823=CARTESIAN_POINT('',(0.091564519,-0.0616598090000001,0.));
#5824=CARTESIAN_POINT('',(0.091564519,-0.0528597997547965,0.));
#5825=CARTESIAN_POINT('',(0.091564519,-0.0528597997547965,0.));
#5826=CARTESIAN_POINT('',(0.0932645097548025,-0.0528597997547965,0.));
#5827=CARTESIAN_POINT('',(0.0932645097548025,-0.0511597993742265,0.));
#5828=CARTESIAN_POINT('',(0.109114519,-0.051159809,0.));
#5829=CARTESIAN_POINT('',(0.109114519,-0.051159809,0.));
#5830=CARTESIAN_POINT('',(0.109114519,-0.0496598090000001,0.));
#5831=CARTESIAN_POINT('',(0.110614519,-0.0496598090000001,0.));
#5832=CARTESIAN_POINT('',(0.110614519,-0.0468597997547964,0.));
#5833=CARTESIAN_POINT('',(0.110614519,-0.0468597997547964,0.));
#5834=CARTESIAN_POINT('',(0.112314509754796,-0.0468597997547964,0.));
#5835=CARTESIAN_POINT('',(0.112314509754796,-0.0451597993742264,0.));
#5836=CARTESIAN_POINT('',(0.13036451861943,-0.045159809,0.));
#5837=CARTESIAN_POINT('',(0.13036451861943,-0.045159809,0.));
#5838=CARTESIAN_POINT('',(0.13036451861943,-0.04685980938057,0.));
#5839=CARTESIAN_POINT('',(0.132064519,-0.04685980938057,0.));
#5840=CARTESIAN_POINT('',(0.132064519,-0.049159809,0.));
#5841=CARTESIAN_POINT('',(0.132064519,-0.049159809,0.));
#5842=CARTESIAN_POINT('',(0.133564519,-0.049159809,0.));
#5843=CARTESIAN_POINT('',(0.133564519,-0.0506598089999999,0.));
#5844=CARTESIAN_POINT('',(0.14941451861943,-0.050659809,0.));
#5845=CARTESIAN_POINT('',(0.14941451861943,-0.050659809,0.));
#5846=CARTESIAN_POINT('',(0.14941451861943,-0.05235980938057,0.));
#5847=CARTESIAN_POINT('',(0.151073346548699,-0.0519879341393688,0.));
#5848=CARTESIAN_POINT('',(0.152537017923329,-0.0516598090000001,0.));
#5849=CARTESIAN_POINT('',(0.152537017923329,-0.053159809,0.));
#5850=CARTESIAN_POINT('',(0.16846451861943,-0.053159809,0.));
#5851=CARTESIAN_POINT('',(0.16846451861943,-0.053159809,0.));
#5852=CARTESIAN_POINT('',(0.16846451861943,-0.05485980938057,0.));
#5853=CARTESIAN_POINT('',(0.170164519,-0.05485980938057,0.));
#5854=CARTESIAN_POINT('',(0.170164519,-0.074759809,0.));
#5855=CARTESIAN_POINT('',(0.170164519,-0.074759809,0.));
#5856=CARTESIAN_POINT('',(0.171664519,-0.074759809,0.));
#5857=CARTESIAN_POINT('',(0.171664519,-0.076259809,0.));
#5858=CARTESIAN_POINT('',(0.18737951861943,-0.076259809,0.));
#5859=CARTESIAN_POINT('',(0.18737951861943,-0.076259809,0.));
#5860=CARTESIAN_POINT('',(0.18737951861943,-0.07795980938057,0.));
#5861=CARTESIAN_POINT('',(0.189079519,-0.07795980938057,0.));
#5862=CARTESIAN_POINT('',(0.189079519,-0.1174866351112,0.));
#5863=CARTESIAN_POINT('',(0.189079519,-0.1174866351112,0.));
#5864=CARTESIAN_POINT('',(0.187379513755949,-0.1174866351112,0.));
#5865=CARTESIAN_POINT('',(0.189034876732398,-0.117873663851704,0.));
#5866=CARTESIAN_POINT('',(0.135372218804919,-0.0868915131660901,0.));
#5867=CARTESIAN_POINT('',(0.149914519,-0.061507084,0.008));
#5868=CARTESIAN_POINT('',(0.149914519,-0.061507084,0.008));
#5869=CARTESIAN_POINT('',(0.151014519,-0.061507084,0.008));
#5870=CARTESIAN_POINT('',(0.149914519,-0.061507084,0.002));
#5871=CARTESIAN_POINT('',(0.151014519,-0.061507084,0.002));
#5872=CARTESIAN_POINT('',(0.149914519,-0.061507084,0.008));
#5873=CARTESIAN_POINT('',(0.149914519,-0.061507084,0.008));
#5874=CARTESIAN_POINT('',(0.152914519,-0.061507084,0.008));
#5875=CARTESIAN_POINT('',(0.130797015122136,-0.0948159982242475,0.008));
#5876=CARTESIAN_POINT('',(0.130797015122136,-0.0948159982242475,0.002));
#5877=CARTESIAN_POINT('',(0.092764519,-0.071409809,0.008));
#5878=CARTESIAN_POINT('',(0.092764519,-0.071409809,0.008));
#5879=CARTESIAN_POINT('',(0.093864519,-0.071409809,0.008));
#5880=CARTESIAN_POINT('',(0.092764519,-0.071409809,0.002));
#5881=CARTESIAN_POINT('',(0.093864519,-0.071409809,0.002));
#5882=CARTESIAN_POINT('',(0.092764519,-0.071409809,0.008));
#5883=CARTESIAN_POINT('',(0.092764519,-0.071409809,0.008));
#5884=CARTESIAN_POINT('',(0.095764519,-0.071409809,0.008));
#5885=CARTESIAN_POINT('',(0.130797015122136,-0.0948159982242475,0.008));
#5886=CARTESIAN_POINT('',(0.130797015122136,-0.0948159982242475,0.002));
#5887=CARTESIAN_POINT('',(0.175256578,-0.118107084,0.008));
#5888=CARTESIAN_POINT('',(0.175256578,-0.118107084,0.008));
#5889=CARTESIAN_POINT('',(0.176356578,-0.118107084,0.008));
#5890=CARTESIAN_POINT('',(0.175256578,-0.118107084,0.002));
#5891=CARTESIAN_POINT('',(0.176356578,-0.118107084,0.002));
#5892=CARTESIAN_POINT('',(0.175256578,-0.118107084,0.008));
#5893=CARTESIAN_POINT('',(0.175256578,-0.118107084,0.008));
#5894=CARTESIAN_POINT('',(0.178256578,-0.118107084,0.008));
#5895=CARTESIAN_POINT('',(0.130797015122136,-0.0948159982242475,0.008));
#5896=CARTESIAN_POINT('',(0.130797015122136,-0.0948159982242475,0.002));
#5897=CARTESIAN_POINT('',(0.116256578,-0.110107084,0.008));
#5898=CARTESIAN_POINT('',(0.116256578,-0.110107084,0.008));
#5899=CARTESIAN_POINT('',(0.117356578,-0.110107084,0.008));
#5900=CARTESIAN_POINT('',(0.116256578,-0.110107084,0.002));
#5901=CARTESIAN_POINT('',(0.117356578,-0.110107084,0.002));
#5902=CARTESIAN_POINT('',(0.116256578,-0.110107084,0.008));
#5903=CARTESIAN_POINT('',(0.116256578,-0.110107084,0.008));
#5904=CARTESIAN_POINT('',(0.119256578,-0.110107084,0.008));
#5905=CARTESIAN_POINT('',(0.130797015122136,-0.0948159982242475,0.008));
#5906=CARTESIAN_POINT('',(0.130797015122136,-0.0948159982242475,0.002));
#5907=CARTESIAN_POINT('',(0.073514519,-0.112234812687544,0.008));
#5908=CARTESIAN_POINT('',(0.073514519,-0.103459809,0.008));
#5909=CARTESIAN_POINT('',(0.073514519,-0.101459809,0.008));
#5910=CARTESIAN_POINT('',(0.073514519,-0.084409809,0.008));
#5911=CARTESIAN_POINT('',(0.073514519,-0.082409809,0.008));
#5912=CARTESIAN_POINT('',(0.0735145112442717,-0.0648598016248417,0.008));
#5913=CARTESIAN_POINT('',(0.0735145112442717,-0.0648598016248417,0.0121));
#5914=CARTESIAN_POINT('',(0.073514519,-0.102459809,0.0121));
#5915=CARTESIAN_POINT('',(0.073514519,-0.121009816375088,0.0121));
#5916=CARTESIAN_POINT('',(0.073514519,-0.121009816375088,0.008));
#5917=CARTESIAN_POINT('',(0.074989519,-0.103459809,0.008));
#5918=CARTESIAN_POINT('',(0.076264519,-0.103459809,0.008));
#5919=CARTESIAN_POINT('',(0.076264519,-0.103209809,0.008));
#5920=CARTESIAN_POINT('',(0.076514519,-0.103209809,0.008));
#5921=CARTESIAN_POINT('',(0.076514519,-0.102459809,0.008));
#5922=CARTESIAN_POINT('',(0.076514519,-0.101709809,0.008));
#5923=CARTESIAN_POINT('',(0.076264519,-0.101709809,0.008));
#5924=CARTESIAN_POINT('',(0.076264519,-0.101459809,0.008));
#5925=CARTESIAN_POINT('',(0.074989519,-0.101459809,0.008));
#5926=CARTESIAN_POINT('',(0.073614519,-0.084409809,0.008));
#5927=CARTESIAN_POINT('',(0.076264519,-0.084409809,0.008));
#5928=CARTESIAN_POINT('',(0.076264519,-0.084159809,0.008));
#5929=CARTESIAN_POINT('',(0.076514519,-0.084159809,0.008));
#5930=CARTESIAN_POINT('',(0.076514519,-0.083409809,0.008));
#5931=CARTESIAN_POINT('',(0.076514519,-0.082659809,0.008));
#5932=CARTESIAN_POINT('',(0.076264519,-0.082659809,0.008));
#5933=CARTESIAN_POINT('',(0.076264519,-0.082409809,0.008));
#5934=CARTESIAN_POINT('',(0.073614519,-0.082409809,0.008));
#5935=CARTESIAN_POINT('',(0.0742145116248417,-0.0648598016248417,0.008));
#5936=CARTESIAN_POINT('',(0.0742145116248417,-0.064159809,0.008));
#5937=CARTESIAN_POINT('',(0.0742145116248417,-0.064159809,0.0121));
#5938=CARTESIAN_POINT('',(0.0742145116248417,-0.0648598016248417,0.0121));
#5939=CARTESIAN_POINT('',(0.0832395102726071,-0.064159809,0.008));
#5940=CARTESIAN_POINT('',(0.0922645089203724,-0.0641597993009354,0.008));
#5941=CARTESIAN_POINT('',(0.0922645089203724,-0.0641597993009354,0.0121));
#5942=CARTESIAN_POINT('',(0.0832395102726071,-0.064159809,0.0121));
#5943=CARTESIAN_POINT('',(0.0922645089203724,-0.0638597989203654,0.008));
#5944=CARTESIAN_POINT('',(0.092564519,-0.0638597989203654,0.008));
#5945=CARTESIAN_POINT('',(0.092564519,-0.0638597989203654,0.0121));
#5946=CARTESIAN_POINT('',(0.0922645089203724,-0.0638597989203654,0.0121));
#5947=CARTESIAN_POINT('',(0.092564519,-0.058359799337581,0.008));
#5948=CARTESIAN_POINT('',(0.0925645093742325,-0.0528597997547965,0.008));
#5949=CARTESIAN_POINT('',(0.0925645093742325,-0.0528597997547965,0.0121));
#5950=CARTESIAN_POINT('',(0.092564519,-0.058359799337581,0.0121));
#5951=CARTESIAN_POINT('',(0.0932645097548025,-0.0528597997547965,0.008));
#5952=CARTESIAN_POINT('',(0.0932645097548025,-0.052159809,0.008));
#5953=CARTESIAN_POINT('',(0.0932645097548025,-0.052159809,0.0121));
#5954=CARTESIAN_POINT('',(0.0932645097548025,-0.0528597997547965,0.0121));
#5955=CARTESIAN_POINT('',(0.102289509337584,-0.052159809,0.008));
#5956=CARTESIAN_POINT('',(0.111314508920365,-0.0521597993009354,0.008));
#5957=CARTESIAN_POINT('',(0.111314508920365,-0.0521597993009354,0.0121));
#5958=CARTESIAN_POINT('',(0.102289509337584,-0.052159809,0.0121));
#5959=CARTESIAN_POINT('',(0.111314508920365,-0.0518597989203654,0.008));
#5960=CARTESIAN_POINT('',(0.111614519,-0.0518597989203654,0.008));
#5961=CARTESIAN_POINT('',(0.111614519,-0.0518597989203654,0.0121));
#5962=CARTESIAN_POINT('',(0.111314508920365,-0.0518597989203654,0.0121));
#5963=CARTESIAN_POINT('',(0.111614519,-0.0493597993375809,0.008));
#5964=CARTESIAN_POINT('',(0.111614509374226,-0.0468597997547964,0.008));
#5965=CARTESIAN_POINT('',(0.111614509374226,-0.0468597997547964,0.0121));
#5966=CARTESIAN_POINT('',(0.111614519,-0.0493597993375809,0.0121));
#5967=CARTESIAN_POINT('',(0.112314509754796,-0.0468597997547964,0.008));
#5968=CARTESIAN_POINT('',(0.112314509754796,-0.046159809,0.008));
#5969=CARTESIAN_POINT('',(0.112314509754796,-0.046159809,0.0121));
#5970=CARTESIAN_POINT('',(0.112314509754796,-0.0468597997547964,0.0121));
#5971=CARTESIAN_POINT('',(0.121339514187113,-0.046159809,0.008));
#5972=CARTESIAN_POINT('',(0.13036451861943,-0.0461598089999998,0.008));
#5973=CARTESIAN_POINT('',(0.13036451861943,-0.0461598089999998,0.0121));
#5974=CARTESIAN_POINT('',(0.121339514187113,-0.046159809,0.0121));
#5975=CARTESIAN_POINT('',(0.13036451861943,-0.04685980938057,0.008));
#5976=CARTESIAN_POINT('',(0.131064519,-0.04685980938057,0.008));
#5977=CARTESIAN_POINT('',(0.131064519,-0.04685980938057,0.0121));
#5978=CARTESIAN_POINT('',(0.13036451861943,-0.04685980938057,0.0121));
#5979=CARTESIAN_POINT('',(0.131064519,-0.049109809,0.008));
#5980=CARTESIAN_POINT('',(0.131064519,-0.05135980861943,0.008));
#5981=CARTESIAN_POINT('',(0.131064519,-0.05135980861943,0.0121));
#5982=CARTESIAN_POINT('',(0.131064519,-0.049109809,0.0121));
#5983=CARTESIAN_POINT('',(0.13136451938057,-0.05135980861943,0.008));
#5984=CARTESIAN_POINT('',(0.13136451938057,-0.051659809,0.008));
#5985=CARTESIAN_POINT('',(0.13136451938057,-0.051659809,0.0121));
#5986=CARTESIAN_POINT('',(0.13136451938057,-0.05135980861943,0.0121));
#5987=CARTESIAN_POINT('',(0.140389519,-0.051659809,0.008));
#5988=CARTESIAN_POINT('',(0.14941451861943,-0.0516598089999998,0.008));
#5989=CARTESIAN_POINT('',(0.14941451861943,-0.0516598089999998,0.0121));
#5990=CARTESIAN_POINT('',(0.140389519,-0.051659809,0.0121));
#5991=CARTESIAN_POINT('',(0.14941451861943,-0.05235980938057,0.008));
#5992=CARTESIAN_POINT('',(0.150114519,-0.05235980938057,0.008));
#5993=CARTESIAN_POINT('',(0.150114519,-0.05235980938057,0.0121));
#5994=CARTESIAN_POINT('',(0.14941451861943,-0.05235980938057,0.0121));
#5995=CARTESIAN_POINT('',(0.150114519,-0.053109809,0.008));
#5996=CARTESIAN_POINT('',(0.150114519,-0.05385980861943,0.008));
#5997=CARTESIAN_POINT('',(0.150114519,-0.05385980861943,0.0121));
#5998=CARTESIAN_POINT('',(0.150114519,-0.053109809,0.0121));
#5999=CARTESIAN_POINT('',(0.15041451938057,-0.05385980861943,0.008));
#6000=CARTESIAN_POINT('',(0.15041451938057,-0.054159809,0.008));
#6001=CARTESIAN_POINT('',(0.15041451938057,-0.054159809,0.0121));
#6002=CARTESIAN_POINT('',(0.15041451938057,-0.05385980861943,0.0121));
#6003=CARTESIAN_POINT('',(0.159439519,-0.054159809,0.008));
#6004=CARTESIAN_POINT('',(0.16846451861943,-0.0541598089999999,0.008));
#6005=CARTESIAN_POINT('',(0.16846451861943,-0.0541598089999999,0.0121));
#6006=CARTESIAN_POINT('',(0.159439519,-0.054159809,0.0121));
#6007=CARTESIAN_POINT('',(0.16846451861943,-0.05485980938057,0.008));
#6008=CARTESIAN_POINT('',(0.169164519,-0.05485980938057,0.008));
#6009=CARTESIAN_POINT('',(0.169164519,-0.05485980938057,0.0121));
#6010=CARTESIAN_POINT('',(0.16846451861943,-0.05485980938057,0.0121));
#6011=CARTESIAN_POINT('',(0.169164519,-0.065909809,0.008));
#6012=CARTESIAN_POINT('',(0.169164519,-0.07695980861943,0.008));
#6013=CARTESIAN_POINT('',(0.169164519,-0.07695980861943,0.0121));
#6014=CARTESIAN_POINT('',(0.169164519,-0.065909809,0.0121));
#6015=CARTESIAN_POINT('',(0.16946451938057,-0.07695980861943,0.008));
#6016=CARTESIAN_POINT('',(0.16946451938057,-0.07695980861943,0.0121));
#6017=CARTESIAN_POINT('',(0.18737951861943,-0.07795980938057,0.008));
#6018=CARTESIAN_POINT('',(0.188079519,-0.07795980938057,0.008));
#6019=CARTESIAN_POINT('',(0.188079519,-0.07795980938057,0.0121));
#6020=CARTESIAN_POINT('',(0.18737951861943,-0.07795980938057,0.0121));
#6021=CARTESIAN_POINT('',(0.188079519,-0.090080809190285,0.008));
#6022=CARTESIAN_POINT('',(0.188079518999992,-0.1174866351112,0.008));
#6023=CARTESIAN_POINT('',(0.188079518999992,-0.1174866351112,0.0121));
#6024=CARTESIAN_POINT('',(0.188079519,-0.1143142220556,0.0121));
#6025=CARTESIAN_POINT('',(0.18737951375595,-0.1174866351112,0.008));
#6026=CARTESIAN_POINT('',(0.187985736034102,-0.117836637714427,0.008));
#6027=CARTESIAN_POINT('',(0.187985736034102,-0.117836637714427,0.0121));
#6028=CARTESIAN_POINT('',(0.18737951375595,-0.1174866351112,0.0121));
#6029=CARTESIAN_POINT('',(0.187983862229707,-0.117839883238769,0.008));
#6030=CARTESIAN_POINT('',(0.185656988386717,-0.121870146868426,0.0096));
#6031=CARTESIAN_POINT('',(0.173387120870869,-0.143122196889794,0.008));
#6032=CARTESIAN_POINT('',(0.173387120870869,-0.143122196889794,0.0121));
#6033=CARTESIAN_POINT('',(0.185656988386717,-0.121870146868426,0.0121));
#6034=CARTESIAN_POINT('',(0.172780902761991,-0.142772196693699,0.008));
#6035=CARTESIAN_POINT('',(0.172430908220711,-0.143378415826909,0.008));
#6036=CARTESIAN_POINT('',(0.172430908220711,-0.143378415826909,0.0121));
#6037=CARTESIAN_POINT('',(0.172780902761991,-0.142772196693699,0.0121));
#6038=CARTESIAN_POINT('',(0.164426984127997,-0.138757430464024,0.008));
#6039=CARTESIAN_POINT('',(0.156423060241355,-0.134136444744205,0.008));
#6040=CARTESIAN_POINT('',(0.156423060241355,-0.134136444744205,0.0121));
#6041=CARTESIAN_POINT('',(0.164426984127997,-0.138757430464024,0.0121));
#6042=CARTESIAN_POINT('',(0.156273062056303,-0.134396253852634,0.008));
#6043=CARTESIAN_POINT('',(0.156350707793915,-0.134106476021467,0.008));
#6044=CARTESIAN_POINT('',(0.156350707793915,-0.134106476021467,0.0121));
#6045=CARTESIAN_POINT('',(0.156273062056303,-0.134396253852634,0.0121));
#6046=CARTESIAN_POINT('',(0.147214173710105,-0.131658349036407,0.008));
#6047=CARTESIAN_POINT('',(0.138077639151587,-0.129210223822983,0.008));
#6048=CARTESIAN_POINT('',(0.138077639151587,-0.129210223822983,0.0121));
#6049=CARTESIAN_POINT('',(0.147214173710105,-0.131658349036407,0.0121));
#6050=CARTESIAN_POINT('',(0.137999993337909,-0.129500001938032,0.008));
#6051=CARTESIAN_POINT('',(0.137999996348202,-0.129199999999973,0.008));
#6052=CARTESIAN_POINT('',(0.137999996348202,-0.129199999999973,0.0121));
#6053=CARTESIAN_POINT('',(0.137999993337909,-0.129500001938032,0.0121));
#6054=CARTESIAN_POINT('',(0.128681905137993,-0.129199906499986,0.008));
#6055=CARTESIAN_POINT('',(0.119363813927784,-0.129199812999999,0.008));
#6056=CARTESIAN_POINT('',(0.119363813927784,-0.129199812999999,0.0121));
#6057=CARTESIAN_POINT('',(0.128681905137993,-0.129199906499986,0.0121));
#6058=CARTESIAN_POINT('',(0.119363820951757,-0.128499812619465,0.008));
#6059=CARTESIAN_POINT('',(0.118707204450366,-0.12874241373838,0.008));
#6060=CARTESIAN_POINT('',(0.118707204450366,-0.12874241373838,0.0121));
#6061=CARTESIAN_POINT('',(0.119363820951757,-0.128499812619465,0.0121));
#6062=CARTESIAN_POINT('',(0.115227414887321,-0.119324125567738,0.008));
#6063=CARTESIAN_POINT('',(0.111747625324279,-0.109905837397095,0.008));
#6064=CARTESIAN_POINT('',(0.111747625324279,-0.109905837397095,0.0121));
#6065=CARTESIAN_POINT('',(0.115227414887321,-0.119324125567738,0.0121));
#6066=CARTESIAN_POINT('',(0.111466218048264,-0.11000980938057,0.008));
#6067=CARTESIAN_POINT('',(0.111466218048264,-0.109709809,0.008));
#6068=CARTESIAN_POINT('',(0.111466218048264,-0.109709809,0.0121));
#6069=CARTESIAN_POINT('',(0.111466218048264,-0.11000980938057,0.0121));
#6070=CARTESIAN_POINT('',(0.102365369190918,-0.109709809,0.008));
#6071=CARTESIAN_POINT('',(0.093264520333573,-0.109709808999925,0.008));
#6072=CARTESIAN_POINT('',(0.093264520333573,-0.109709808999925,0.0121));
#6073=CARTESIAN_POINT('',(0.102365369190918,-0.109709809,0.0121));
#6074=CARTESIAN_POINT('',(0.093264520333573,-0.1100098103335,0.008));
#6075=CARTESIAN_POINT('',(0.092964519,-0.1100098103335,0.008));
#6076=CARTESIAN_POINT('',(0.092964519,-0.1100098103335,0.0121));
#6077=CARTESIAN_POINT('',(0.093264520333573,-0.1100098103335,0.0121));
#6078=CARTESIAN_POINT('',(0.092964519,-0.115509804626933,0.008));
#6079=CARTESIAN_POINT('',(0.0929645093009424,-0.121009798920365,0.008));
#6080=CARTESIAN_POINT('',(0.0929645093009424,-0.121009798920365,0.0121));
#6081=CARTESIAN_POINT('',(0.092964519,-0.115509804626933,0.0121));
#6082=CARTESIAN_POINT('',(0.0922645089203724,-0.121009798920365,0.008));
#6083=CARTESIAN_POINT('',(0.0922645089203724,-0.121709809,0.008));
#6084=CARTESIAN_POINT('',(0.0922645089203724,-0.121709809,0.0121));
#6085=CARTESIAN_POINT('',(0.0922645089203724,-0.121009798920365,0.0121));
#6086=CARTESIAN_POINT('',(0.083239510272607,-0.121709809,0.008));
#6087=CARTESIAN_POINT('',(0.0742145116248416,-0.121709816755658,0.008));
#6088=CARTESIAN_POINT('',(0.0742145116248416,-0.121709816755658,0.0121));
#6089=CARTESIAN_POINT('',(0.083239510272607,-0.121709809,0.0121));
#6090=CARTESIAN_POINT('',(0.0742145116248416,-0.121009816375088,0.008));
#6091=CARTESIAN_POINT('',(0.0742145116248416,-0.121009816375088,0.0121));
#6092=CARTESIAN_POINT('',(0.130797015122136,-0.0948159982242475,0.0121));
#6093=CARTESIAN_POINT('',(0.130796660071206,-0.13019992772,0.0121));
#6094=CARTESIAN_POINT('',(0.119363803893541,-0.130199812999949,0.0121));
#6095=CARTESIAN_POINT('',(0.137710363365883,-0.130199997093776,0.0121));
#6096=CARTESIAN_POINT('',(0.13771034831452,-0.131699997093697,0.0121));
#6097=CARTESIAN_POINT('',(0.138098576890413,-0.130251108356475,0.0121));
#6098=CARTESIAN_POINT('',(0.122427349330162,-0.126052015491791,0.0121));
#6099=CARTESIAN_POINT('',(0.155812130257807,-0.134997440784309,0.0121));
#6100=CARTESIAN_POINT('',(0.155423901681914,-0.136446329521535,0.0121));
#6101=CARTESIAN_POINT('',(0.156173891655761,-0.135147285627309,0.0121));
#6102=CARTESIAN_POINT('',(0.119677260548771,-0.114076321411952,0.0121));
#6103=CARTESIAN_POINT('',(0.171930913934682,-0.144244446770074,0.0121));
#6104=CARTESIAN_POINT('',(0.172780902761991,-0.142772196693699,0.0121));
#6105=CARTESIAN_POINT('',(0.174253139102548,-0.143622192760044,0.0121));
#6106=CARTESIAN_POINT('',(0.184522810145652,-0.1258346011301,0.0121));
#6107=CARTESIAN_POINT('',(0.188851761475711,-0.118336637747331,0.0121));
#6108=CARTESIAN_POINT('',(0.187379513755949,-0.1174866351112,0.0121));
#6109=CARTESIAN_POINT('',(0.189079519,-0.1174866351112,0.0121));
#6110=CARTESIAN_POINT('',(0.189079519,-0.0948159982242475,0.0121));
#6111=CARTESIAN_POINT('',(0.189079519,-0.07795980938057,0.0121));
#6112=CARTESIAN_POINT('',(0.18737951861943,-0.07795980938057,0.0121));
#6113=CARTESIAN_POINT('',(0.18737951861943,-0.076259809,0.0121));
#6114=CARTESIAN_POINT('',(0.130797015122136,-0.076259809,0.0121));
#6115=CARTESIAN_POINT('',(0.171664519,-0.076259809,0.0121));
#6116=CARTESIAN_POINT('',(0.171664519,-0.074759809,0.0121));
#6117=CARTESIAN_POINT('',(0.170164519,-0.074759809,0.0121));
#6118=CARTESIAN_POINT('',(0.170164519,-0.0948159982242475,0.0121));
#6119=CARTESIAN_POINT('',(0.170164519,-0.05485980938057,0.0121));
#6120=CARTESIAN_POINT('',(0.16846451861943,-0.05485980938057,0.0121));
#6121=CARTESIAN_POINT('',(0.16846451861943,-0.053159809,0.0121));
#6122=CARTESIAN_POINT('',(0.130797015122136,-0.053159809,0.0121));
#6123=CARTESIAN_POINT('',(0.152537017923329,-0.053159809,0.0121));
#6124=CARTESIAN_POINT('',(0.152537017923329,-0.0516598090000001,0.0121));
#6125=CARTESIAN_POINT('',(0.151073346548699,-0.0519879341393688,0.0121));
#6126=CARTESIAN_POINT('',(0.14941451861943,-0.05235980938057,0.0121));
#6127=CARTESIAN_POINT('',(0.14941451861943,-0.050659809,0.0121));
#6128=CARTESIAN_POINT('',(0.130797015122136,-0.050659809,0.0121));
#6129=CARTESIAN_POINT('',(0.133564519,-0.0506598089999999,0.0121));
#6130=CARTESIAN_POINT('',(0.133564519,-0.049159809,0.0121));
#6131=CARTESIAN_POINT('',(0.132064519,-0.049159809,0.0121));
#6132=CARTESIAN_POINT('',(0.132064519,-0.0948159982242475,0.0121));
#6133=CARTESIAN_POINT('',(0.132064519,-0.04685980938057,0.0121));
#6134=CARTESIAN_POINT('',(0.13036451861943,-0.04685980938057,0.0121));
#6135=CARTESIAN_POINT('',(0.13036451861943,-0.045159809,0.0121));
#6136=CARTESIAN_POINT('',(0.130797015122136,-0.045159809,0.0121));
#6137=CARTESIAN_POINT('',(0.112314509754796,-0.0451597993742264,0.0121));
#6138=CARTESIAN_POINT('',(0.112314509754796,-0.0468597997547964,0.0121));
#6139=CARTESIAN_POINT('',(0.110614519,-0.0468597997547964,0.0121));
#6140=CARTESIAN_POINT('',(0.110614519,-0.0948159982242475,0.0121));
#6141=CARTESIAN_POINT('',(0.110614519,-0.0496598090000001,0.0121));
#6142=CARTESIAN_POINT('',(0.109114519,-0.0496598090000001,0.0121));
#6143=CARTESIAN_POINT('',(0.109114519,-0.051159809,0.0121));
#6144=CARTESIAN_POINT('',(0.130797015122136,-0.051159809,0.0121));
#6145=CARTESIAN_POINT('',(0.0932645097548025,-0.0511597993742265,0.0121));
#6146=CARTESIAN_POINT('',(0.0932645097548025,-0.0528597997547965,0.0121));
#6147=CARTESIAN_POINT('',(0.091564519,-0.0528597997547965,0.0121));
#6148=CARTESIAN_POINT('',(0.091564519,-0.0948159982242475,0.0121));
#6149=CARTESIAN_POINT('',(0.091564519,-0.0616598090000001,0.0121));
#6150=CARTESIAN_POINT('',(0.0900645190000001,-0.0616598090000001,0.0121));
#6151=CARTESIAN_POINT('',(0.0900645190000001,-0.063159809,0.0121));
#6152=CARTESIAN_POINT('',(0.130797015122136,-0.063159809,0.0121));
#6153=CARTESIAN_POINT('',(0.0742145116248417,-0.0631598012442717,0.0121));
#6154=CARTESIAN_POINT('',(0.0742145116248417,-0.0648598016248417,0.0121));
#6155=CARTESIAN_POINT('',(0.072514519,-0.0648598016248417,0.0121));
#6156=CARTESIAN_POINT('',(0.072514519,-0.0948159982242475,0.0121));
#6157=CARTESIAN_POINT('',(0.0725145112442716,-0.121009816375088,0.0121));
#6158=CARTESIAN_POINT('',(0.0742145116248416,-0.121009816375088,0.0121));
#6159=CARTESIAN_POINT('',(0.0742145116248416,-0.122709809,0.0121));
#6160=CARTESIAN_POINT('',(0.130797015122136,-0.122709809,0.0121));
#6161=CARTESIAN_POINT('',(0.0922645089203724,-0.122709799300935,0.0121));
#6162=CARTESIAN_POINT('',(0.0922645089203724,-0.121009798920365,0.0121));
#6163=CARTESIAN_POINT('',(0.093964519,-0.121009798920365,0.0121));
#6164=CARTESIAN_POINT('',(0.093964519,-0.0948159982242475,0.0121));
#6165=CARTESIAN_POINT('',(0.093964519,-0.112209809,0.0121));
#6166=CARTESIAN_POINT('',(0.095464519,-0.112209809,0.0121));
#6167=CARTESIAN_POINT('',(0.0954645189999999,-0.110709809,0.0121));
#6168=CARTESIAN_POINT('',(0.130797015122136,-0.110709809,0.0121));
#6169=CARTESIAN_POINT('',(0.109933697620528,-0.110709809,0.0121));
#6170=CARTESIAN_POINT('',(0.109933697620528,-0.112209809,0.0121));
#6171=CARTESIAN_POINT('',(0.111340732215687,-0.1116899497421,0.0121));
#6172=CARTESIAN_POINT('',(0.108192070669947,-0.103167882170965,0.0121));
#6173=CARTESIAN_POINT('',(0.117769181386926,-0.12908898657698,0.0121));
#6174=CARTESIAN_POINT('',(0.119363820951757,-0.128499812619465,0.0121));
#6175=CARTESIAN_POINT('',(0.130797015122136,-0.0948159982242475,0.0096));
#6176=CARTESIAN_POINT('',(0.18948267125028,-0.118132198142867,0.0096));
#6177=CARTESIAN_POINT('',(0.189282590236156,-0.118590420346375,0.0096));
#6178=CARTESIAN_POINT('',(0.184631026446606,-0.126647164986188,0.0096));
#6179=CARTESIAN_POINT('',(0.181242519,-0.077261809,0.005145));
#6180=CARTESIAN_POINT('',(0.181242519,-0.077261809,0.00775));
#6181=CARTESIAN_POINT('',(0.181242519,-0.076259809,0.00775));
#6182=CARTESIAN_POINT('',(0.181242519,-0.076259809,0.005145));
#6183=CARTESIAN_POINT('',(0.181242519,-0.076259809,0.00254));
#6184=CARTESIAN_POINT('',(0.181242519,-0.077261809,0.00254));
#6185=CARTESIAN_POINT('',(0.178377519,-0.077261809,0.00775));
#6186=CARTESIAN_POINT('',(0.175512519,-0.077261809,0.00775));
#6187=CARTESIAN_POINT('',(0.175512519,-0.076259809,0.00775));
#6188=CARTESIAN_POINT('',(0.178377519,-0.076259809,0.00775));
#6189=CARTESIAN_POINT('',(0.175512519,-0.077261809,0.005145));
#6190=CARTESIAN_POINT('',(0.175512519,-0.077261809,0.00254));
#6191=CARTESIAN_POINT('',(0.175512519,-0.076259809,0.00254));
#6192=CARTESIAN_POINT('',(0.175512519,-0.076259809,0.005145));
#6193=CARTESIAN_POINT('',(0.178377519,-0.077261809,0.00254));
#6194=CARTESIAN_POINT('',(0.178377519,-0.076259809,0.00254));
#6195=CARTESIAN_POINT('',(0.121339514187113,-0.045159809,0.0111));
#6196=CARTESIAN_POINT('',(0.13036451861943,-0.045159809,0.0111));
#6197=CARTESIAN_POINT('',(0.112314509754796,-0.045159809,0.0111));
#6198=CARTESIAN_POINT('',(0.112314509754796,-0.0468597997547964,0.0111));
#6199=CARTESIAN_POINT('',(0.110614509374226,-0.0468597997547964,0.0111));
#6200=CARTESIAN_POINT('',(0.13036451861943,-0.04685980938057,0.0111));
#6201=CARTESIAN_POINT('',(0.132064519,-0.04685980938057,0.0111));
#6202=CARTESIAN_POINT('',(0.110614519,-0.0482598043773982,0.0111));
#6203=CARTESIAN_POINT('',(0.110614519,-0.0496598090000001,0.0111));
#6204=CARTESIAN_POINT('',(0.132064519,-0.048009809190285,0.0111));
#6205=CARTESIAN_POINT('',(0.132064519,-0.049159809,0.0111));
#6206=CARTESIAN_POINT('',(0.109114519,-0.0496598090000001,0.0111));
#6207=CARTESIAN_POINT('',(0.109114519,-0.051159809,0.0111));
#6208=CARTESIAN_POINT('',(0.133564519,-0.049159809,0.0111));
#6209=CARTESIAN_POINT('',(0.133564519,-0.0506598089999999,0.0111));
#6210=CARTESIAN_POINT('',(0.101189514377401,-0.051159809,0.0111));
#6211=CARTESIAN_POINT('',(0.0932645097548025,-0.051159809,0.0111));
#6212=CARTESIAN_POINT('',(0.141489518809715,-0.050659809,0.0111));
#6213=CARTESIAN_POINT('',(0.14941451861943,-0.050659809,0.0111));
#6214=CARTESIAN_POINT('',(0.0932645097548025,-0.0528597997547965,0.0111));
#6215=CARTESIAN_POINT('',(0.0915645093742325,-0.0528597997547965,0.0111));
#6216=CARTESIAN_POINT('',(0.14941451861943,-0.05235980938057,0.0111));
#6217=CARTESIAN_POINT('',(0.151073346548699,-0.0519879341393689,0.0111));
#6218=CARTESIAN_POINT('',(0.091564519,-0.0572598043773983,0.0111));
#6219=CARTESIAN_POINT('',(0.091564519,-0.0616598090000001,0.0111));
#6220=CARTESIAN_POINT('',(0.152537017923329,-0.0516598090000001,0.0111));
#6221=CARTESIAN_POINT('',(0.152537017923329,-0.053159809,0.0111));
#6222=CARTESIAN_POINT('',(0.0900645190000001,-0.0616598090000001,0.0111));
#6223=CARTESIAN_POINT('',(0.0900645190000001,-0.063159809,0.0111));
#6224=CARTESIAN_POINT('',(0.16050076827138,-0.053159809,0.0111));
#6225=CARTESIAN_POINT('',(0.16846451861943,-0.053159809,0.0111));
#6226=CARTESIAN_POINT('',(0.0821395153124209,-0.063159809,0.0111));
#6227=CARTESIAN_POINT('',(0.0742145116248417,-0.063159809,0.0111));
#6228=CARTESIAN_POINT('',(0.16846451861943,-0.05485980938057,0.0111));
#6229=CARTESIAN_POINT('',(0.170164519,-0.05485980938057,0.0111));
#6230=CARTESIAN_POINT('',(0.0742145116248417,-0.0648598016248417,0.0111));
#6231=CARTESIAN_POINT('',(0.0725145112442717,-0.0648598016248417,0.0111));
#6232=CARTESIAN_POINT('',(0.170164519,-0.064809809190285,0.0111));
#6233=CARTESIAN_POINT('',(0.170164519,-0.074759809,0.0111));
#6234=CARTESIAN_POINT('',(0.072514519,-0.0929348089999648,0.0111));
#6235=CARTESIAN_POINT('',(0.072514519,-0.121009816375088,0.0111));
#6236=CARTESIAN_POINT('',(0.171664519,-0.074759809,0.0111));
#6237=CARTESIAN_POINT('',(0.171664519,-0.076259809,0.0111));
#6238=CARTESIAN_POINT('',(0.0742145116248416,-0.121009816375088,0.0111));
#6239=CARTESIAN_POINT('',(0.0742145116248416,-0.122709816755658,0.0111));
#6240=CARTESIAN_POINT('',(0.172786019,-0.076259809,0.0111));
#6241=CARTESIAN_POINT('',(0.18737951861943,-0.076259809,0.0111));
#6242=CARTESIAN_POINT('',(0.083239510272607,-0.122709809,0.0111));
#6243=CARTESIAN_POINT('',(0.0922645089203724,-0.122709809,0.0111));
#6244=CARTESIAN_POINT('',(0.18737951861943,-0.07795980938057,0.0111));
#6245=CARTESIAN_POINT('',(0.189079519,-0.07795980938057,0.0111));
#6246=CARTESIAN_POINT('',(0.0922645089203724,-0.121009798920365,0.0111));
#6247=CARTESIAN_POINT('',(0.0939645093009425,-0.121009798920365,0.0111));
#6248=CARTESIAN_POINT('',(0.189079519,-0.090080809190285,0.0111));
#6249=CARTESIAN_POINT('',(0.189079519,-0.1174866351112,0.0111));
#6250=CARTESIAN_POINT('',(0.093964519,-0.116609803960183,0.0111));
#6251=CARTESIAN_POINT('',(0.093964519,-0.112209809,0.0111));
#6252=CARTESIAN_POINT('',(0.187379513755949,-0.1174866351112,0.0111));
#6253=CARTESIAN_POINT('',(0.188851761475711,-0.118336637747331,0.0111));
#6254=CARTESIAN_POINT('',(0.095464519,-0.112209809,0.0111));
#6255=CARTESIAN_POINT('',(0.0954645189999999,-0.110709809,0.0111));
#6256=CARTESIAN_POINT('',(0.1888498876287,-0.118339883247069,0.0111));
#6257=CARTESIAN_POINT('',(0.174253139102549,-0.143622192760043,0.0111));
#6258=CARTESIAN_POINT('',(0.102699108310264,-0.110709809,0.0111));
#6259=CARTESIAN_POINT('',(0.109933697620528,-0.110709809,0.0111));
#6260=CARTESIAN_POINT('',(0.172780902761991,-0.142772196693699,0.0111));
#6261=CARTESIAN_POINT('',(0.171930913934682,-0.144244446770074,0.0111));
#6262=CARTESIAN_POINT('',(0.109933697620528,-0.112209809,0.0111));
#6263=CARTESIAN_POINT('',(0.111340732215687,-0.1116899497421,0.0111));
#6264=CARTESIAN_POINT('',(0.164052403280287,-0.139695865358518,0.0111));
#6265=CARTESIAN_POINT('',(0.156173891655761,-0.135147285627309,0.0111));
#6266=CARTESIAN_POINT('',(0.114554956801307,-0.12038946815954,0.0111));
#6267=CARTESIAN_POINT('',(0.117769181386926,-0.12908898657698,0.0111));
#6268=CARTESIAN_POINT('',(0.155423901681914,-0.136446329521535,0.0111));
#6269=CARTESIAN_POINT('',(0.155812130257806,-0.134997440784309,0.0111));
#6270=CARTESIAN_POINT('',(0.119363820951757,-0.128499812619465,0.0111));
#6271=CARTESIAN_POINT('',(0.119363803893541,-0.130199812999949,0.0111));
#6272=CARTESIAN_POINT('',(0.146955353574109,-0.132624274570392,0.0111));
#6273=CARTESIAN_POINT('',(0.138098576890412,-0.130251108356475,0.0111));
#6274=CARTESIAN_POINT('',(0.128537083629712,-0.130199905046862,0.0111));
#6275=CARTESIAN_POINT('',(0.137710363365883,-0.130199997093776,0.0111));
#6276=CARTESIAN_POINT('',(0.13771034831452,-0.131699997093697,0.0111));
#6277=CARTESIAN_POINT('',(0.187379513755949,-0.1174866351112,0.001));
#6278=CARTESIAN_POINT('',(0.189960660450539,-0.118278916663975,0.001));
#6279=CARTESIAN_POINT('',(0.189960660450539,-0.118278916663975,0.000734851392159597));
#6280=CARTESIAN_POINT('',(0.189758058164266,-0.118182535522053,0.000212987617329908));
#6281=CARTESIAN_POINT('',(0.189281065092981,-0.117971960828487,-3.6490243726156E-16));
#6282=CARTESIAN_POINT('',(0.189034876732397,-0.117873663851705,-3.30112408077458E-16));
#6283=CARTESIAN_POINT('',(0.189079518999992,-0.1174866351112,0.001));
#6284=CARTESIAN_POINT('',(0.189079519,-0.0948159982242475,0.001));
#6285=CARTESIAN_POINT('',(0.189079519,-0.07795980938057,0.001));
#6286=CARTESIAN_POINT('',(0.18737951861943,-0.07795980938057,0.001));
#6287=CARTESIAN_POINT('',(0.18737951861943,-0.076259809,0.001));
#6288=CARTESIAN_POINT('',(0.130797015122136,-0.076259809,0.001));
#6289=CARTESIAN_POINT('',(0.171664519,-0.076259809,0.001));
#6290=CARTESIAN_POINT('',(0.171664519,-0.074759809,0.001));
#6291=CARTESIAN_POINT('',(0.170164519,-0.074759809,0.001));
#6292=CARTESIAN_POINT('',(0.170164519,-0.0948159982242475,0.001));
#6293=CARTESIAN_POINT('',(0.170164519,-0.05485980938057,0.001));
#6294=CARTESIAN_POINT('',(0.16846451861943,-0.05485980938057,0.001));
#6295=CARTESIAN_POINT('',(0.16846451861943,-0.053159809,0.001));
#6296=CARTESIAN_POINT('',(0.130797015122136,-0.053159809,0.001));
#6297=CARTESIAN_POINT('',(0.152537017923329,-0.053159809,0.001));
#6298=CARTESIAN_POINT('',(0.152537017923329,-0.0516598090000001,0.001));
#6299=CARTESIAN_POINT('',(0.151073346548699,-0.0519879341393688,0.001));
#6300=CARTESIAN_POINT('',(0.14941451861943,-0.05235980938057,0.001));
#6301=CARTESIAN_POINT('',(0.14941451861943,-0.0506598089999998,0.001));
#6302=CARTESIAN_POINT('',(0.130797015122136,-0.050659809,0.001));
#6303=CARTESIAN_POINT('',(0.133564519,-0.050659809,0.001));
#6304=CARTESIAN_POINT('',(0.133564519,-0.049159809,0.001));
#6305=CARTESIAN_POINT('',(0.132064519,-0.049159809,0.001));
#6306=CARTESIAN_POINT('',(0.132064519,-0.0948159982242475,0.001));
#6307=CARTESIAN_POINT('',(0.132064519,-0.04685980938057,0.001));
#6308=CARTESIAN_POINT('',(0.13036451861943,-0.04685980938057,0.001));
#6309=CARTESIAN_POINT('',(0.13036451861943,-0.0451598089999998,0.001));
#6310=CARTESIAN_POINT('',(0.130797015122136,-0.045159809,0.001));
#6311=CARTESIAN_POINT('',(0.112314509754796,-0.045159809,0.001));
#6312=CARTESIAN_POINT('',(0.112314509754796,-0.0468597997547964,0.001));
#6313=CARTESIAN_POINT('',(0.110614509374226,-0.0468597997547964,0.001));
#6314=CARTESIAN_POINT('',(0.110614519,-0.0948159982242475,0.001));
#6315=CARTESIAN_POINT('',(0.110614519,-0.0496598090000001,0.001));
#6316=CARTESIAN_POINT('',(0.109114519,-0.0496598090000001,0.001));
#6317=CARTESIAN_POINT('',(0.109114519,-0.051159809,0.001));
#6318=CARTESIAN_POINT('',(0.130797015122136,-0.051159809,0.001));
#6319=CARTESIAN_POINT('',(0.0932645097548025,-0.051159809,0.001));
#6320=CARTESIAN_POINT('',(0.0932645097548025,-0.0528597997547965,0.001));
#6321=CARTESIAN_POINT('',(0.0915645093742325,-0.0528597997547965,0.001));
#6322=CARTESIAN_POINT('',(0.091564519,-0.0948159982242475,0.001));
#6323=CARTESIAN_POINT('',(0.091564519,-0.0616598090000001,0.001));
#6324=CARTESIAN_POINT('',(0.0900645190000001,-0.0616598090000001,0.001));
#6325=CARTESIAN_POINT('',(0.0900645190000001,-0.063159809,0.001));
#6326=CARTESIAN_POINT('',(0.130797015122136,-0.063159809,0.001));
#6327=CARTESIAN_POINT('',(0.0742145116248417,-0.063159809,0.001));
#6328=CARTESIAN_POINT('',(0.0742145116248417,-0.0648598016248417,0.001));
#6329=CARTESIAN_POINT('',(0.0725145112442717,-0.0648598016248417,0.001));
#6330=CARTESIAN_POINT('',(0.072514519,-0.0948159982242475,0.001));
#6331=CARTESIAN_POINT('',(0.072514519,-0.121009816375088,0.001));
#6332=CARTESIAN_POINT('',(0.0742145116248416,-0.121009816375088,0.001));
#6333=CARTESIAN_POINT('',(0.0742145116248416,-0.122709816755658,0.001));
#6334=CARTESIAN_POINT('',(0.130797015122136,-0.122709809,0.001));
#6335=CARTESIAN_POINT('',(0.0922645089203724,-0.122709809,0.001));
#6336=CARTESIAN_POINT('',(0.0922645089203724,-0.121009798920365,0.001));
#6337=CARTESIAN_POINT('',(0.0939645093009425,-0.121009798920365,0.001));
#6338=CARTESIAN_POINT('',(0.093964519,-0.0948159982242475,0.001));
#6339=CARTESIAN_POINT('',(0.093964519,-0.112209809,0.001));
#6340=CARTESIAN_POINT('',(0.095464519,-0.112209809,0.001));
#6341=CARTESIAN_POINT('',(0.0954645189999999,-0.110709809,0.001));
#6342=CARTESIAN_POINT('',(0.130797015122136,-0.110709809,0.001));
#6343=CARTESIAN_POINT('',(0.109933697620528,-0.110709809,0.001));
#6344=CARTESIAN_POINT('',(0.109933697620528,-0.112209809,0.001));
#6345=CARTESIAN_POINT('',(0.111340732215687,-0.1116899497421,0.001));
#6346=CARTESIAN_POINT('',(0.108192070669947,-0.103167882170965,0.001));
#6347=CARTESIAN_POINT('',(0.117769181386926,-0.12908898657698,0.001));
#6348=CARTESIAN_POINT('',(0.119363820951757,-0.128499812619465,0.001));
#6349=CARTESIAN_POINT('',(0.119363803893541,-0.130199812999949,0.001));
#6350=CARTESIAN_POINT('',(0.130796660071206,-0.13019992772,0.001));
#6351=CARTESIAN_POINT('',(0.137710363365884,-0.130199997093776,0.001));
#6352=CARTESIAN_POINT('',(0.13771034831452,-0.131699997093697,0.001));
#6353=CARTESIAN_POINT('',(0.138098576890414,-0.130251108356473,0.001));
#6354=CARTESIAN_POINT('',(0.122427349330162,-0.126052015491791,0.001));
#6355=CARTESIAN_POINT('',(0.155812130257806,-0.13499744078431,0.001));
#6356=CARTESIAN_POINT('',(0.155423901681914,-0.136446329521535,0.001));
#6357=CARTESIAN_POINT('',(0.156173891655761,-0.135147285627308,0.001));
#6358=CARTESIAN_POINT('',(0.119677260548771,-0.114076321411952,0.001));
#6359=CARTESIAN_POINT('',(0.171930914904814,-0.144244445089727,0.001));
#6360=CARTESIAN_POINT('',(0.172780902761991,-0.142772196693699,0.001));
#6361=CARTESIAN_POINT('',(0.174253146269861,-0.143622196898094,0.001));
#6362=CARTESIAN_POINT('',(0.184522810145652,-0.1258346011301,0.001));
#6363=CARTESIAN_POINT('',(0.183948013742959,-0.126830177681534,0.001));
#6364=CARTESIAN_POINT('',(0.175512519,-0.076259809,0.005145));
#6365=CARTESIAN_POINT('',(0.175512519,-0.076259809,0.00154));
#6366=CARTESIAN_POINT('',(0.175512519,-0.076259809,0.00875));
#6367=CARTESIAN_POINT('',(0.172786019,-0.076259809,0.00875));
#6368=CARTESIAN_POINT('',(0.181242519,-0.076259809,0.00875));
#6369=CARTESIAN_POINT('',(0.172786019,-0.076259809,0.00154));
#6370=CARTESIAN_POINT('',(0.181242519,-0.076259809,0.00154));
#6371=CARTESIAN_POINT('',(0.181242519,-0.076259809,0.005145));
#6372=CARTESIAN_POINT('',(0.187379513755949,-0.1174866351112,0.0101));
#6373=CARTESIAN_POINT('',(0.189311113428448,-0.118601844726767,0.00960092586858454));
#6374=CARTESIAN_POINT('',(0.189464780018914,-0.118657977798852,0.00961074620823409));
#6375=CARTESIAN_POINT('',(0.189777336329988,-0.118600671305745,0.00977516901139722));
#6376=CARTESIAN_POINT('',(0.189925596608746,-0.118393149942571,0.00999213634051407));
#6377=CARTESIAN_POINT('',(0.189960660450539,-0.118278916663975,0.0101));
#6378=CARTESIAN_POINT('',(0.189311113428448,-0.118601844726767,0.00960092586858454));
#6379=CARTESIAN_POINT('',(0.189284774132591,-0.118586637726877,0.0101));
#6380=CARTESIAN_POINT('',(0.18948267125028,-0.118132198142867,0.002));
#6381=CARTESIAN_POINT('',(0.18948267125028,-0.118132198142867,0.001));
#6382=CARTESIAN_POINT('',(0.189311113428448,-0.118601844726767,0.00960092586858452));
#6383=CARTESIAN_POINT('',(0.189301514648168,-0.118598338375622,0.00960031244028628));
#6384=CARTESIAN_POINT('',(0.189292006540553,-0.118594531940529,0.00959999999999987));
#6385=CARTESIAN_POINT('',(0.189282590236157,-0.118590420346375,0.00959999999999987));
#6386=CARTESIAN_POINT('',(0.189232671246132,-0.118565210842365,0.00100000000000062));
#6387=CARTESIAN_POINT('',(0.189776420762119,-0.11887914477874,0.00100000000000141));
#6388=CARTESIAN_POINT('',(0.189960660450541,-0.118278916663976,0.00100000000000123));
#6389=CARTESIAN_POINT('',(0.189232671216115,-0.118565210825035,0.000867222006223385));
#6390=CARTESIAN_POINT('',(0.189776420687494,-0.118879144735664,0.000696146030240068));
#6391=CARTESIAN_POINT('',(0.189960660453354,-0.118278916654815,0.000734444012446769));
#6392=CARTESIAN_POINT('',(0.189131698184546,-0.118506914016787,0.000601821685579966));
#6393=CARTESIAN_POINT('',(0.189528647434955,-0.118736092778433,0.000111662415905678));
#6394=CARTESIAN_POINT('',(0.189753076217708,-0.118180071540599,0.00020364335190769));
#6395=CARTESIAN_POINT('',(0.188899664621082,-0.118372949373495,0.000499999980747692));
#6396=CARTESIAN_POINT('',(0.189013210163788,-0.118438504924594,-3.81550854372277E-05));
#6397=CARTESIAN_POINT('',(0.189273194677016,-0.117968818386729,-1.23168479510263E-16));
#6398=CARTESIAN_POINT('',(0.188784876728247,-0.1183066765512,0.0005));
#6399=CARTESIAN_POINT('',(0.188784876728247,-0.1183066765512,9.07477218370367E-17));
#6400=CARTESIAN_POINT('',(0.189034876732397,-0.117873663851704,0.));
#6401=CARTESIAN_POINT('',(0.189034876732398,-0.117873663851704,0.0005));
#6402=CARTESIAN_POINT('',(0.184955822845148,-0.12608460113425,0.0101));
#6403=CARTESIAN_POINT('',(0.184381026442456,-0.127080177685684,0.0101));
#6404=CARTESIAN_POINT('',(0.189098013828455,-0.117910116071916,0.0005));
#6405=CARTESIAN_POINT('',(0.187625770650168,-0.117060116057806,0.0005));
#6406=CARTESIAN_POINT('',(0.184381026442456,-0.127080177685684,0.002));
#6407=CARTESIAN_POINT('',(0.184381026442456,-0.127080177685684,0.001));
#6408=CARTESIAN_POINT('',(0.183050566967386,-0.124984601115963,0.0005));
#6409=CARTESIAN_POINT('',(0.182475770564677,-0.125980177667427,0.0005));
#6410=CARTESIAN_POINT('',(0.183948013742959,-0.126830177681534,0.001));
#6411=CARTESIAN_POINT('',(0.183948013742959,-0.126830177681534,0.0005));
#6412=CARTESIAN_POINT('',(0.130222218719427,-0.0958115747757111,0.0005));
#6413=MECHANICAL_DESIGN_GEOMETRIC_PRESENTATION_REPRESENTATION('',(#3620),#6414);
#6414=(
GEOMETRIC_REPRESENTATION_CONTEXT(3)
GLOBAL_UNCERTAINTY_ASSIGNED_CONTEXT((#6415))
GLOBAL_UNIT_ASSIGNED_CONTEXT((#6418,#6417,#6416))
REPRESENTATION_CONTEXT('Left','TOP_LEVEL_ASSEMBLY_PART')
);
#6415=UNCERTAINTY_MEASURE_WITH_UNIT(LENGTH_MEASURE(2.E-05),#6418,'DISTANCE_ACCURACY_VALUE','Maximum Tolerance applied to model');
#6416=(
NAMED_UNIT(*)
SI_UNIT($,.STERADIAN.)
SOLID_ANGLE_UNIT()
);
#6417=(
NAMED_UNIT(*)
PLANE_ANGLE_UNIT()
SI_UNIT($,.RADIAN.)
);
#6418=(
LENGTH_UNIT()
NAMED_UNIT(*)
SI_UNIT($,.METRE.)
);
#6419=PRODUCT_DEFINITION_SHAPE('','',#6420);
#6420=PRODUCT_DEFINITION('','',#6422,#6421);
#6421=PRODUCT_DEFINITION_CONTEXT('',#6428,'design');
#6422=PRODUCT_DEFINITION_FORMATION_WITH_SPECIFIED_SOURCE('','',#6424,.NOT_KNOWN.);
#6423=PRODUCT_RELATED_PRODUCT_CATEGORY('','',(#6424));
#6424=PRODUCT('Left','Left','Left',(#6426));
#6425=PRODUCT_CATEGORY('','');
#6426=PRODUCT_CONTEXT('',#6428,'mechanical');
#6427=APPLICATION_PROTOCOL_DEFINITION('international standard','ap242_managed_model_based_3d_engineering',2020,#6428);
#6428=APPLICATION_CONTEXT('managed model based 3d engineering');
ENDSEC;
END-ISO-10303-21;
