ISO-10303-21;
HEADER;
/* Generated by software containing ST-Developer
 * from STEP Tools, Inc. (www.steptools.com) 
 */
/* OPTION: using custom renumber hook */

FILE_DESCRIPTION(
/* description */ ('STEP AP242 Edition 2',
'CAx-IF Rec.Pracs.---Representation and Presentation of Product Manufa
cturing Information (PMI)---4.0---2014-10-13',
'CAx-IF Rec.Pracs.---3D Tessellated Geometry---0.4---2014-09-14','2;1',
'CAx-IF Rec.Pracs.---User Defined Attributes---1.5---2016-08-15'),
/* implementation_level */ '2;1');

FILE_NAME(
/* name */ 'Part Studio 1 - Left',
/* time_stamp */ '2026-05-14T21:13:07Z',
/* author */ (''),
/* organization */ (''),
/* preprocessor_version */ 'ST-DEVELOPER v20',
/* originating_system */ 'ONSHAPE BY PTC INC, 1.214',
/* authorisation */ '  ');

FILE_SCHEMA (('AP242_MANAGED_MODEL_BASED_3D_ENGINEERING_MIM_LF { 1 0 10303 442 3 1 4 }'));
ENDSEC;

DATA;
#10=SHAPE_REPRESENTATION_RELATIONSHIP('','',#3562,#11);
#11=ADVANCED_BREP_SHAPE_REPRESENTATION('',(#3560),#6322);
#12=(
BOUNDED_SURFACE()
B_SPLINE_SURFACE(3,2,((#6278,#6279,#6280),(#6281,#6282,#6283),(#6284,#6285,
#6286),(#6287,#6288,#6289),(#6290,#6291,#6292),(#6293,#6294,#6295)),
 .UNSPECIFIED.,.F.,.F.,.F.)
B_SPLINE_SURFACE_WITH_KNOTS((4,1,1,4),(3,3),(0.00177897534511649,0.00252077782938746,
0.00326258031365843,0.00474618528220038),(0.,1.),.UNSPECIFIED.)
GEOMETRIC_REPRESENTATION_ITEM()
RATIONAL_B_SPLINE_SURFACE(((1.,0.707106781186514,1.),(1.,0.751039094474062,
1.),(1.,0.836213123708894,1.),(1.,0.961887694407349,1.),(1.,0.999999999994318,
1.),(1.,1.,1.)))
REPRESENTATION_ITEM('')
SURFACE()
);
#13=(
BOUNDED_SURFACE()
B_SPLINE_SURFACE(3,2,((#6301,#6302,#6303),(#6304,#6305,#6306),(#6307,#6308,
#6309),(#6310,#6311,#6312),(#6313,#6314,#6315),(#6316,#6317,#6318)),
 .UNSPECIFIED.,.F.,.F.,.F.)
B_SPLINE_SURFACE_WITH_KNOTS((4,1,1,4),(3,3),(0.00177897534511567,0.00252077782938665,
0.00326258031365763,0.00474618528219958),(0.,1.),.UNSPECIFIED.)
GEOMETRIC_REPRESENTATION_ITEM()
RATIONAL_B_SPLINE_SURFACE(((1.,0.707106781186521,1.),(1.,0.751039094473944,
1.),(1.,0.836213123708948,1.),(1.,0.961887694407312,1.),(1.,0.999999999994317,
1.),(1.,1.,1.)))
REPRESENTATION_ITEM('')
SURFACE()
);
#14=TOROIDAL_SURFACE('',#3857,0.00170000038056999,0.001);
#15=TOROIDAL_SURFACE('',#3859,0.00170000038057022,0.001);
#16=TOROIDAL_SURFACE('',#3865,0.00149999999999995,0.001);
#17=TOROIDAL_SURFACE('',#3867,0.00149999999999992,0.001);
#18=TOROIDAL_SURFACE('',#3873,0.00170000038056999,0.001);
#19=TOROIDAL_SURFACE('',#3875,0.00170000038057023,0.001);
#20=TOROIDAL_SURFACE('',#3879,0.00149999999999992,0.001);
#21=TOROIDAL_SURFACE('',#3881,0.00149999999999995,0.001);
#22=TOROIDAL_SURFACE('',#3887,0.00170000038057003,0.001);
#23=TOROIDAL_SURFACE('',#3889,0.00170000038057005,0.001);
#24=TOROIDAL_SURFACE('',#3895,0.00149999999999998,0.001);
#25=TOROIDAL_SURFACE('',#3897,0.00170000038057005,0.001);
#26=TOROIDAL_SURFACE('',#3903,0.00170000038057005,0.001);
#27=TOROIDAL_SURFACE('',#3905,0.00170000038057005,0.001);
#28=TOROIDAL_SURFACE('',#3911,0.00170000524404253,0.001);
#29=TOROIDAL_SURFACE('',#3913,0.00149999999999994,0.001);
#30=TOROIDAL_SURFACE('',#3919,0.00170000038057004,0.001);
#31=TOROIDAL_SURFACE('',#3921,0.00149999999999994,0.001);
#32=TOROIDAL_SURFACE('',#3927,0.00149999999999977,0.001);
#33=TOROIDAL_SURFACE('',#3929,0.00170000038056988,0.001);
#34=TOROIDAL_SURFACE('',#3935,0.00149999999999855,0.001);
#35=TOROIDAL_SURFACE('',#3939,0.00170000038056999,0.001);
#36=TOROIDAL_SURFACE('',#3941,0.00170000038057022,0.001);
#37=TOROIDAL_SURFACE('',#3947,0.00149999999999995,0.001);
#38=TOROIDAL_SURFACE('',#3949,0.00149999999999992,0.001);
#39=TOROIDAL_SURFACE('',#3955,0.00170000038056999,0.001);
#40=TOROIDAL_SURFACE('',#3957,0.00170000038057023,0.001);
#41=TOROIDAL_SURFACE('',#3961,0.00149999999999992,0.001);
#42=TOROIDAL_SURFACE('',#3963,0.00149999999999995,0.001);
#43=TOROIDAL_SURFACE('',#3969,0.00170000038057003,0.001);
#44=TOROIDAL_SURFACE('',#3971,0.00170000038057005,0.001);
#45=TOROIDAL_SURFACE('',#3977,0.00149999999999998,0.001);
#46=TOROIDAL_SURFACE('',#3979,0.00170000038057005,0.001);
#47=TOROIDAL_SURFACE('',#3985,0.00170000038057005,0.001);
#48=TOROIDAL_SURFACE('',#3987,0.00170000038057005,0.001);
#49=TOROIDAL_SURFACE('',#3993,0.00170000524404253,0.001);
#50=TOROIDAL_SURFACE('',#3995,0.00149999999999994,0.001);
#51=TOROIDAL_SURFACE('',#4001,0.00170000038057004,0.001);
#52=TOROIDAL_SURFACE('',#4003,0.00149999999999994,0.001);
#53=TOROIDAL_SURFACE('',#4009,0.00149999999999977,0.001);
#54=TOROIDAL_SURFACE('',#4011,0.00170000038056988,0.001);
#55=TOROIDAL_SURFACE('',#4017,0.00149999999999855,0.001);
#56=TOROIDAL_SURFACE('',#4018,0.00358,0.001);
#57=TOROIDAL_SURFACE('',#4025,0.00358,0.001);
#58=TOROIDAL_SURFACE('',#4027,0.003605,0.001);
#59=TOROIDAL_SURFACE('',#4032,0.003605,0.001);
#60=B_SPLINE_CURVE_WITH_KNOTS('',3,(#6065,#6066,#6067,#6068,#6069),
 .UNSPECIFIED.,.F.,.F.,(4,1,4),(0.,0.00112623450609194,0.00225246901218387),
 .UNSPECIFIED.);
#61=B_SPLINE_CURVE_WITH_KNOTS('',3,(#6079,#6080,#6081,#6082,#6083),
 .UNSPECIFIED.,.F.,.F.,(4,1,4),(1.95156391047391E-18,0.00112623450609203,
0.00225246901218405),.UNSPECIFIED.);
#62=CYLINDRICAL_SURFACE('',#3571,0.00270000524404253);
#63=CYLINDRICAL_SURFACE('',#3577,0.00270000038057005);
#64=CYLINDRICAL_SURFACE('',#3580,0.00049999999999998);
#65=CYLINDRICAL_SURFACE('',#3584,0.00270000038057003);
#66=CYLINDRICAL_SURFACE('',#3588,0.000499999999999919);
#67=CYLINDRICAL_SURFACE('',#3591,0.00270000038057023);
#68=CYLINDRICAL_SURFACE('',#3595,0.000499999999999924);
#69=CYLINDRICAL_SURFACE('',#3599,0.00270000038057022);
#70=CYLINDRICAL_SURFACE('',#3603,0.00270000038056999);
#71=CYLINDRICAL_SURFACE('',#3607,0.000499999999999952);
#72=CYLINDRICAL_SURFACE('',#3611,0.00270000038056999);
#73=CYLINDRICAL_SURFACE('',#3615,0.000499999999999952);
#74=CYLINDRICAL_SURFACE('',#3619,0.00270000038057005);
#75=CYLINDRICAL_SURFACE('',#3623,0.00270000038057005);
#76=CYLINDRICAL_SURFACE('',#3627,0.00270000038057005);
#77=CYLINDRICAL_SURFACE('',#3631,0.000499999999999945);
#78=CYLINDRICAL_SURFACE('',#3635,0.00049999999999994);
#79=CYLINDRICAL_SURFACE('',#3639,0.00270000038056988);
#80=CYLINDRICAL_SURFACE('',#3643,0.00049999999999855);
#81=CYLINDRICAL_SURFACE('',#3647,0.000499999999999775);
#82=CYLINDRICAL_SURFACE('',#3651,0.002);
#83=CYLINDRICAL_SURFACE('',#3654,0.00270000038057004);
#84=CYLINDRICAL_SURFACE('',#3709,0.0011);
#85=CYLINDRICAL_SURFACE('',#3712,0.00299999999999994);
#86=CYLINDRICAL_SURFACE('',#3716,0.0011);
#87=CYLINDRICAL_SURFACE('',#3719,0.003);
#88=CYLINDRICAL_SURFACE('',#3723,0.0011);
#89=CYLINDRICAL_SURFACE('',#3726,0.00299999999999994);
#90=CYLINDRICAL_SURFACE('',#3730,0.0011);
#91=CYLINDRICAL_SURFACE('',#3733,0.003);
#92=CYLINDRICAL_SURFACE('',#3739,0.000249999999999973);
#93=CYLINDRICAL_SURFACE('',#3742,0.000249999999999959);
#94=CYLINDRICAL_SURFACE('',#3746,0.000249999999999973);
#95=CYLINDRICAL_SURFACE('',#3749,0.000249999999999973);
#96=CYLINDRICAL_SURFACE('',#3752,0.000700000380570012);
#97=CYLINDRICAL_SURFACE('',#3755,0.000300000380569987);
#98=CYLINDRICAL_SURFACE('',#3758,0.000700000380570009);
#99=CYLINDRICAL_SURFACE('',#3761,0.00030000038056999);
#100=CYLINDRICAL_SURFACE('',#3764,0.000700000380569991);
#101=CYLINDRICAL_SURFACE('',#3767,0.000700000380570161);
#102=CYLINDRICAL_SURFACE('',#3770,0.000300000380570011);
#103=CYLINDRICAL_SURFACE('',#3773,0.000700000380570161);
#104=CYLINDRICAL_SURFACE('',#3776,0.000300000380570011);
#105=CYLINDRICAL_SURFACE('',#3779,0.000700000380570085);
#106=CYLINDRICAL_SURFACE('',#3782,0.000300000380569994);
#107=CYLINDRICAL_SURFACE('',#3784,0.000700000380570089);
#108=CYLINDRICAL_SURFACE('',#3789,0.000700005244042091);
#109=CYLINDRICAL_SURFACE('',#3792,0.000700000380570022);
#110=CYLINDRICAL_SURFACE('',#3795,0.000300000380568662);
#111=CYLINDRICAL_SURFACE('',#3798,0.00030000038057155);
#112=CYLINDRICAL_SURFACE('',#3801,0.000700000380570003);
#113=CYLINDRICAL_SURFACE('',#3804,0.000300000380569991);
#114=CYLINDRICAL_SURFACE('',#3807,0.000300001333574995);
#115=CYLINDRICAL_SURFACE('',#3810,0.000700000380570012);
#116=CYLINDRICAL_SURFACE('',#3813,0.000700000380570012);
#117=CYLINDRICAL_SURFACE('',#3842,0.002605);
#118=CYLINDRICAL_SURFACE('',#3845,0.002605);
#119=CYLINDRICAL_SURFACE('',#3848,0.00258);
#120=CYLINDRICAL_SURFACE('',#3851,0.00258);
#121=CYLINDRICAL_SURFACE('',#3854,0.001);
#122=CYLINDRICAL_SURFACE('',#3861,0.001);
#123=CYLINDRICAL_SURFACE('',#3863,0.001);
#124=CYLINDRICAL_SURFACE('',#3869,0.001);
#125=CYLINDRICAL_SURFACE('',#3871,0.001);
#126=CYLINDRICAL_SURFACE('',#3877,0.001);
#127=CYLINDRICAL_SURFACE('',#3883,0.001);
#128=CYLINDRICAL_SURFACE('',#3885,0.001);
#129=CYLINDRICAL_SURFACE('',#3891,0.001);
#130=CYLINDRICAL_SURFACE('',#3893,0.001);
#131=CYLINDRICAL_SURFACE('',#3899,0.001);
#132=CYLINDRICAL_SURFACE('',#3901,0.001);
#133=CYLINDRICAL_SURFACE('',#3907,0.001);
#134=CYLINDRICAL_SURFACE('',#3909,0.001);
#135=CYLINDRICAL_SURFACE('',#3915,0.001);
#136=CYLINDRICAL_SURFACE('',#3917,0.001);
#137=CYLINDRICAL_SURFACE('',#3923,0.001);
#138=CYLINDRICAL_SURFACE('',#3925,0.001);
#139=CYLINDRICAL_SURFACE('',#3931,0.001);
#140=CYLINDRICAL_SURFACE('',#3933,0.001);
#141=CYLINDRICAL_SURFACE('',#3936,0.001);
#142=CYLINDRICAL_SURFACE('',#3943,0.001);
#143=CYLINDRICAL_SURFACE('',#3945,0.001);
#144=CYLINDRICAL_SURFACE('',#3951,0.001);
#145=CYLINDRICAL_SURFACE('',#3953,0.001);
#146=CYLINDRICAL_SURFACE('',#3959,0.001);
#147=CYLINDRICAL_SURFACE('',#3965,0.001);
#148=CYLINDRICAL_SURFACE('',#3967,0.001);
#149=CYLINDRICAL_SURFACE('',#3973,0.001);
#150=CYLINDRICAL_SURFACE('',#3975,0.001);
#151=CYLINDRICAL_SURFACE('',#3981,0.001);
#152=CYLINDRICAL_SURFACE('',#3983,0.001);
#153=CYLINDRICAL_SURFACE('',#3989,0.001);
#154=CYLINDRICAL_SURFACE('',#3991,0.001);
#155=CYLINDRICAL_SURFACE('',#3997,0.001);
#156=CYLINDRICAL_SURFACE('',#3999,0.001);
#157=CYLINDRICAL_SURFACE('',#4005,0.001);
#158=CYLINDRICAL_SURFACE('',#4007,0.001);
#159=CYLINDRICAL_SURFACE('',#4013,0.001);
#160=CYLINDRICAL_SURFACE('',#4015,0.001);
#161=CYLINDRICAL_SURFACE('',#4021,0.001);
#162=CYLINDRICAL_SURFACE('',#4023,0.001);
#163=CYLINDRICAL_SURFACE('',#4029,0.001);
#164=CIRCLE('',#3565,0.003605);
#165=CIRCLE('',#3566,0.003605);
#166=CIRCLE('',#3568,0.002605);
#167=CIRCLE('',#3569,0.002605);
#168=CIRCLE('',#3572,0.00270000524404253);
#169=CIRCLE('',#3573,0.00270000524404253);
#170=CIRCLE('',#3575,0.00358);
#171=CIRCLE('',#3576,0.00358);
#172=CIRCLE('',#3578,0.00270000038057005);
#173=CIRCLE('',#3579,0.00270000038057005);
#174=CIRCLE('',#3581,0.00049999999999998);
#175=CIRCLE('',#3582,0.00049999999999998);
#176=CIRCLE('',#3585,0.00270000038057003);
#177=CIRCLE('',#3586,0.00270000038057003);
#178=CIRCLE('',#3589,0.000499999999999919);
#179=CIRCLE('',#3590,0.000499999999999919);
#180=CIRCLE('',#3592,0.00270000038057023);
#181=CIRCLE('',#3593,0.00270000038057023);
#182=CIRCLE('',#3596,0.000499999999999924);
#183=CIRCLE('',#3597,0.000499999999999924);
#184=CIRCLE('',#3600,0.00270000038057022);
#185=CIRCLE('',#3601,0.00270000038057022);
#186=CIRCLE('',#3604,0.00270000038056999);
#187=CIRCLE('',#3605,0.00270000038056999);
#188=CIRCLE('',#3608,0.000499999999999952);
#189=CIRCLE('',#3609,0.000499999999999952);
#190=CIRCLE('',#3612,0.00270000038056999);
#191=CIRCLE('',#3613,0.00270000038056999);
#192=CIRCLE('',#3616,0.000499999999999952);
#193=CIRCLE('',#3617,0.000499999999999952);
#194=CIRCLE('',#3620,0.00270000038057005);
#195=CIRCLE('',#3621,0.00270000038057005);
#196=CIRCLE('',#3624,0.00270000038057005);
#197=CIRCLE('',#3625,0.00270000038057005);
#198=CIRCLE('',#3628,0.00270000038057005);
#199=CIRCLE('',#3629,0.00270000038057005);
#200=CIRCLE('',#3632,0.000499999999999945);
#201=CIRCLE('',#3633,0.000499999999999945);
#202=CIRCLE('',#3636,0.00049999999999994);
#203=CIRCLE('',#3637,0.00049999999999994);
#204=CIRCLE('',#3640,0.00270000038056988);
#205=CIRCLE('',#3641,0.00270000038056988);
#206=CIRCLE('',#3644,0.00049999999999855);
#207=CIRCLE('',#3645,0.00049999999999855);
#208=CIRCLE('',#3648,0.000499999999999775);
#209=CIRCLE('',#3649,0.000499999999999775);
#210=CIRCLE('',#3652,0.002);
#211=CIRCLE('',#3653,0.002);
#212=CIRCLE('',#3655,0.00270000038057004);
#213=CIRCLE('',#3656,0.00270000038057004);
#214=CIRCLE('',#3658,0.000700000380570012);
#215=CIRCLE('',#3659,0.000700000380570012);
#216=CIRCLE('',#3660,0.000300001333574995);
#217=CIRCLE('',#3661,0.000300000380569991);
#218=CIRCLE('',#3662,0.000700000380570003);
#219=CIRCLE('',#3663,0.00030000038057155);
#220=CIRCLE('',#3664,0.000300000380568662);
#221=CIRCLE('',#3665,0.000700000380570022);
#222=CIRCLE('',#3666,0.000700005244042091);
#223=CIRCLE('',#3667,0.000700000380570089);
#224=CIRCLE('',#3668,0.000300000380569994);
#225=CIRCLE('',#3669,0.000700000380570085);
#226=CIRCLE('',#3670,0.000300000380570011);
#227=CIRCLE('',#3671,0.000700000380570161);
#228=CIRCLE('',#3672,0.000300000380570011);
#229=CIRCLE('',#3673,0.000700000380570161);
#230=CIRCLE('',#3674,0.000700000380569991);
#231=CIRCLE('',#3675,0.00030000038056999);
#232=CIRCLE('',#3676,0.000700000380570009);
#233=CIRCLE('',#3677,0.000300000380569987);
#234=CIRCLE('',#3678,0.000700000380570012);
#235=CIRCLE('',#3679,0.000249999999999973);
#236=CIRCLE('',#3680,0.000249999999999973);
#237=CIRCLE('',#3681,0.000249999999999959);
#238=CIRCLE('',#3682,0.000249999999999973);
#239=CIRCLE('',#3683,0.003);
#240=CIRCLE('',#3684,0.00299999999999994);
#241=CIRCLE('',#3685,0.003);
#242=CIRCLE('',#3686,0.00299999999999994);
#243=CIRCLE('',#3688,0.00149999999999855);
#244=CIRCLE('',#3689,0.00170000038056988);
#245=CIRCLE('',#3690,0.00149999999999994);
#246=CIRCLE('',#3691,0.00149999999999994);
#247=CIRCLE('',#3692,0.00170000038057005);
#248=CIRCLE('',#3693,0.00170000038057005);
#249=CIRCLE('',#3694,0.00170000038057005);
#250=CIRCLE('',#3695,0.00149999999999995);
#251=CIRCLE('',#3696,0.00170000038056999);
#252=CIRCLE('',#3697,0.00149999999999995);
#253=CIRCLE('',#3698,0.00170000038056999);
#254=CIRCLE('',#3699,0.00170000038057022);
#255=CIRCLE('',#3700,0.00149999999999992);
#256=CIRCLE('',#3701,0.00170000038057023);
#257=CIRCLE('',#3702,0.00149999999999992);
#258=CIRCLE('',#3703,0.00170000038057003);
#259=CIRCLE('',#3704,0.00149999999999998);
#260=CIRCLE('',#3705,0.00170000038057005);
#261=CIRCLE('',#3706,0.00170000524404253);
#262=CIRCLE('',#3707,0.00170000038057004);
#263=CIRCLE('',#3708,0.00149999999999977);
#264=CIRCLE('',#3710,0.0011);
#265=CIRCLE('',#3711,0.0011);
#266=CIRCLE('',#3713,0.00299999999999994);
#267=CIRCLE('',#3717,0.0011);
#268=CIRCLE('',#3718,0.0011);
#269=CIRCLE('',#3720,0.003);
#270=CIRCLE('',#3724,0.0011);
#271=CIRCLE('',#3725,0.0011);
#272=CIRCLE('',#3727,0.00299999999999994);
#273=CIRCLE('',#3731,0.0011);
#274=CIRCLE('',#3732,0.0011);
#275=CIRCLE('',#3734,0.003);
#276=CIRCLE('',#3740,0.000249999999999973);
#277=CIRCLE('',#3743,0.000249999999999959);
#278=CIRCLE('',#3747,0.000249999999999973);
#279=CIRCLE('',#3750,0.000249999999999973);
#280=CIRCLE('',#3753,0.000700000380570012);
#281=CIRCLE('',#3756,0.000300000380569987);
#282=CIRCLE('',#3759,0.000700000380570009);
#283=CIRCLE('',#3762,0.00030000038056999);
#284=CIRCLE('',#3765,0.000700000380569991);
#285=CIRCLE('',#3768,0.000700000380570161);
#286=CIRCLE('',#3771,0.000300000380570011);
#287=CIRCLE('',#3774,0.000700000380570161);
#288=CIRCLE('',#3777,0.000300000380570011);
#289=CIRCLE('',#3780,0.000700000380570085);
#290=CIRCLE('',#3783,0.000300000380569994);
#291=CIRCLE('',#3785,0.000700000380570089);
#292=CIRCLE('',#3787,0.00258);
#293=CIRCLE('',#3788,0.00258);
#294=CIRCLE('',#3790,0.000700005244042091);
#295=CIRCLE('',#3793,0.000700000380570022);
#296=CIRCLE('',#3796,0.000300000380568662);
#297=CIRCLE('',#3799,0.00030000038057155);
#298=CIRCLE('',#3802,0.000700000380570003);
#299=CIRCLE('',#3805,0.000300000380569991);
#300=CIRCLE('',#3808,0.000300001333574995);
#301=CIRCLE('',#3811,0.000700000380570012);
#302=CIRCLE('',#3814,0.000700000380570012);
#303=CIRCLE('',#3816,0.00149999999999855);
#304=CIRCLE('',#3817,0.00149999999999977);
#305=CIRCLE('',#3818,0.00170000038057004);
#306=CIRCLE('',#3819,0.00170000524404253);
#307=CIRCLE('',#3820,0.00170000038057005);
#308=CIRCLE('',#3821,0.00149999999999998);
#309=CIRCLE('',#3822,0.00170000038057003);
#310=CIRCLE('',#3823,0.00149999999999992);
#311=CIRCLE('',#3824,0.00170000038057023);
#312=CIRCLE('',#3825,0.00149999999999992);
#313=CIRCLE('',#3826,0.00170000038057022);
#314=CIRCLE('',#3827,0.00170000038056999);
#315=CIRCLE('',#3828,0.00149999999999995);
#316=CIRCLE('',#3829,0.00170000038056999);
#317=CIRCLE('',#3830,0.00149999999999995);
#318=CIRCLE('',#3831,0.00170000038057005);
#319=CIRCLE('',#3832,0.00170000038057005);
#320=CIRCLE('',#3833,0.00170000038057005);
#321=CIRCLE('',#3834,0.00149999999999994);
#322=CIRCLE('',#3835,0.00149999999999994);
#323=CIRCLE('',#3836,0.00170000038056988);
#324=CIRCLE('',#3840,0.002605);
#325=CIRCLE('',#3841,0.002605);
#326=CIRCLE('',#3843,0.002605);
#327=CIRCLE('',#3846,0.002605);
#328=CIRCLE('',#3849,0.00258);
#329=CIRCLE('',#3852,0.00258);
#330=CIRCLE('',#3855,0.001);
#331=CIRCLE('',#3856,0.001);
#332=CIRCLE('',#3858,0.001);
#333=CIRCLE('',#3860,0.001);
#334=CIRCLE('',#3862,0.001);
#335=CIRCLE('',#3864,0.001);
#336=CIRCLE('',#3866,0.001);
#337=CIRCLE('',#3868,0.001);
#338=CIRCLE('',#3870,0.001);
#339=CIRCLE('',#3872,0.001);
#340=CIRCLE('',#3874,0.001);
#341=CIRCLE('',#3876,0.001);
#342=CIRCLE('',#3878,0.001);
#343=CIRCLE('',#3880,0.001);
#344=CIRCLE('',#3882,0.001);
#345=CIRCLE('',#3884,0.001);
#346=CIRCLE('',#3886,0.001);
#347=CIRCLE('',#3888,0.001);
#348=CIRCLE('',#3890,0.001);
#349=CIRCLE('',#3892,0.001);
#350=CIRCLE('',#3894,0.001);
#351=CIRCLE('',#3896,0.001);
#352=CIRCLE('',#3898,0.001);
#353=CIRCLE('',#3900,0.001);
#354=CIRCLE('',#3902,0.001);
#355=CIRCLE('',#3904,0.001);
#356=CIRCLE('',#3906,0.001);
#357=CIRCLE('',#3908,0.001);
#358=CIRCLE('',#3910,0.001);
#359=CIRCLE('',#3912,0.001);
#360=CIRCLE('',#3914,0.001);
#361=CIRCLE('',#3916,0.001);
#362=CIRCLE('',#3918,0.001);
#363=CIRCLE('',#3920,0.001);
#364=CIRCLE('',#3922,0.001);
#365=CIRCLE('',#3924,0.001);
#366=CIRCLE('',#3926,0.001);
#367=CIRCLE('',#3928,0.001);
#368=CIRCLE('',#3930,0.001);
#369=CIRCLE('',#3932,0.001);
#370=CIRCLE('',#3934,0.001);
#371=CIRCLE('',#3937,0.001);
#372=CIRCLE('',#3938,0.001);
#373=CIRCLE('',#3940,0.001);
#374=CIRCLE('',#3942,0.001);
#375=CIRCLE('',#3944,0.001);
#376=CIRCLE('',#3946,0.001);
#377=CIRCLE('',#3948,0.001);
#378=CIRCLE('',#3950,0.001);
#379=CIRCLE('',#3952,0.001);
#380=CIRCLE('',#3954,0.001);
#381=CIRCLE('',#3956,0.001);
#382=CIRCLE('',#3958,0.001);
#383=CIRCLE('',#3960,0.001);
#384=CIRCLE('',#3962,0.001);
#385=CIRCLE('',#3964,0.001);
#386=CIRCLE('',#3966,0.001);
#387=CIRCLE('',#3968,0.001);
#388=CIRCLE('',#3970,0.001);
#389=CIRCLE('',#3972,0.001);
#390=CIRCLE('',#3974,0.001);
#391=CIRCLE('',#3976,0.001);
#392=CIRCLE('',#3978,0.001);
#393=CIRCLE('',#3980,0.001);
#394=CIRCLE('',#3982,0.001);
#395=CIRCLE('',#3984,0.001);
#396=CIRCLE('',#3986,0.001);
#397=CIRCLE('',#3988,0.001);
#398=CIRCLE('',#3990,0.001);
#399=CIRCLE('',#3992,0.001);
#400=CIRCLE('',#3994,0.001);
#401=CIRCLE('',#3996,0.001);
#402=CIRCLE('',#3998,0.001);
#403=CIRCLE('',#4000,0.001);
#404=CIRCLE('',#4002,0.001);
#405=CIRCLE('',#4004,0.001);
#406=CIRCLE('',#4006,0.001);
#407=CIRCLE('',#4008,0.001);
#408=CIRCLE('',#4010,0.001);
#409=CIRCLE('',#4012,0.001);
#410=CIRCLE('',#4014,0.001);
#411=CIRCLE('',#4016,0.001);
#412=CIRCLE('',#4019,0.001);
#413=CIRCLE('',#4020,0.001);
#414=CIRCLE('',#4022,0.001);
#415=CIRCLE('',#4024,0.001);
#416=CIRCLE('',#4026,0.001);
#417=CIRCLE('',#4028,0.001);
#418=CIRCLE('',#4030,0.001);
#419=CIRCLE('',#4031,0.001);
#420=ORIENTED_EDGE('',*,*,#1450,.T.);
#421=ORIENTED_EDGE('',*,*,#1451,.T.);
#422=ORIENTED_EDGE('',*,*,#1452,.T.);
#423=ORIENTED_EDGE('',*,*,#1453,.T.);
#424=ORIENTED_EDGE('',*,*,#1454,.T.);
#425=ORIENTED_EDGE('',*,*,#1455,.F.);
#426=ORIENTED_EDGE('',*,*,#1456,.T.);
#427=ORIENTED_EDGE('',*,*,#1457,.T.);
#428=ORIENTED_EDGE('',*,*,#1458,.F.);
#429=ORIENTED_EDGE('',*,*,#1459,.T.);
#430=ORIENTED_EDGE('',*,*,#1460,.F.);
#431=ORIENTED_EDGE('',*,*,#1461,.F.);
#432=ORIENTED_EDGE('',*,*,#1462,.T.);
#433=ORIENTED_EDGE('',*,*,#1463,.T.);
#434=ORIENTED_EDGE('',*,*,#1464,.F.);
#435=ORIENTED_EDGE('',*,*,#1465,.T.);
#436=ORIENTED_EDGE('',*,*,#1466,.F.);
#437=ORIENTED_EDGE('',*,*,#1467,.T.);
#438=ORIENTED_EDGE('',*,*,#1468,.T.);
#439=ORIENTED_EDGE('',*,*,#1469,.T.);
#440=ORIENTED_EDGE('',*,*,#1470,.F.);
#441=ORIENTED_EDGE('',*,*,#1471,.T.);
#442=ORIENTED_EDGE('',*,*,#1466,.T.);
#443=ORIENTED_EDGE('',*,*,#1472,.T.);
#444=ORIENTED_EDGE('',*,*,#1473,.T.);
#445=ORIENTED_EDGE('',*,*,#1474,.T.);
#446=ORIENTED_EDGE('',*,*,#1475,.T.);
#447=ORIENTED_EDGE('',*,*,#1476,.T.);
#448=ORIENTED_EDGE('',*,*,#1477,.F.);
#449=ORIENTED_EDGE('',*,*,#1478,.T.);
#450=ORIENTED_EDGE('',*,*,#1470,.T.);
#451=ORIENTED_EDGE('',*,*,#1479,.T.);
#452=ORIENTED_EDGE('',*,*,#1457,.F.);
#453=ORIENTED_EDGE('',*,*,#1480,.T.);
#454=ORIENTED_EDGE('',*,*,#1477,.T.);
#455=ORIENTED_EDGE('',*,*,#1481,.T.);
#456=ORIENTED_EDGE('',*,*,#1482,.F.);
#457=ORIENTED_EDGE('',*,*,#1483,.T.);
#458=ORIENTED_EDGE('',*,*,#1455,.T.);
#459=ORIENTED_EDGE('',*,*,#1484,.T.);
#460=ORIENTED_EDGE('',*,*,#1485,.F.);
#461=ORIENTED_EDGE('',*,*,#1486,.T.);
#462=ORIENTED_EDGE('',*,*,#1482,.T.);
#463=ORIENTED_EDGE('',*,*,#1487,.T.);
#464=ORIENTED_EDGE('',*,*,#1488,.F.);
#465=ORIENTED_EDGE('',*,*,#1489,.T.);
#466=ORIENTED_EDGE('',*,*,#1485,.T.);
#467=ORIENTED_EDGE('',*,*,#1490,.T.);
#468=ORIENTED_EDGE('',*,*,#1491,.F.);
#469=ORIENTED_EDGE('',*,*,#1492,.T.);
#470=ORIENTED_EDGE('',*,*,#1488,.T.);
#471=ORIENTED_EDGE('',*,*,#1493,.T.);
#472=ORIENTED_EDGE('',*,*,#1494,.F.);
#473=ORIENTED_EDGE('',*,*,#1495,.T.);
#474=ORIENTED_EDGE('',*,*,#1491,.T.);
#475=ORIENTED_EDGE('',*,*,#1496,.T.);
#476=ORIENTED_EDGE('',*,*,#1497,.F.);
#477=ORIENTED_EDGE('',*,*,#1498,.T.);
#478=ORIENTED_EDGE('',*,*,#1494,.T.);
#479=ORIENTED_EDGE('',*,*,#1499,.T.);
#480=ORIENTED_EDGE('',*,*,#1500,.F.);
#481=ORIENTED_EDGE('',*,*,#1501,.T.);
#482=ORIENTED_EDGE('',*,*,#1497,.T.);
#483=ORIENTED_EDGE('',*,*,#1502,.T.);
#484=ORIENTED_EDGE('',*,*,#1503,.F.);
#485=ORIENTED_EDGE('',*,*,#1504,.T.);
#486=ORIENTED_EDGE('',*,*,#1500,.T.);
#487=ORIENTED_EDGE('',*,*,#1505,.T.);
#488=ORIENTED_EDGE('',*,*,#1506,.F.);
#489=ORIENTED_EDGE('',*,*,#1507,.T.);
#490=ORIENTED_EDGE('',*,*,#1503,.T.);
#491=ORIENTED_EDGE('',*,*,#1508,.T.);
#492=ORIENTED_EDGE('',*,*,#1509,.F.);
#493=ORIENTED_EDGE('',*,*,#1510,.T.);
#494=ORIENTED_EDGE('',*,*,#1506,.T.);
#495=ORIENTED_EDGE('',*,*,#1511,.T.);
#496=ORIENTED_EDGE('',*,*,#1512,.F.);
#497=ORIENTED_EDGE('',*,*,#1513,.T.);
#498=ORIENTED_EDGE('',*,*,#1509,.T.);
#499=ORIENTED_EDGE('',*,*,#1514,.T.);
#500=ORIENTED_EDGE('',*,*,#1515,.F.);
#501=ORIENTED_EDGE('',*,*,#1516,.T.);
#502=ORIENTED_EDGE('',*,*,#1512,.T.);
#503=ORIENTED_EDGE('',*,*,#1517,.T.);
#504=ORIENTED_EDGE('',*,*,#1518,.F.);
#505=ORIENTED_EDGE('',*,*,#1519,.T.);
#506=ORIENTED_EDGE('',*,*,#1515,.T.);
#507=ORIENTED_EDGE('',*,*,#1520,.T.);
#508=ORIENTED_EDGE('',*,*,#1521,.F.);
#509=ORIENTED_EDGE('',*,*,#1522,.T.);
#510=ORIENTED_EDGE('',*,*,#1518,.T.);
#511=ORIENTED_EDGE('',*,*,#1523,.T.);
#512=ORIENTED_EDGE('',*,*,#1524,.F.);
#513=ORIENTED_EDGE('',*,*,#1525,.T.);
#514=ORIENTED_EDGE('',*,*,#1521,.T.);
#515=ORIENTED_EDGE('',*,*,#1526,.T.);
#516=ORIENTED_EDGE('',*,*,#1527,.F.);
#517=ORIENTED_EDGE('',*,*,#1528,.T.);
#518=ORIENTED_EDGE('',*,*,#1524,.T.);
#519=ORIENTED_EDGE('',*,*,#1529,.T.);
#520=ORIENTED_EDGE('',*,*,#1530,.F.);
#521=ORIENTED_EDGE('',*,*,#1531,.T.);
#522=ORIENTED_EDGE('',*,*,#1527,.T.);
#523=ORIENTED_EDGE('',*,*,#1532,.T.);
#524=ORIENTED_EDGE('',*,*,#1533,.F.);
#525=ORIENTED_EDGE('',*,*,#1534,.T.);
#526=ORIENTED_EDGE('',*,*,#1530,.T.);
#527=ORIENTED_EDGE('',*,*,#1535,.T.);
#528=ORIENTED_EDGE('',*,*,#1536,.F.);
#529=ORIENTED_EDGE('',*,*,#1537,.T.);
#530=ORIENTED_EDGE('',*,*,#1533,.T.);
#531=ORIENTED_EDGE('',*,*,#1538,.T.);
#532=ORIENTED_EDGE('',*,*,#1539,.F.);
#533=ORIENTED_EDGE('',*,*,#1540,.T.);
#534=ORIENTED_EDGE('',*,*,#1536,.T.);
#535=ORIENTED_EDGE('',*,*,#1541,.T.);
#536=ORIENTED_EDGE('',*,*,#1542,.F.);
#537=ORIENTED_EDGE('',*,*,#1543,.T.);
#538=ORIENTED_EDGE('',*,*,#1539,.T.);
#539=ORIENTED_EDGE('',*,*,#1544,.T.);
#540=ORIENTED_EDGE('',*,*,#1545,.F.);
#541=ORIENTED_EDGE('',*,*,#1546,.T.);
#542=ORIENTED_EDGE('',*,*,#1542,.T.);
#543=ORIENTED_EDGE('',*,*,#1547,.T.);
#544=ORIENTED_EDGE('',*,*,#1548,.F.);
#545=ORIENTED_EDGE('',*,*,#1549,.T.);
#546=ORIENTED_EDGE('',*,*,#1545,.T.);
#547=ORIENTED_EDGE('',*,*,#1550,.T.);
#548=ORIENTED_EDGE('',*,*,#1551,.F.);
#549=ORIENTED_EDGE('',*,*,#1552,.T.);
#550=ORIENTED_EDGE('',*,*,#1548,.T.);
#551=ORIENTED_EDGE('',*,*,#1553,.T.);
#552=ORIENTED_EDGE('',*,*,#1554,.F.);
#553=ORIENTED_EDGE('',*,*,#1555,.T.);
#554=ORIENTED_EDGE('',*,*,#1551,.T.);
#555=ORIENTED_EDGE('',*,*,#1556,.T.);
#556=ORIENTED_EDGE('',*,*,#1557,.F.);
#557=ORIENTED_EDGE('',*,*,#1558,.T.);
#558=ORIENTED_EDGE('',*,*,#1554,.T.);
#559=ORIENTED_EDGE('',*,*,#1559,.T.);
#560=ORIENTED_EDGE('',*,*,#1560,.F.);
#561=ORIENTED_EDGE('',*,*,#1561,.T.);
#562=ORIENTED_EDGE('',*,*,#1557,.T.);
#563=ORIENTED_EDGE('',*,*,#1562,.T.);
#564=ORIENTED_EDGE('',*,*,#1563,.F.);
#565=ORIENTED_EDGE('',*,*,#1564,.T.);
#566=ORIENTED_EDGE('',*,*,#1560,.T.);
#567=ORIENTED_EDGE('',*,*,#1565,.T.);
#568=ORIENTED_EDGE('',*,*,#1566,.F.);
#569=ORIENTED_EDGE('',*,*,#1567,.T.);
#570=ORIENTED_EDGE('',*,*,#1563,.T.);
#571=ORIENTED_EDGE('',*,*,#1568,.T.);
#572=ORIENTED_EDGE('',*,*,#1569,.F.);
#573=ORIENTED_EDGE('',*,*,#1570,.T.);
#574=ORIENTED_EDGE('',*,*,#1566,.T.);
#575=ORIENTED_EDGE('',*,*,#1571,.T.);
#576=ORIENTED_EDGE('',*,*,#1572,.F.);
#577=ORIENTED_EDGE('',*,*,#1573,.T.);
#578=ORIENTED_EDGE('',*,*,#1569,.T.);
#579=ORIENTED_EDGE('',*,*,#1574,.T.);
#580=ORIENTED_EDGE('',*,*,#1575,.F.);
#581=ORIENTED_EDGE('',*,*,#1576,.T.);
#582=ORIENTED_EDGE('',*,*,#1572,.T.);
#583=ORIENTED_EDGE('',*,*,#1577,.T.);
#584=ORIENTED_EDGE('',*,*,#1578,.F.);
#585=ORIENTED_EDGE('',*,*,#1579,.T.);
#586=ORIENTED_EDGE('',*,*,#1575,.T.);
#587=ORIENTED_EDGE('',*,*,#1580,.T.);
#588=ORIENTED_EDGE('',*,*,#1581,.F.);
#589=ORIENTED_EDGE('',*,*,#1582,.T.);
#590=ORIENTED_EDGE('',*,*,#1578,.T.);
#591=ORIENTED_EDGE('',*,*,#1583,.T.);
#592=ORIENTED_EDGE('',*,*,#1584,.F.);
#593=ORIENTED_EDGE('',*,*,#1585,.T.);
#594=ORIENTED_EDGE('',*,*,#1581,.T.);
#595=ORIENTED_EDGE('',*,*,#1586,.T.);
#596=ORIENTED_EDGE('',*,*,#1587,.T.);
#597=ORIENTED_EDGE('',*,*,#1588,.F.);
#598=ORIENTED_EDGE('',*,*,#1468,.F.);
#599=ORIENTED_EDGE('',*,*,#1589,.T.);
#600=ORIENTED_EDGE('',*,*,#1584,.T.);
#601=ORIENTED_EDGE('',*,*,#1590,.T.);
#602=ORIENTED_EDGE('',*,*,#1591,.F.);
#603=ORIENTED_EDGE('',*,*,#1592,.F.);
#604=ORIENTED_EDGE('',*,*,#1593,.T.);
#605=ORIENTED_EDGE('',*,*,#1594,.F.);
#606=ORIENTED_EDGE('',*,*,#1595,.T.);
#607=ORIENTED_EDGE('',*,*,#1596,.F.);
#608=ORIENTED_EDGE('',*,*,#1597,.F.);
#609=ORIENTED_EDGE('',*,*,#1598,.F.);
#610=ORIENTED_EDGE('',*,*,#1599,.F.);
#611=ORIENTED_EDGE('',*,*,#1600,.F.);
#612=ORIENTED_EDGE('',*,*,#1601,.T.);
#613=ORIENTED_EDGE('',*,*,#1602,.F.);
#614=ORIENTED_EDGE('',*,*,#1603,.F.);
#615=ORIENTED_EDGE('',*,*,#1604,.F.);
#616=ORIENTED_EDGE('',*,*,#1605,.F.);
#617=ORIENTED_EDGE('',*,*,#1606,.F.);
#618=ORIENTED_EDGE('',*,*,#1607,.T.);
#619=ORIENTED_EDGE('',*,*,#1608,.F.);
#620=ORIENTED_EDGE('',*,*,#1609,.T.);
#621=ORIENTED_EDGE('',*,*,#1610,.F.);
#622=ORIENTED_EDGE('',*,*,#1611,.T.);
#623=ORIENTED_EDGE('',*,*,#1459,.F.);
#624=ORIENTED_EDGE('',*,*,#1612,.F.);
#625=ORIENTED_EDGE('',*,*,#1463,.F.);
#626=ORIENTED_EDGE('',*,*,#1613,.F.);
#627=ORIENTED_EDGE('',*,*,#1614,.F.);
#628=ORIENTED_EDGE('',*,*,#1615,.T.);
#629=ORIENTED_EDGE('',*,*,#1616,.F.);
#630=ORIENTED_EDGE('',*,*,#1617,.F.);
#631=ORIENTED_EDGE('',*,*,#1618,.F.);
#632=ORIENTED_EDGE('',*,*,#1619,.T.);
#633=ORIENTED_EDGE('',*,*,#1620,.F.);
#634=ORIENTED_EDGE('',*,*,#1621,.F.);
#635=ORIENTED_EDGE('',*,*,#1622,.F.);
#636=ORIENTED_EDGE('',*,*,#1623,.T.);
#637=ORIENTED_EDGE('',*,*,#1624,.F.);
#638=ORIENTED_EDGE('',*,*,#1625,.T.);
#639=ORIENTED_EDGE('',*,*,#1626,.F.);
#640=ORIENTED_EDGE('',*,*,#1627,.F.);
#641=ORIENTED_EDGE('',*,*,#1628,.F.);
#642=ORIENTED_EDGE('',*,*,#1629,.T.);
#643=ORIENTED_EDGE('',*,*,#1630,.F.);
#644=ORIENTED_EDGE('',*,*,#1631,.F.);
#645=ORIENTED_EDGE('',*,*,#1632,.F.);
#646=ORIENTED_EDGE('',*,*,#1633,.T.);
#647=ORIENTED_EDGE('',*,*,#1634,.F.);
#648=ORIENTED_EDGE('',*,*,#1635,.T.);
#649=ORIENTED_EDGE('',*,*,#1636,.F.);
#650=ORIENTED_EDGE('',*,*,#1637,.T.);
#651=ORIENTED_EDGE('',*,*,#1638,.F.);
#652=ORIENTED_EDGE('',*,*,#1639,.F.);
#653=ORIENTED_EDGE('',*,*,#1640,.F.);
#654=ORIENTED_EDGE('',*,*,#1641,.T.);
#655=ORIENTED_EDGE('',*,*,#1642,.F.);
#656=ORIENTED_EDGE('',*,*,#1643,.T.);
#657=ORIENTED_EDGE('',*,*,#1644,.F.);
#658=ORIENTED_EDGE('',*,*,#1645,.F.);
#659=ORIENTED_EDGE('',*,*,#1646,.F.);
#660=ORIENTED_EDGE('',*,*,#1647,.F.);
#661=ORIENTED_EDGE('',*,*,#1648,.F.);
#662=ORIENTED_EDGE('',*,*,#1587,.F.);
#663=ORIENTED_EDGE('',*,*,#1649,.T.);
#664=ORIENTED_EDGE('',*,*,#1650,.T.);
#665=ORIENTED_EDGE('',*,*,#1651,.T.);
#666=ORIENTED_EDGE('',*,*,#1652,.T.);
#667=ORIENTED_EDGE('',*,*,#1653,.T.);
#668=ORIENTED_EDGE('',*,*,#1654,.T.);
#669=ORIENTED_EDGE('',*,*,#1655,.T.);
#670=ORIENTED_EDGE('',*,*,#1656,.T.);
#671=ORIENTED_EDGE('',*,*,#1657,.T.);
#672=ORIENTED_EDGE('',*,*,#1658,.T.);
#673=ORIENTED_EDGE('',*,*,#1659,.T.);
#674=ORIENTED_EDGE('',*,*,#1660,.T.);
#675=ORIENTED_EDGE('',*,*,#1661,.T.);
#676=ORIENTED_EDGE('',*,*,#1662,.T.);
#677=ORIENTED_EDGE('',*,*,#1663,.T.);
#678=ORIENTED_EDGE('',*,*,#1664,.T.);
#679=ORIENTED_EDGE('',*,*,#1665,.T.);
#680=ORIENTED_EDGE('',*,*,#1666,.T.);
#681=ORIENTED_EDGE('',*,*,#1667,.T.);
#682=ORIENTED_EDGE('',*,*,#1668,.T.);
#683=ORIENTED_EDGE('',*,*,#1669,.T.);
#684=ORIENTED_EDGE('',*,*,#1670,.T.);
#685=ORIENTED_EDGE('',*,*,#1671,.T.);
#686=ORIENTED_EDGE('',*,*,#1672,.T.);
#687=ORIENTED_EDGE('',*,*,#1673,.T.);
#688=ORIENTED_EDGE('',*,*,#1674,.T.);
#689=ORIENTED_EDGE('',*,*,#1675,.T.);
#690=ORIENTED_EDGE('',*,*,#1676,.T.);
#691=ORIENTED_EDGE('',*,*,#1677,.T.);
#692=ORIENTED_EDGE('',*,*,#1678,.T.);
#693=ORIENTED_EDGE('',*,*,#1679,.T.);
#694=ORIENTED_EDGE('',*,*,#1680,.T.);
#695=ORIENTED_EDGE('',*,*,#1681,.T.);
#696=ORIENTED_EDGE('',*,*,#1682,.T.);
#697=ORIENTED_EDGE('',*,*,#1683,.T.);
#698=ORIENTED_EDGE('',*,*,#1684,.T.);
#699=ORIENTED_EDGE('',*,*,#1685,.T.);
#700=ORIENTED_EDGE('',*,*,#1686,.T.);
#701=ORIENTED_EDGE('',*,*,#1687,.T.);
#702=ORIENTED_EDGE('',*,*,#1688,.T.);
#703=ORIENTED_EDGE('',*,*,#1689,.T.);
#704=ORIENTED_EDGE('',*,*,#1588,.T.);
#705=ORIENTED_EDGE('',*,*,#1690,.T.);
#706=ORIENTED_EDGE('',*,*,#1691,.T.);
#707=ORIENTED_EDGE('',*,*,#1692,.F.);
#708=ORIENTED_EDGE('',*,*,#1648,.T.);
#709=ORIENTED_EDGE('',*,*,#1690,.F.);
#710=ORIENTED_EDGE('',*,*,#1692,.T.);
#711=ORIENTED_EDGE('',*,*,#1691,.F.);
#712=ORIENTED_EDGE('',*,*,#1693,.T.);
#713=ORIENTED_EDGE('',*,*,#1694,.T.);
#714=ORIENTED_EDGE('',*,*,#1695,.F.);
#715=ORIENTED_EDGE('',*,*,#1647,.T.);
#716=ORIENTED_EDGE('',*,*,#1693,.F.);
#717=ORIENTED_EDGE('',*,*,#1695,.T.);
#718=ORIENTED_EDGE('',*,*,#1694,.F.);
#719=ORIENTED_EDGE('',*,*,#1696,.T.);
#720=ORIENTED_EDGE('',*,*,#1697,.T.);
#721=ORIENTED_EDGE('',*,*,#1698,.F.);
#722=ORIENTED_EDGE('',*,*,#1646,.T.);
#723=ORIENTED_EDGE('',*,*,#1696,.F.);
#724=ORIENTED_EDGE('',*,*,#1698,.T.);
#725=ORIENTED_EDGE('',*,*,#1697,.F.);
#726=ORIENTED_EDGE('',*,*,#1699,.T.);
#727=ORIENTED_EDGE('',*,*,#1700,.T.);
#728=ORIENTED_EDGE('',*,*,#1701,.F.);
#729=ORIENTED_EDGE('',*,*,#1645,.T.);
#730=ORIENTED_EDGE('',*,*,#1699,.F.);
#731=ORIENTED_EDGE('',*,*,#1701,.T.);
#732=ORIENTED_EDGE('',*,*,#1700,.F.);
#733=ORIENTED_EDGE('',*,*,#1702,.F.);
#734=ORIENTED_EDGE('',*,*,#1703,.F.);
#735=ORIENTED_EDGE('',*,*,#1704,.T.);
#736=ORIENTED_EDGE('',*,*,#1634,.T.);
#737=ORIENTED_EDGE('',*,*,#1705,.F.);
#738=ORIENTED_EDGE('',*,*,#1706,.F.);
#739=ORIENTED_EDGE('',*,*,#1707,.T.);
#740=ORIENTED_EDGE('',*,*,#1592,.T.);
#741=ORIENTED_EDGE('',*,*,#1708,.F.);
#742=ORIENTED_EDGE('',*,*,#1709,.F.);
#743=ORIENTED_EDGE('',*,*,#1710,.T.);
#744=ORIENTED_EDGE('',*,*,#1640,.T.);
#745=ORIENTED_EDGE('',*,*,#1711,.F.);
#746=ORIENTED_EDGE('',*,*,#1712,.T.);
#747=ORIENTED_EDGE('',*,*,#1708,.T.);
#748=ORIENTED_EDGE('',*,*,#1591,.T.);
#749=ORIENTED_EDGE('',*,*,#1713,.F.);
#750=ORIENTED_EDGE('',*,*,#1714,.T.);
#751=ORIENTED_EDGE('',*,*,#1711,.T.);
#752=ORIENTED_EDGE('',*,*,#1644,.T.);
#753=ORIENTED_EDGE('',*,*,#1715,.F.);
#754=ORIENTED_EDGE('',*,*,#1713,.T.);
#755=ORIENTED_EDGE('',*,*,#1643,.F.);
#756=ORIENTED_EDGE('',*,*,#1716,.F.);
#757=ORIENTED_EDGE('',*,*,#1717,.F.);
#758=ORIENTED_EDGE('',*,*,#1718,.T.);
#759=ORIENTED_EDGE('',*,*,#1716,.T.);
#760=ORIENTED_EDGE('',*,*,#1642,.T.);
#761=ORIENTED_EDGE('',*,*,#1719,.F.);
#762=ORIENTED_EDGE('',*,*,#1717,.T.);
#763=ORIENTED_EDGE('',*,*,#1641,.F.);
#764=ORIENTED_EDGE('',*,*,#1710,.F.);
#765=ORIENTED_EDGE('',*,*,#1720,.F.);
#766=ORIENTED_EDGE('',*,*,#1721,.T.);
#767=ORIENTED_EDGE('',*,*,#1702,.T.);
#768=ORIENTED_EDGE('',*,*,#1639,.T.);
#769=ORIENTED_EDGE('',*,*,#1722,.F.);
#770=ORIENTED_EDGE('',*,*,#1723,.T.);
#771=ORIENTED_EDGE('',*,*,#1720,.T.);
#772=ORIENTED_EDGE('',*,*,#1638,.T.);
#773=ORIENTED_EDGE('',*,*,#1724,.F.);
#774=ORIENTED_EDGE('',*,*,#1722,.T.);
#775=ORIENTED_EDGE('',*,*,#1637,.F.);
#776=ORIENTED_EDGE('',*,*,#1725,.F.);
#777=ORIENTED_EDGE('',*,*,#1726,.F.);
#778=ORIENTED_EDGE('',*,*,#1727,.T.);
#779=ORIENTED_EDGE('',*,*,#1725,.T.);
#780=ORIENTED_EDGE('',*,*,#1636,.T.);
#781=ORIENTED_EDGE('',*,*,#1728,.F.);
#782=ORIENTED_EDGE('',*,*,#1726,.T.);
#783=ORIENTED_EDGE('',*,*,#1635,.F.);
#784=ORIENTED_EDGE('',*,*,#1704,.F.);
#785=ORIENTED_EDGE('',*,*,#1633,.F.);
#786=ORIENTED_EDGE('',*,*,#1729,.F.);
#787=ORIENTED_EDGE('',*,*,#1730,.T.);
#788=ORIENTED_EDGE('',*,*,#1705,.T.);
#789=ORIENTED_EDGE('',*,*,#1632,.T.);
#790=ORIENTED_EDGE('',*,*,#1731,.F.);
#791=ORIENTED_EDGE('',*,*,#1732,.F.);
#792=ORIENTED_EDGE('',*,*,#1729,.T.);
#793=ORIENTED_EDGE('',*,*,#1631,.T.);
#794=ORIENTED_EDGE('',*,*,#1733,.F.);
#795=ORIENTED_EDGE('',*,*,#1734,.F.);
#796=ORIENTED_EDGE('',*,*,#1731,.T.);
#797=ORIENTED_EDGE('',*,*,#1630,.T.);
#798=ORIENTED_EDGE('',*,*,#1735,.F.);
#799=ORIENTED_EDGE('',*,*,#1736,.F.);
#800=ORIENTED_EDGE('',*,*,#1733,.T.);
#801=ORIENTED_EDGE('',*,*,#1629,.F.);
#802=ORIENTED_EDGE('',*,*,#1737,.F.);
#803=ORIENTED_EDGE('',*,*,#1738,.T.);
#804=ORIENTED_EDGE('',*,*,#1735,.T.);
#805=ORIENTED_EDGE('',*,*,#1628,.T.);
#806=ORIENTED_EDGE('',*,*,#1739,.F.);
#807=ORIENTED_EDGE('',*,*,#1740,.F.);
#808=ORIENTED_EDGE('',*,*,#1737,.T.);
#809=ORIENTED_EDGE('',*,*,#1627,.T.);
#810=ORIENTED_EDGE('',*,*,#1741,.F.);
#811=ORIENTED_EDGE('',*,*,#1742,.F.);
#812=ORIENTED_EDGE('',*,*,#1739,.T.);
#813=ORIENTED_EDGE('',*,*,#1626,.T.);
#814=ORIENTED_EDGE('',*,*,#1743,.F.);
#815=ORIENTED_EDGE('',*,*,#1744,.F.);
#816=ORIENTED_EDGE('',*,*,#1741,.T.);
#817=ORIENTED_EDGE('',*,*,#1625,.F.);
#818=ORIENTED_EDGE('',*,*,#1745,.F.);
#819=ORIENTED_EDGE('',*,*,#1746,.T.);
#820=ORIENTED_EDGE('',*,*,#1743,.T.);
#821=ORIENTED_EDGE('',*,*,#1624,.T.);
#822=ORIENTED_EDGE('',*,*,#1747,.F.);
#823=ORIENTED_EDGE('',*,*,#1748,.F.);
#824=ORIENTED_EDGE('',*,*,#1745,.T.);
#825=ORIENTED_EDGE('',*,*,#1623,.F.);
#826=ORIENTED_EDGE('',*,*,#1749,.F.);
#827=ORIENTED_EDGE('',*,*,#1750,.T.);
#828=ORIENTED_EDGE('',*,*,#1747,.T.);
#829=ORIENTED_EDGE('',*,*,#1622,.T.);
#830=ORIENTED_EDGE('',*,*,#1751,.F.);
#831=ORIENTED_EDGE('',*,*,#1752,.F.);
#832=ORIENTED_EDGE('',*,*,#1749,.T.);
#833=ORIENTED_EDGE('',*,*,#1621,.T.);
#834=ORIENTED_EDGE('',*,*,#1753,.F.);
#835=ORIENTED_EDGE('',*,*,#1754,.F.);
#836=ORIENTED_EDGE('',*,*,#1751,.T.);
#837=ORIENTED_EDGE('',*,*,#1620,.T.);
#838=ORIENTED_EDGE('',*,*,#1755,.F.);
#839=ORIENTED_EDGE('',*,*,#1756,.F.);
#840=ORIENTED_EDGE('',*,*,#1753,.T.);
#841=ORIENTED_EDGE('',*,*,#1619,.F.);
#842=ORIENTED_EDGE('',*,*,#1757,.F.);
#843=ORIENTED_EDGE('',*,*,#1758,.T.);
#844=ORIENTED_EDGE('',*,*,#1755,.T.);
#845=ORIENTED_EDGE('',*,*,#1618,.T.);
#846=ORIENTED_EDGE('',*,*,#1759,.F.);
#847=ORIENTED_EDGE('',*,*,#1760,.F.);
#848=ORIENTED_EDGE('',*,*,#1757,.T.);
#849=ORIENTED_EDGE('',*,*,#1617,.T.);
#850=ORIENTED_EDGE('',*,*,#1761,.F.);
#851=ORIENTED_EDGE('',*,*,#1762,.F.);
#852=ORIENTED_EDGE('',*,*,#1759,.T.);
#853=ORIENTED_EDGE('',*,*,#1616,.T.);
#854=ORIENTED_EDGE('',*,*,#1763,.F.);
#855=ORIENTED_EDGE('',*,*,#1764,.F.);
#856=ORIENTED_EDGE('',*,*,#1761,.T.);
#857=ORIENTED_EDGE('',*,*,#1615,.F.);
#858=ORIENTED_EDGE('',*,*,#1765,.F.);
#859=ORIENTED_EDGE('',*,*,#1766,.T.);
#860=ORIENTED_EDGE('',*,*,#1763,.T.);
#861=ORIENTED_EDGE('',*,*,#1614,.T.);
#862=ORIENTED_EDGE('',*,*,#1767,.F.);
#863=ORIENTED_EDGE('',*,*,#1768,.F.);
#864=ORIENTED_EDGE('',*,*,#1765,.T.);
#865=ORIENTED_EDGE('',*,*,#1613,.T.);
#866=ORIENTED_EDGE('',*,*,#1462,.F.);
#867=ORIENTED_EDGE('',*,*,#1769,.F.);
#868=ORIENTED_EDGE('',*,*,#1767,.T.);
#869=ORIENTED_EDGE('',*,*,#1611,.F.);
#870=ORIENTED_EDGE('',*,*,#1770,.F.);
#871=ORIENTED_EDGE('',*,*,#1771,.T.);
#872=ORIENTED_EDGE('',*,*,#1460,.T.);
#873=ORIENTED_EDGE('',*,*,#1772,.F.);
#874=ORIENTED_EDGE('',*,*,#1773,.F.);
#875=ORIENTED_EDGE('',*,*,#1774,.F.);
#876=ORIENTED_EDGE('',*,*,#1775,.T.);
#877=ORIENTED_EDGE('',*,*,#1610,.T.);
#878=ORIENTED_EDGE('',*,*,#1776,.F.);
#879=ORIENTED_EDGE('',*,*,#1777,.F.);
#880=ORIENTED_EDGE('',*,*,#1770,.T.);
#881=ORIENTED_EDGE('',*,*,#1609,.F.);
#882=ORIENTED_EDGE('',*,*,#1778,.F.);
#883=ORIENTED_EDGE('',*,*,#1779,.T.);
#884=ORIENTED_EDGE('',*,*,#1776,.T.);
#885=ORIENTED_EDGE('',*,*,#1608,.T.);
#886=ORIENTED_EDGE('',*,*,#1780,.F.);
#887=ORIENTED_EDGE('',*,*,#1781,.F.);
#888=ORIENTED_EDGE('',*,*,#1778,.T.);
#889=ORIENTED_EDGE('',*,*,#1607,.F.);
#890=ORIENTED_EDGE('',*,*,#1782,.F.);
#891=ORIENTED_EDGE('',*,*,#1783,.T.);
#892=ORIENTED_EDGE('',*,*,#1780,.T.);
#893=ORIENTED_EDGE('',*,*,#1606,.T.);
#894=ORIENTED_EDGE('',*,*,#1784,.F.);
#895=ORIENTED_EDGE('',*,*,#1785,.F.);
#896=ORIENTED_EDGE('',*,*,#1782,.T.);
#897=ORIENTED_EDGE('',*,*,#1605,.T.);
#898=ORIENTED_EDGE('',*,*,#1786,.F.);
#899=ORIENTED_EDGE('',*,*,#1787,.F.);
#900=ORIENTED_EDGE('',*,*,#1784,.T.);
#901=ORIENTED_EDGE('',*,*,#1604,.T.);
#902=ORIENTED_EDGE('',*,*,#1788,.F.);
#903=ORIENTED_EDGE('',*,*,#1789,.F.);
#904=ORIENTED_EDGE('',*,*,#1786,.T.);
#905=ORIENTED_EDGE('',*,*,#1603,.T.);
#906=ORIENTED_EDGE('',*,*,#1790,.F.);
#907=ORIENTED_EDGE('',*,*,#1791,.F.);
#908=ORIENTED_EDGE('',*,*,#1788,.T.);
#909=ORIENTED_EDGE('',*,*,#1602,.T.);
#910=ORIENTED_EDGE('',*,*,#1792,.F.);
#911=ORIENTED_EDGE('',*,*,#1793,.F.);
#912=ORIENTED_EDGE('',*,*,#1790,.T.);
#913=ORIENTED_EDGE('',*,*,#1601,.F.);
#914=ORIENTED_EDGE('',*,*,#1794,.F.);
#915=ORIENTED_EDGE('',*,*,#1795,.T.);
#916=ORIENTED_EDGE('',*,*,#1792,.T.);
#917=ORIENTED_EDGE('',*,*,#1600,.T.);
#918=ORIENTED_EDGE('',*,*,#1796,.F.);
#919=ORIENTED_EDGE('',*,*,#1797,.F.);
#920=ORIENTED_EDGE('',*,*,#1794,.T.);
#921=ORIENTED_EDGE('',*,*,#1599,.T.);
#922=ORIENTED_EDGE('',*,*,#1798,.F.);
#923=ORIENTED_EDGE('',*,*,#1799,.F.);
#924=ORIENTED_EDGE('',*,*,#1796,.T.);
#925=ORIENTED_EDGE('',*,*,#1598,.T.);
#926=ORIENTED_EDGE('',*,*,#1800,.F.);
#927=ORIENTED_EDGE('',*,*,#1801,.F.);
#928=ORIENTED_EDGE('',*,*,#1798,.T.);
#929=ORIENTED_EDGE('',*,*,#1597,.T.);
#930=ORIENTED_EDGE('',*,*,#1802,.F.);
#931=ORIENTED_EDGE('',*,*,#1803,.F.);
#932=ORIENTED_EDGE('',*,*,#1800,.T.);
#933=ORIENTED_EDGE('',*,*,#1596,.T.);
#934=ORIENTED_EDGE('',*,*,#1804,.F.);
#935=ORIENTED_EDGE('',*,*,#1805,.F.);
#936=ORIENTED_EDGE('',*,*,#1802,.T.);
#937=ORIENTED_EDGE('',*,*,#1595,.F.);
#938=ORIENTED_EDGE('',*,*,#1806,.F.);
#939=ORIENTED_EDGE('',*,*,#1807,.T.);
#940=ORIENTED_EDGE('',*,*,#1804,.T.);
#941=ORIENTED_EDGE('',*,*,#1594,.T.);
#942=ORIENTED_EDGE('',*,*,#1808,.F.);
#943=ORIENTED_EDGE('',*,*,#1809,.F.);
#944=ORIENTED_EDGE('',*,*,#1806,.T.);
#945=ORIENTED_EDGE('',*,*,#1593,.F.);
#946=ORIENTED_EDGE('',*,*,#1707,.F.);
#947=ORIENTED_EDGE('',*,*,#1810,.T.);
#948=ORIENTED_EDGE('',*,*,#1808,.T.);
#949=ORIENTED_EDGE('',*,*,#1811,.T.);
#950=ORIENTED_EDGE('',*,*,#1812,.T.);
#951=ORIENTED_EDGE('',*,*,#1813,.T.);
#952=ORIENTED_EDGE('',*,*,#1814,.T.);
#953=ORIENTED_EDGE('',*,*,#1815,.T.);
#954=ORIENTED_EDGE('',*,*,#1816,.T.);
#955=ORIENTED_EDGE('',*,*,#1817,.T.);
#956=ORIENTED_EDGE('',*,*,#1818,.T.);
#957=ORIENTED_EDGE('',*,*,#1819,.T.);
#958=ORIENTED_EDGE('',*,*,#1820,.T.);
#959=ORIENTED_EDGE('',*,*,#1821,.T.);
#960=ORIENTED_EDGE('',*,*,#1822,.T.);
#961=ORIENTED_EDGE('',*,*,#1823,.T.);
#962=ORIENTED_EDGE('',*,*,#1824,.T.);
#963=ORIENTED_EDGE('',*,*,#1825,.T.);
#964=ORIENTED_EDGE('',*,*,#1826,.T.);
#965=ORIENTED_EDGE('',*,*,#1827,.T.);
#966=ORIENTED_EDGE('',*,*,#1828,.T.);
#967=ORIENTED_EDGE('',*,*,#1829,.T.);
#968=ORIENTED_EDGE('',*,*,#1830,.T.);
#969=ORIENTED_EDGE('',*,*,#1831,.T.);
#970=ORIENTED_EDGE('',*,*,#1832,.T.);
#971=ORIENTED_EDGE('',*,*,#1833,.T.);
#972=ORIENTED_EDGE('',*,*,#1834,.T.);
#973=ORIENTED_EDGE('',*,*,#1835,.T.);
#974=ORIENTED_EDGE('',*,*,#1836,.T.);
#975=ORIENTED_EDGE('',*,*,#1837,.T.);
#976=ORIENTED_EDGE('',*,*,#1838,.T.);
#977=ORIENTED_EDGE('',*,*,#1839,.T.);
#978=ORIENTED_EDGE('',*,*,#1840,.T.);
#979=ORIENTED_EDGE('',*,*,#1841,.T.);
#980=ORIENTED_EDGE('',*,*,#1842,.T.);
#981=ORIENTED_EDGE('',*,*,#1843,.T.);
#982=ORIENTED_EDGE('',*,*,#1844,.T.);
#983=ORIENTED_EDGE('',*,*,#1845,.T.);
#984=ORIENTED_EDGE('',*,*,#1846,.T.);
#985=ORIENTED_EDGE('',*,*,#1847,.T.);
#986=ORIENTED_EDGE('',*,*,#1848,.T.);
#987=ORIENTED_EDGE('',*,*,#1849,.T.);
#988=ORIENTED_EDGE('',*,*,#1850,.T.);
#989=ORIENTED_EDGE('',*,*,#1851,.T.);
#990=ORIENTED_EDGE('',*,*,#1779,.F.);
#991=ORIENTED_EDGE('',*,*,#1781,.T.);
#992=ORIENTED_EDGE('',*,*,#1783,.F.);
#993=ORIENTED_EDGE('',*,*,#1785,.T.);
#994=ORIENTED_EDGE('',*,*,#1787,.T.);
#995=ORIENTED_EDGE('',*,*,#1789,.T.);
#996=ORIENTED_EDGE('',*,*,#1791,.T.);
#997=ORIENTED_EDGE('',*,*,#1793,.T.);
#998=ORIENTED_EDGE('',*,*,#1795,.F.);
#999=ORIENTED_EDGE('',*,*,#1797,.T.);
#1000=ORIENTED_EDGE('',*,*,#1799,.T.);
#1001=ORIENTED_EDGE('',*,*,#1801,.T.);
#1002=ORIENTED_EDGE('',*,*,#1803,.T.);
#1003=ORIENTED_EDGE('',*,*,#1805,.T.);
#1004=ORIENTED_EDGE('',*,*,#1807,.F.);
#1005=ORIENTED_EDGE('',*,*,#1809,.T.);
#1006=ORIENTED_EDGE('',*,*,#1810,.F.);
#1007=ORIENTED_EDGE('',*,*,#1706,.T.);
#1008=ORIENTED_EDGE('',*,*,#1730,.F.);
#1009=ORIENTED_EDGE('',*,*,#1732,.T.);
#1010=ORIENTED_EDGE('',*,*,#1734,.T.);
#1011=ORIENTED_EDGE('',*,*,#1736,.T.);
#1012=ORIENTED_EDGE('',*,*,#1738,.F.);
#1013=ORIENTED_EDGE('',*,*,#1740,.T.);
#1014=ORIENTED_EDGE('',*,*,#1742,.T.);
#1015=ORIENTED_EDGE('',*,*,#1744,.T.);
#1016=ORIENTED_EDGE('',*,*,#1746,.F.);
#1017=ORIENTED_EDGE('',*,*,#1748,.T.);
#1018=ORIENTED_EDGE('',*,*,#1750,.F.);
#1019=ORIENTED_EDGE('',*,*,#1752,.T.);
#1020=ORIENTED_EDGE('',*,*,#1754,.T.);
#1021=ORIENTED_EDGE('',*,*,#1756,.T.);
#1022=ORIENTED_EDGE('',*,*,#1758,.F.);
#1023=ORIENTED_EDGE('',*,*,#1760,.T.);
#1024=ORIENTED_EDGE('',*,*,#1762,.T.);
#1025=ORIENTED_EDGE('',*,*,#1764,.T.);
#1026=ORIENTED_EDGE('',*,*,#1766,.F.);
#1027=ORIENTED_EDGE('',*,*,#1768,.T.);
#1028=ORIENTED_EDGE('',*,*,#1769,.T.);
#1029=ORIENTED_EDGE('',*,*,#1461,.T.);
#1030=ORIENTED_EDGE('',*,*,#1771,.F.);
#1031=ORIENTED_EDGE('',*,*,#1777,.T.);
#1032=ORIENTED_EDGE('',*,*,#1728,.T.);
#1033=ORIENTED_EDGE('',*,*,#1703,.T.);
#1034=ORIENTED_EDGE('',*,*,#1721,.F.);
#1035=ORIENTED_EDGE('',*,*,#1723,.F.);
#1036=ORIENTED_EDGE('',*,*,#1724,.T.);
#1037=ORIENTED_EDGE('',*,*,#1727,.F.);
#1038=ORIENTED_EDGE('',*,*,#1719,.T.);
#1039=ORIENTED_EDGE('',*,*,#1709,.T.);
#1040=ORIENTED_EDGE('',*,*,#1712,.F.);
#1041=ORIENTED_EDGE('',*,*,#1714,.F.);
#1042=ORIENTED_EDGE('',*,*,#1715,.T.);
#1043=ORIENTED_EDGE('',*,*,#1718,.F.);
#1044=ORIENTED_EDGE('',*,*,#1612,.T.);
#1045=ORIENTED_EDGE('',*,*,#1852,.F.);
#1046=ORIENTED_EDGE('',*,*,#1853,.T.);
#1047=ORIENTED_EDGE('',*,*,#1854,.F.);
#1048=ORIENTED_EDGE('',*,*,#1855,.T.);
#1049=ORIENTED_EDGE('',*,*,#1856,.T.);
#1050=ORIENTED_EDGE('',*,*,#1857,.T.);
#1051=ORIENTED_EDGE('',*,*,#1858,.F.);
#1052=ORIENTED_EDGE('',*,*,#1852,.T.);
#1053=ORIENTED_EDGE('',*,*,#1458,.T.);
#1054=ORIENTED_EDGE('',*,*,#1859,.T.);
#1055=ORIENTED_EDGE('',*,*,#1860,.T.);
#1056=ORIENTED_EDGE('',*,*,#1855,.F.);
#1057=ORIENTED_EDGE('',*,*,#1465,.F.);
#1058=ORIENTED_EDGE('',*,*,#1861,.T.);
#1059=ORIENTED_EDGE('',*,*,#1862,.T.);
#1060=ORIENTED_EDGE('',*,*,#1863,.T.);
#1061=ORIENTED_EDGE('',*,*,#1859,.F.);
#1062=ORIENTED_EDGE('',*,*,#1464,.T.);
#1063=ORIENTED_EDGE('',*,*,#1854,.T.);
#1064=ORIENTED_EDGE('',*,*,#1858,.T.);
#1065=ORIENTED_EDGE('',*,*,#1864,.F.);
#1066=ORIENTED_EDGE('',*,*,#1861,.F.);
#1067=ORIENTED_EDGE('',*,*,#1853,.F.);
#1068=ORIENTED_EDGE('',*,*,#1865,.T.);
#1069=ORIENTED_EDGE('',*,*,#1866,.T.);
#1070=ORIENTED_EDGE('',*,*,#1867,.F.);
#1071=ORIENTED_EDGE('',*,*,#1772,.T.);
#1072=ORIENTED_EDGE('',*,*,#1868,.T.);
#1073=ORIENTED_EDGE('',*,*,#1869,.T.);
#1074=ORIENTED_EDGE('',*,*,#1865,.F.);
#1075=ORIENTED_EDGE('',*,*,#1775,.F.);
#1076=ORIENTED_EDGE('',*,*,#1870,.T.);
#1077=ORIENTED_EDGE('',*,*,#1871,.T.);
#1078=ORIENTED_EDGE('',*,*,#1868,.F.);
#1079=ORIENTED_EDGE('',*,*,#1774,.T.);
#1080=ORIENTED_EDGE('',*,*,#1867,.T.);
#1081=ORIENTED_EDGE('',*,*,#1872,.T.);
#1082=ORIENTED_EDGE('',*,*,#1870,.F.);
#1083=ORIENTED_EDGE('',*,*,#1773,.T.);
#1084=ORIENTED_EDGE('',*,*,#1873,.F.);
#1085=ORIENTED_EDGE('',*,*,#1513,.F.);
#1086=ORIENTED_EDGE('',*,*,#1874,.F.);
#1087=ORIENTED_EDGE('',*,*,#1832,.F.);
#1088=ORIENTED_EDGE('',*,*,#1874,.T.);
#1089=ORIENTED_EDGE('',*,*,#1516,.F.);
#1090=ORIENTED_EDGE('',*,*,#1875,.F.);
#1091=ORIENTED_EDGE('',*,*,#1833,.F.);
#1092=ORIENTED_EDGE('',*,*,#1873,.T.);
#1093=ORIENTED_EDGE('',*,*,#1831,.F.);
#1094=ORIENTED_EDGE('',*,*,#1876,.F.);
#1095=ORIENTED_EDGE('',*,*,#1510,.F.);
#1096=ORIENTED_EDGE('',*,*,#1875,.T.);
#1097=ORIENTED_EDGE('',*,*,#1519,.F.);
#1098=ORIENTED_EDGE('',*,*,#1877,.F.);
#1099=ORIENTED_EDGE('',*,*,#1834,.F.);
#1100=ORIENTED_EDGE('',*,*,#1876,.T.);
#1101=ORIENTED_EDGE('',*,*,#1830,.F.);
#1102=ORIENTED_EDGE('',*,*,#1878,.F.);
#1103=ORIENTED_EDGE('',*,*,#1507,.F.);
#1104=ORIENTED_EDGE('',*,*,#1877,.T.);
#1105=ORIENTED_EDGE('',*,*,#1522,.F.);
#1106=ORIENTED_EDGE('',*,*,#1879,.F.);
#1107=ORIENTED_EDGE('',*,*,#1835,.F.);
#1108=ORIENTED_EDGE('',*,*,#1878,.T.);
#1109=ORIENTED_EDGE('',*,*,#1829,.F.);
#1110=ORIENTED_EDGE('',*,*,#1880,.F.);
#1111=ORIENTED_EDGE('',*,*,#1504,.F.);
#1112=ORIENTED_EDGE('',*,*,#1879,.T.);
#1113=ORIENTED_EDGE('',*,*,#1525,.F.);
#1114=ORIENTED_EDGE('',*,*,#1881,.F.);
#1115=ORIENTED_EDGE('',*,*,#1836,.F.);
#1116=ORIENTED_EDGE('',*,*,#1880,.T.);
#1117=ORIENTED_EDGE('',*,*,#1828,.F.);
#1118=ORIENTED_EDGE('',*,*,#1882,.F.);
#1119=ORIENTED_EDGE('',*,*,#1501,.F.);
#1120=ORIENTED_EDGE('',*,*,#1881,.T.);
#1121=ORIENTED_EDGE('',*,*,#1528,.F.);
#1122=ORIENTED_EDGE('',*,*,#1883,.F.);
#1123=ORIENTED_EDGE('',*,*,#1837,.F.);
#1124=ORIENTED_EDGE('',*,*,#1882,.T.);
#1125=ORIENTED_EDGE('',*,*,#1827,.F.);
#1126=ORIENTED_EDGE('',*,*,#1884,.F.);
#1127=ORIENTED_EDGE('',*,*,#1498,.F.);
#1128=ORIENTED_EDGE('',*,*,#1883,.T.);
#1129=ORIENTED_EDGE('',*,*,#1531,.F.);
#1130=ORIENTED_EDGE('',*,*,#1885,.F.);
#1131=ORIENTED_EDGE('',*,*,#1838,.F.);
#1132=ORIENTED_EDGE('',*,*,#1884,.T.);
#1133=ORIENTED_EDGE('',*,*,#1826,.F.);
#1134=ORIENTED_EDGE('',*,*,#1886,.F.);
#1135=ORIENTED_EDGE('',*,*,#1495,.F.);
#1136=ORIENTED_EDGE('',*,*,#1885,.T.);
#1137=ORIENTED_EDGE('',*,*,#1534,.F.);
#1138=ORIENTED_EDGE('',*,*,#1887,.F.);
#1139=ORIENTED_EDGE('',*,*,#1839,.F.);
#1140=ORIENTED_EDGE('',*,*,#1886,.T.);
#1141=ORIENTED_EDGE('',*,*,#1825,.F.);
#1142=ORIENTED_EDGE('',*,*,#1888,.F.);
#1143=ORIENTED_EDGE('',*,*,#1492,.F.);
#1144=ORIENTED_EDGE('',*,*,#1887,.T.);
#1145=ORIENTED_EDGE('',*,*,#1537,.F.);
#1146=ORIENTED_EDGE('',*,*,#1889,.F.);
#1147=ORIENTED_EDGE('',*,*,#1840,.F.);
#1148=ORIENTED_EDGE('',*,*,#1888,.T.);
#1149=ORIENTED_EDGE('',*,*,#1824,.F.);
#1150=ORIENTED_EDGE('',*,*,#1890,.F.);
#1151=ORIENTED_EDGE('',*,*,#1489,.F.);
#1152=ORIENTED_EDGE('',*,*,#1889,.T.);
#1153=ORIENTED_EDGE('',*,*,#1540,.F.);
#1154=ORIENTED_EDGE('',*,*,#1891,.F.);
#1155=ORIENTED_EDGE('',*,*,#1841,.F.);
#1156=ORIENTED_EDGE('',*,*,#1890,.T.);
#1157=ORIENTED_EDGE('',*,*,#1823,.F.);
#1158=ORIENTED_EDGE('',*,*,#1892,.F.);
#1159=ORIENTED_EDGE('',*,*,#1486,.F.);
#1160=ORIENTED_EDGE('',*,*,#1891,.T.);
#1161=ORIENTED_EDGE('',*,*,#1543,.F.);
#1162=ORIENTED_EDGE('',*,*,#1893,.F.);
#1163=ORIENTED_EDGE('',*,*,#1842,.F.);
#1164=ORIENTED_EDGE('',*,*,#1892,.T.);
#1165=ORIENTED_EDGE('',*,*,#1822,.F.);
#1166=ORIENTED_EDGE('',*,*,#1894,.F.);
#1167=ORIENTED_EDGE('',*,*,#1483,.F.);
#1168=ORIENTED_EDGE('',*,*,#1893,.T.);
#1169=ORIENTED_EDGE('',*,*,#1546,.F.);
#1170=ORIENTED_EDGE('',*,*,#1895,.F.);
#1171=ORIENTED_EDGE('',*,*,#1843,.F.);
#1172=ORIENTED_EDGE('',*,*,#1894,.T.);
#1173=ORIENTED_EDGE('',*,*,#1821,.F.);
#1174=ORIENTED_EDGE('',*,*,#1896,.F.);
#1175=ORIENTED_EDGE('',*,*,#1456,.F.);
#1176=ORIENTED_EDGE('',*,*,#1895,.T.);
#1177=ORIENTED_EDGE('',*,*,#1549,.F.);
#1178=ORIENTED_EDGE('',*,*,#1897,.F.);
#1179=ORIENTED_EDGE('',*,*,#1844,.F.);
#1180=ORIENTED_EDGE('',*,*,#1896,.T.);
#1181=ORIENTED_EDGE('',*,*,#1820,.F.);
#1182=ORIENTED_EDGE('',*,*,#1898,.F.);
#1183=ORIENTED_EDGE('',*,*,#1480,.F.);
#1184=ORIENTED_EDGE('',*,*,#1897,.T.);
#1185=ORIENTED_EDGE('',*,*,#1552,.F.);
#1186=ORIENTED_EDGE('',*,*,#1899,.F.);
#1187=ORIENTED_EDGE('',*,*,#1845,.F.);
#1188=ORIENTED_EDGE('',*,*,#1898,.T.);
#1189=ORIENTED_EDGE('',*,*,#1819,.F.);
#1190=ORIENTED_EDGE('',*,*,#1900,.F.);
#1191=ORIENTED_EDGE('',*,*,#1478,.F.);
#1192=ORIENTED_EDGE('',*,*,#1899,.T.);
#1193=ORIENTED_EDGE('',*,*,#1555,.F.);
#1194=ORIENTED_EDGE('',*,*,#1901,.F.);
#1195=ORIENTED_EDGE('',*,*,#1846,.F.);
#1196=ORIENTED_EDGE('',*,*,#1900,.T.);
#1197=ORIENTED_EDGE('',*,*,#1818,.F.);
#1198=ORIENTED_EDGE('',*,*,#1902,.F.);
#1199=ORIENTED_EDGE('',*,*,#1471,.F.);
#1200=ORIENTED_EDGE('',*,*,#1901,.T.);
#1201=ORIENTED_EDGE('',*,*,#1558,.F.);
#1202=ORIENTED_EDGE('',*,*,#1903,.F.);
#1203=ORIENTED_EDGE('',*,*,#1847,.F.);
#1204=ORIENTED_EDGE('',*,*,#1902,.T.);
#1205=ORIENTED_EDGE('',*,*,#1817,.F.);
#1206=ORIENTED_EDGE('',*,*,#1904,.F.);
#1207=ORIENTED_EDGE('',*,*,#1467,.F.);
#1208=ORIENTED_EDGE('',*,*,#1903,.T.);
#1209=ORIENTED_EDGE('',*,*,#1561,.F.);
#1210=ORIENTED_EDGE('',*,*,#1905,.F.);
#1211=ORIENTED_EDGE('',*,*,#1848,.F.);
#1212=ORIENTED_EDGE('',*,*,#1904,.T.);
#1213=ORIENTED_EDGE('',*,*,#1816,.F.);
#1214=ORIENTED_EDGE('',*,*,#1906,.F.);
#1215=ORIENTED_EDGE('',*,*,#1589,.F.);
#1216=ORIENTED_EDGE('',*,*,#1905,.T.);
#1217=ORIENTED_EDGE('',*,*,#1564,.F.);
#1218=ORIENTED_EDGE('',*,*,#1907,.F.);
#1219=ORIENTED_EDGE('',*,*,#1849,.F.);
#1220=ORIENTED_EDGE('',*,*,#1906,.T.);
#1221=ORIENTED_EDGE('',*,*,#1815,.F.);
#1222=ORIENTED_EDGE('',*,*,#1908,.F.);
#1223=ORIENTED_EDGE('',*,*,#1585,.F.);
#1224=ORIENTED_EDGE('',*,*,#1907,.T.);
#1225=ORIENTED_EDGE('',*,*,#1567,.F.);
#1226=ORIENTED_EDGE('',*,*,#1909,.F.);
#1227=ORIENTED_EDGE('',*,*,#1850,.F.);
#1228=ORIENTED_EDGE('',*,*,#1908,.T.);
#1229=ORIENTED_EDGE('',*,*,#1814,.F.);
#1230=ORIENTED_EDGE('',*,*,#1910,.F.);
#1231=ORIENTED_EDGE('',*,*,#1582,.F.);
#1232=ORIENTED_EDGE('',*,*,#1909,.T.);
#1233=ORIENTED_EDGE('',*,*,#1570,.F.);
#1234=ORIENTED_EDGE('',*,*,#1911,.F.);
#1235=ORIENTED_EDGE('',*,*,#1851,.F.);
#1236=ORIENTED_EDGE('',*,*,#1910,.T.);
#1237=ORIENTED_EDGE('',*,*,#1813,.F.);
#1238=ORIENTED_EDGE('',*,*,#1912,.F.);
#1239=ORIENTED_EDGE('',*,*,#1579,.F.);
#1240=ORIENTED_EDGE('',*,*,#1911,.T.);
#1241=ORIENTED_EDGE('',*,*,#1573,.F.);
#1242=ORIENTED_EDGE('',*,*,#1913,.F.);
#1243=ORIENTED_EDGE('',*,*,#1811,.F.);
#1244=ORIENTED_EDGE('',*,*,#1912,.T.);
#1245=ORIENTED_EDGE('',*,*,#1812,.F.);
#1246=ORIENTED_EDGE('',*,*,#1913,.T.);
#1247=ORIENTED_EDGE('',*,*,#1576,.F.);
#1248=ORIENTED_EDGE('',*,*,#1914,.F.);
#1249=ORIENTED_EDGE('',*,*,#1671,.F.);
#1250=ORIENTED_EDGE('',*,*,#1915,.F.);
#1251=ORIENTED_EDGE('',*,*,#1514,.F.);
#1252=ORIENTED_EDGE('',*,*,#1915,.T.);
#1253=ORIENTED_EDGE('',*,*,#1670,.F.);
#1254=ORIENTED_EDGE('',*,*,#1916,.F.);
#1255=ORIENTED_EDGE('',*,*,#1517,.F.);
#1256=ORIENTED_EDGE('',*,*,#1914,.T.);
#1257=ORIENTED_EDGE('',*,*,#1511,.F.);
#1258=ORIENTED_EDGE('',*,*,#1917,.F.);
#1259=ORIENTED_EDGE('',*,*,#1672,.F.);
#1260=ORIENTED_EDGE('',*,*,#1916,.T.);
#1261=ORIENTED_EDGE('',*,*,#1669,.F.);
#1262=ORIENTED_EDGE('',*,*,#1918,.F.);
#1263=ORIENTED_EDGE('',*,*,#1520,.F.);
#1264=ORIENTED_EDGE('',*,*,#1917,.T.);
#1265=ORIENTED_EDGE('',*,*,#1508,.F.);
#1266=ORIENTED_EDGE('',*,*,#1919,.F.);
#1267=ORIENTED_EDGE('',*,*,#1673,.F.);
#1268=ORIENTED_EDGE('',*,*,#1918,.T.);
#1269=ORIENTED_EDGE('',*,*,#1668,.F.);
#1270=ORIENTED_EDGE('',*,*,#1920,.F.);
#1271=ORIENTED_EDGE('',*,*,#1523,.F.);
#1272=ORIENTED_EDGE('',*,*,#1919,.T.);
#1273=ORIENTED_EDGE('',*,*,#1505,.F.);
#1274=ORIENTED_EDGE('',*,*,#1921,.F.);
#1275=ORIENTED_EDGE('',*,*,#1674,.F.);
#1276=ORIENTED_EDGE('',*,*,#1920,.T.);
#1277=ORIENTED_EDGE('',*,*,#1667,.F.);
#1278=ORIENTED_EDGE('',*,*,#1922,.F.);
#1279=ORIENTED_EDGE('',*,*,#1526,.F.);
#1280=ORIENTED_EDGE('',*,*,#1921,.T.);
#1281=ORIENTED_EDGE('',*,*,#1502,.F.);
#1282=ORIENTED_EDGE('',*,*,#1923,.F.);
#1283=ORIENTED_EDGE('',*,*,#1675,.F.);
#1284=ORIENTED_EDGE('',*,*,#1922,.T.);
#1285=ORIENTED_EDGE('',*,*,#1666,.F.);
#1286=ORIENTED_EDGE('',*,*,#1924,.F.);
#1287=ORIENTED_EDGE('',*,*,#1529,.F.);
#1288=ORIENTED_EDGE('',*,*,#1923,.T.);
#1289=ORIENTED_EDGE('',*,*,#1499,.F.);
#1290=ORIENTED_EDGE('',*,*,#1925,.F.);
#1291=ORIENTED_EDGE('',*,*,#1676,.F.);
#1292=ORIENTED_EDGE('',*,*,#1924,.T.);
#1293=ORIENTED_EDGE('',*,*,#1665,.F.);
#1294=ORIENTED_EDGE('',*,*,#1926,.F.);
#1295=ORIENTED_EDGE('',*,*,#1532,.F.);
#1296=ORIENTED_EDGE('',*,*,#1925,.T.);
#1297=ORIENTED_EDGE('',*,*,#1496,.F.);
#1298=ORIENTED_EDGE('',*,*,#1927,.F.);
#1299=ORIENTED_EDGE('',*,*,#1677,.F.);
#1300=ORIENTED_EDGE('',*,*,#1926,.T.);
#1301=ORIENTED_EDGE('',*,*,#1664,.F.);
#1302=ORIENTED_EDGE('',*,*,#1928,.F.);
#1303=ORIENTED_EDGE('',*,*,#1535,.F.);
#1304=ORIENTED_EDGE('',*,*,#1927,.T.);
#1305=ORIENTED_EDGE('',*,*,#1493,.F.);
#1306=ORIENTED_EDGE('',*,*,#1929,.F.);
#1307=ORIENTED_EDGE('',*,*,#1678,.F.);
#1308=ORIENTED_EDGE('',*,*,#1928,.T.);
#1309=ORIENTED_EDGE('',*,*,#1663,.F.);
#1310=ORIENTED_EDGE('',*,*,#1930,.F.);
#1311=ORIENTED_EDGE('',*,*,#1538,.F.);
#1312=ORIENTED_EDGE('',*,*,#1929,.T.);
#1313=ORIENTED_EDGE('',*,*,#1490,.F.);
#1314=ORIENTED_EDGE('',*,*,#1931,.F.);
#1315=ORIENTED_EDGE('',*,*,#1679,.F.);
#1316=ORIENTED_EDGE('',*,*,#1930,.T.);
#1317=ORIENTED_EDGE('',*,*,#1662,.F.);
#1318=ORIENTED_EDGE('',*,*,#1932,.F.);
#1319=ORIENTED_EDGE('',*,*,#1541,.F.);
#1320=ORIENTED_EDGE('',*,*,#1931,.T.);
#1321=ORIENTED_EDGE('',*,*,#1487,.F.);
#1322=ORIENTED_EDGE('',*,*,#1933,.F.);
#1323=ORIENTED_EDGE('',*,*,#1680,.F.);
#1324=ORIENTED_EDGE('',*,*,#1932,.T.);
#1325=ORIENTED_EDGE('',*,*,#1661,.F.);
#1326=ORIENTED_EDGE('',*,*,#1934,.F.);
#1327=ORIENTED_EDGE('',*,*,#1544,.F.);
#1328=ORIENTED_EDGE('',*,*,#1933,.T.);
#1329=ORIENTED_EDGE('',*,*,#1484,.F.);
#1330=ORIENTED_EDGE('',*,*,#1935,.F.);
#1331=ORIENTED_EDGE('',*,*,#1681,.F.);
#1332=ORIENTED_EDGE('',*,*,#1934,.T.);
#1333=ORIENTED_EDGE('',*,*,#1660,.F.);
#1334=ORIENTED_EDGE('',*,*,#1936,.F.);
#1335=ORIENTED_EDGE('',*,*,#1547,.F.);
#1336=ORIENTED_EDGE('',*,*,#1864,.T.);
#1337=ORIENTED_EDGE('',*,*,#1937,.F.);
#1338=ORIENTED_EDGE('',*,*,#1450,.F.);
#1339=ORIENTED_EDGE('',*,*,#1938,.F.);
#1340=ORIENTED_EDGE('',*,*,#1682,.F.);
#1341=ORIENTED_EDGE('',*,*,#1935,.T.);
#1342=ORIENTED_EDGE('',*,*,#1454,.F.);
#1343=ORIENTED_EDGE('',*,*,#1939,.F.);
#1344=ORIENTED_EDGE('',*,*,#1936,.T.);
#1345=ORIENTED_EDGE('',*,*,#1659,.F.);
#1346=ORIENTED_EDGE('',*,*,#1940,.F.);
#1347=ORIENTED_EDGE('',*,*,#1550,.F.);
#1348=ORIENTED_EDGE('',*,*,#1938,.T.);
#1349=ORIENTED_EDGE('',*,*,#1481,.F.);
#1350=ORIENTED_EDGE('',*,*,#1941,.F.);
#1351=ORIENTED_EDGE('',*,*,#1683,.F.);
#1352=ORIENTED_EDGE('',*,*,#1940,.T.);
#1353=ORIENTED_EDGE('',*,*,#1658,.F.);
#1354=ORIENTED_EDGE('',*,*,#1942,.F.);
#1355=ORIENTED_EDGE('',*,*,#1553,.F.);
#1356=ORIENTED_EDGE('',*,*,#1941,.T.);
#1357=ORIENTED_EDGE('',*,*,#1479,.F.);
#1358=ORIENTED_EDGE('',*,*,#1943,.F.);
#1359=ORIENTED_EDGE('',*,*,#1684,.F.);
#1360=ORIENTED_EDGE('',*,*,#1942,.T.);
#1361=ORIENTED_EDGE('',*,*,#1657,.F.);
#1362=ORIENTED_EDGE('',*,*,#1944,.F.);
#1363=ORIENTED_EDGE('',*,*,#1556,.F.);
#1364=ORIENTED_EDGE('',*,*,#1943,.T.);
#1365=ORIENTED_EDGE('',*,*,#1472,.F.);
#1366=ORIENTED_EDGE('',*,*,#1945,.F.);
#1367=ORIENTED_EDGE('',*,*,#1685,.F.);
#1368=ORIENTED_EDGE('',*,*,#1944,.T.);
#1369=ORIENTED_EDGE('',*,*,#1656,.F.);
#1370=ORIENTED_EDGE('',*,*,#1946,.F.);
#1371=ORIENTED_EDGE('',*,*,#1559,.F.);
#1372=ORIENTED_EDGE('',*,*,#1945,.T.);
#1373=ORIENTED_EDGE('',*,*,#1469,.F.);
#1374=ORIENTED_EDGE('',*,*,#1947,.F.);
#1375=ORIENTED_EDGE('',*,*,#1686,.F.);
#1376=ORIENTED_EDGE('',*,*,#1946,.T.);
#1377=ORIENTED_EDGE('',*,*,#1655,.F.);
#1378=ORIENTED_EDGE('',*,*,#1948,.F.);
#1379=ORIENTED_EDGE('',*,*,#1562,.F.);
#1380=ORIENTED_EDGE('',*,*,#1947,.T.);
#1381=ORIENTED_EDGE('',*,*,#1590,.F.);
#1382=ORIENTED_EDGE('',*,*,#1949,.F.);
#1383=ORIENTED_EDGE('',*,*,#1687,.F.);
#1384=ORIENTED_EDGE('',*,*,#1948,.T.);
#1385=ORIENTED_EDGE('',*,*,#1654,.F.);
#1386=ORIENTED_EDGE('',*,*,#1950,.F.);
#1387=ORIENTED_EDGE('',*,*,#1565,.F.);
#1388=ORIENTED_EDGE('',*,*,#1949,.T.);
#1389=ORIENTED_EDGE('',*,*,#1586,.F.);
#1390=ORIENTED_EDGE('',*,*,#1951,.F.);
#1391=ORIENTED_EDGE('',*,*,#1688,.F.);
#1392=ORIENTED_EDGE('',*,*,#1950,.T.);
#1393=ORIENTED_EDGE('',*,*,#1653,.F.);
#1394=ORIENTED_EDGE('',*,*,#1952,.F.);
#1395=ORIENTED_EDGE('',*,*,#1568,.F.);
#1396=ORIENTED_EDGE('',*,*,#1951,.T.);
#1397=ORIENTED_EDGE('',*,*,#1583,.F.);
#1398=ORIENTED_EDGE('',*,*,#1953,.F.);
#1399=ORIENTED_EDGE('',*,*,#1689,.F.);
#1400=ORIENTED_EDGE('',*,*,#1952,.T.);
#1401=ORIENTED_EDGE('',*,*,#1652,.F.);
#1402=ORIENTED_EDGE('',*,*,#1954,.F.);
#1403=ORIENTED_EDGE('',*,*,#1571,.F.);
#1404=ORIENTED_EDGE('',*,*,#1953,.T.);
#1405=ORIENTED_EDGE('',*,*,#1580,.F.);
#1406=ORIENTED_EDGE('',*,*,#1955,.F.);
#1407=ORIENTED_EDGE('',*,*,#1649,.F.);
#1408=ORIENTED_EDGE('',*,*,#1954,.T.);
#1409=ORIENTED_EDGE('',*,*,#1651,.F.);
#1410=ORIENTED_EDGE('',*,*,#1956,.F.);
#1411=ORIENTED_EDGE('',*,*,#1574,.F.);
#1412=ORIENTED_EDGE('',*,*,#1955,.T.);
#1413=ORIENTED_EDGE('',*,*,#1577,.F.);
#1414=ORIENTED_EDGE('',*,*,#1956,.T.);
#1415=ORIENTED_EDGE('',*,*,#1650,.F.);
#1416=ORIENTED_EDGE('',*,*,#1957,.F.);
#1417=ORIENTED_EDGE('',*,*,#1476,.F.);
#1418=ORIENTED_EDGE('',*,*,#1958,.F.);
#1419=ORIENTED_EDGE('',*,*,#1871,.F.);
#1420=ORIENTED_EDGE('',*,*,#1958,.T.);
#1421=ORIENTED_EDGE('',*,*,#1475,.F.);
#1422=ORIENTED_EDGE('',*,*,#1959,.F.);
#1423=ORIENTED_EDGE('',*,*,#1869,.F.);
#1424=ORIENTED_EDGE('',*,*,#1957,.T.);
#1425=ORIENTED_EDGE('',*,*,#1872,.F.);
#1426=ORIENTED_EDGE('',*,*,#1960,.F.);
#1427=ORIENTED_EDGE('',*,*,#1473,.F.);
#1428=ORIENTED_EDGE('',*,*,#1959,.T.);
#1429=ORIENTED_EDGE('',*,*,#1474,.F.);
#1430=ORIENTED_EDGE('',*,*,#1960,.T.);
#1431=ORIENTED_EDGE('',*,*,#1866,.F.);
#1432=ORIENTED_EDGE('',*,*,#1862,.F.);
#1433=ORIENTED_EDGE('',*,*,#1939,.T.);
#1434=ORIENTED_EDGE('',*,*,#1961,.F.);
#1435=ORIENTED_EDGE('',*,*,#1961,.T.);
#1436=ORIENTED_EDGE('',*,*,#1453,.F.);
#1437=ORIENTED_EDGE('',*,*,#1962,.F.);
#1438=ORIENTED_EDGE('',*,*,#1863,.F.);
#1439=ORIENTED_EDGE('',*,*,#1962,.T.);
#1440=ORIENTED_EDGE('',*,*,#1452,.F.);
#1441=ORIENTED_EDGE('',*,*,#1963,.F.);
#1442=ORIENTED_EDGE('',*,*,#1860,.F.);
#1443=ORIENTED_EDGE('',*,*,#1937,.T.);
#1444=ORIENTED_EDGE('',*,*,#1857,.F.);
#1445=ORIENTED_EDGE('',*,*,#1964,.F.);
#1446=ORIENTED_EDGE('',*,*,#1963,.T.);
#1447=ORIENTED_EDGE('',*,*,#1451,.F.);
#1448=ORIENTED_EDGE('',*,*,#1964,.T.);
#1449=ORIENTED_EDGE('',*,*,#1856,.F.);
#1450=EDGE_CURVE('',#1965,#1966,#2283,.F.);
#1451=EDGE_CURVE('',#1966,#1967,#164,.F.);
#1452=EDGE_CURVE('',#1967,#1968,#2284,.T.);
#1453=EDGE_CURVE('',#1968,#1969,#165,.F.);
#1454=EDGE_CURVE('',#1969,#1970,#2285,.F.);
#1455=EDGE_CURVE('',#1971,#1970,#2286,.T.);
#1456=EDGE_CURVE('',#1971,#1972,#2287,.T.);
#1457=EDGE_CURVE('',#1972,#1965,#2288,.T.);
#1458=EDGE_CURVE('',#1973,#1974,#166,.F.);
#1459=EDGE_CURVE('',#1973,#1975,#2289,.T.);
#1460=EDGE_CURVE('',#1976,#1975,#2290,.T.);
#1461=EDGE_CURVE('',#1977,#1976,#2291,.T.);
#1462=EDGE_CURVE('',#1977,#1978,#2292,.T.);
#1463=EDGE_CURVE('',#1978,#1979,#2293,.T.);
#1464=EDGE_CURVE('',#1980,#1979,#167,.F.);
#1465=EDGE_CURVE('',#1980,#1974,#2294,.T.);
#1466=EDGE_CURVE('',#1981,#1982,#2295,.T.);
#1467=EDGE_CURVE('',#1981,#1983,#2296,.T.);
#1468=EDGE_CURVE('',#1983,#1984,#2297,.T.);
#1469=EDGE_CURVE('',#1984,#1982,#2298,.F.);
#1470=EDGE_CURVE('',#1985,#1986,#2299,.T.);
#1471=EDGE_CURVE('',#1985,#1981,#168,.F.);
#1472=EDGE_CURVE('',#1982,#1986,#169,.T.);
#1473=EDGE_CURVE('',#1987,#1988,#2300,.F.);
#1474=EDGE_CURVE('',#1988,#1989,#170,.F.);
#1475=EDGE_CURVE('',#1989,#1990,#2301,.T.);
#1476=EDGE_CURVE('',#1990,#1987,#171,.F.);
#1477=EDGE_CURVE('',#1991,#1992,#2302,.T.);
#1478=EDGE_CURVE('',#1991,#1985,#2303,.T.);
#1479=EDGE_CURVE('',#1986,#1992,#2304,.F.);
#1480=EDGE_CURVE('',#1972,#1991,#172,.F.);
#1481=EDGE_CURVE('',#1992,#1965,#173,.T.);
#1482=EDGE_CURVE('',#1993,#1994,#2305,.T.);
#1483=EDGE_CURVE('',#1993,#1971,#174,.T.);
#1484=EDGE_CURVE('',#1970,#1994,#175,.F.);
#1485=EDGE_CURVE('',#1995,#1996,#2306,.T.);
#1486=EDGE_CURVE('',#1995,#1993,#2307,.T.);
#1487=EDGE_CURVE('',#1994,#1996,#2308,.F.);
#1488=EDGE_CURVE('',#1997,#1998,#2309,.T.);
#1489=EDGE_CURVE('',#1997,#1995,#176,.F.);
#1490=EDGE_CURVE('',#1996,#1998,#177,.T.);
#1491=EDGE_CURVE('',#1999,#2000,#2310,.T.);
#1492=EDGE_CURVE('',#1999,#1997,#2311,.T.);
#1493=EDGE_CURVE('',#1998,#2000,#2312,.F.);
#1494=EDGE_CURVE('',#2001,#2002,#2313,.T.);
#1495=EDGE_CURVE('',#2001,#1999,#178,.T.);
#1496=EDGE_CURVE('',#2000,#2002,#179,.F.);
#1497=EDGE_CURVE('',#2003,#2004,#2314,.T.);
#1498=EDGE_CURVE('',#2003,#2001,#180,.F.);
#1499=EDGE_CURVE('',#2002,#2004,#181,.T.);
#1500=EDGE_CURVE('',#2005,#2006,#2315,.T.);
#1501=EDGE_CURVE('',#2005,#2003,#2316,.T.);
#1502=EDGE_CURVE('',#2004,#2006,#2317,.F.);
#1503=EDGE_CURVE('',#2007,#2008,#2318,.T.);
#1504=EDGE_CURVE('',#2007,#2005,#182,.T.);
#1505=EDGE_CURVE('',#2006,#2008,#183,.F.);
#1506=EDGE_CURVE('',#2009,#2010,#2319,.T.);
#1507=EDGE_CURVE('',#2009,#2007,#2320,.T.);
#1508=EDGE_CURVE('',#2008,#2010,#2321,.F.);
#1509=EDGE_CURVE('',#2011,#2012,#2322,.T.);
#1510=EDGE_CURVE('',#2011,#2009,#184,.F.);
#1511=EDGE_CURVE('',#2010,#2012,#185,.T.);
#1512=EDGE_CURVE('',#2013,#2014,#2323,.T.);
#1513=EDGE_CURVE('',#2013,#2011,#2324,.T.);
#1514=EDGE_CURVE('',#2012,#2014,#2325,.F.);
#1515=EDGE_CURVE('',#2015,#2016,#2326,.T.);
#1516=EDGE_CURVE('',#2015,#2013,#186,.F.);
#1517=EDGE_CURVE('',#2014,#2016,#187,.T.);
#1518=EDGE_CURVE('',#2017,#2018,#2327,.T.);
#1519=EDGE_CURVE('',#2017,#2015,#2328,.T.);
#1520=EDGE_CURVE('',#2016,#2018,#2329,.F.);
#1521=EDGE_CURVE('',#2019,#2020,#2330,.T.);
#1522=EDGE_CURVE('',#2019,#2017,#188,.T.);
#1523=EDGE_CURVE('',#2018,#2020,#189,.F.);
#1524=EDGE_CURVE('',#2021,#2022,#2331,.T.);
#1525=EDGE_CURVE('',#2021,#2019,#2332,.T.);
#1526=EDGE_CURVE('',#2020,#2022,#2333,.F.);
#1527=EDGE_CURVE('',#2023,#2024,#2334,.T.);
#1528=EDGE_CURVE('',#2023,#2021,#190,.F.);
#1529=EDGE_CURVE('',#2022,#2024,#191,.T.);
#1530=EDGE_CURVE('',#2025,#2026,#2335,.T.);
#1531=EDGE_CURVE('',#2025,#2023,#2336,.T.);
#1532=EDGE_CURVE('',#2024,#2026,#2337,.F.);
#1533=EDGE_CURVE('',#2027,#2028,#2338,.T.);
#1534=EDGE_CURVE('',#2027,#2025,#192,.T.);
#1535=EDGE_CURVE('',#2026,#2028,#193,.F.);
#1536=EDGE_CURVE('',#2029,#2030,#2339,.T.);
#1537=EDGE_CURVE('',#2029,#2027,#2340,.T.);
#1538=EDGE_CURVE('',#2028,#2030,#2341,.F.);
#1539=EDGE_CURVE('',#2031,#2032,#2342,.T.);
#1540=EDGE_CURVE('',#2031,#2029,#194,.F.);
#1541=EDGE_CURVE('',#2030,#2032,#195,.T.);
#1542=EDGE_CURVE('',#2033,#2034,#2343,.T.);
#1543=EDGE_CURVE('',#2033,#2031,#2344,.T.);
#1544=EDGE_CURVE('',#2032,#2034,#2345,.F.);
#1545=EDGE_CURVE('',#2035,#2036,#2346,.T.);
#1546=EDGE_CURVE('',#2035,#2033,#196,.F.);
#1547=EDGE_CURVE('',#2034,#2036,#197,.T.);
#1548=EDGE_CURVE('',#2037,#2038,#2347,.T.);
#1549=EDGE_CURVE('',#2037,#2035,#2348,.T.);
#1550=EDGE_CURVE('',#2036,#2038,#2349,.F.);
#1551=EDGE_CURVE('',#2039,#2040,#2350,.T.);
#1552=EDGE_CURVE('',#2039,#2037,#198,.F.);
#1553=EDGE_CURVE('',#2038,#2040,#199,.T.);
#1554=EDGE_CURVE('',#2041,#2042,#2351,.T.);
#1555=EDGE_CURVE('',#2041,#2039,#2352,.T.);
#1556=EDGE_CURVE('',#2040,#2042,#2353,.F.);
#1557=EDGE_CURVE('',#2043,#2044,#2354,.T.);
#1558=EDGE_CURVE('',#2043,#2041,#200,.T.);
#1559=EDGE_CURVE('',#2042,#2044,#201,.F.);
#1560=EDGE_CURVE('',#2045,#2046,#2355,.T.);
#1561=EDGE_CURVE('',#2045,#2043,#2356,.T.);
#1562=EDGE_CURVE('',#2044,#2046,#2357,.F.);
#1563=EDGE_CURVE('',#2047,#2048,#2358,.T.);
#1564=EDGE_CURVE('',#2047,#2045,#202,.T.);
#1565=EDGE_CURVE('',#2046,#2048,#203,.F.);
#1566=EDGE_CURVE('',#2049,#2050,#2359,.T.);
#1567=EDGE_CURVE('',#2049,#2047,#2360,.T.);
#1568=EDGE_CURVE('',#2048,#2050,#2361,.F.);
#1569=EDGE_CURVE('',#2051,#2052,#2362,.T.);
#1570=EDGE_CURVE('',#2051,#2049,#204,.F.);
#1571=EDGE_CURVE('',#2050,#2052,#205,.T.);
#1572=EDGE_CURVE('',#2053,#2054,#2363,.T.);
#1573=EDGE_CURVE('',#2053,#2051,#2364,.T.);
#1574=EDGE_CURVE('',#2052,#2054,#2365,.F.);
#1575=EDGE_CURVE('',#2055,#2056,#2366,.T.);
#1576=EDGE_CURVE('',#2055,#2053,#206,.T.);
#1577=EDGE_CURVE('',#2054,#2056,#207,.F.);
#1578=EDGE_CURVE('',#2057,#2058,#2367,.T.);
#1579=EDGE_CURVE('',#2057,#2055,#2368,.T.);
#1580=EDGE_CURVE('',#2056,#2058,#2369,.F.);
#1581=EDGE_CURVE('',#2059,#2060,#2370,.T.);
#1582=EDGE_CURVE('',#2059,#2057,#208,.T.);
#1583=EDGE_CURVE('',#2058,#2060,#209,.F.);
#1584=EDGE_CURVE('',#2061,#2062,#2371,.T.);
#1585=EDGE_CURVE('',#2061,#2059,#2372,.T.);
#1586=EDGE_CURVE('',#2060,#2062,#2373,.F.);
#1587=EDGE_CURVE('',#2063,#2063,#210,.T.);
#1588=EDGE_CURVE('',#2064,#2064,#211,.T.);
#1589=EDGE_CURVE('',#1983,#2061,#212,.F.);
#1590=EDGE_CURVE('',#2062,#1984,#213,.T.);
#1591=EDGE_CURVE('',#2065,#2066,#2374,.T.);
#1592=EDGE_CURVE('',#2067,#2065,#2375,.T.);
#1593=EDGE_CURVE('',#2067,#2068,#214,.T.);
#1594=EDGE_CURVE('',#2069,#2068,#2376,.T.);
#1595=EDGE_CURVE('',#2069,#2070,#215,.T.);
#1596=EDGE_CURVE('',#2071,#2070,#2377,.T.);
#1597=EDGE_CURVE('',#2072,#2071,#216,.T.);
#1598=EDGE_CURVE('',#2073,#2072,#2378,.T.);
#1599=EDGE_CURVE('',#2074,#2073,#217,.T.);
#1600=EDGE_CURVE('',#2075,#2074,#2379,.T.);
#1601=EDGE_CURVE('',#2075,#2076,#218,.T.);
#1602=EDGE_CURVE('',#2077,#2076,#2380,.T.);
#1603=EDGE_CURVE('',#2078,#2077,#219,.T.);
#1604=EDGE_CURVE('',#2079,#2078,#2381,.T.);
#1605=EDGE_CURVE('',#2080,#2079,#220,.T.);
#1606=EDGE_CURVE('',#2081,#2080,#2382,.T.);
#1607=EDGE_CURVE('',#2081,#2082,#221,.T.);
#1608=EDGE_CURVE('',#2083,#2082,#2383,.T.);
#1609=EDGE_CURVE('',#2083,#2084,#222,.T.);
#1610=EDGE_CURVE('',#2085,#2084,#2384,.T.);
#1611=EDGE_CURVE('',#2085,#1975,#223,.T.);
#1612=EDGE_CURVE('',#1979,#1973,#2385,.T.);
#1613=EDGE_CURVE('',#2086,#1978,#224,.T.);
#1614=EDGE_CURVE('',#2087,#2086,#2386,.T.);
#1615=EDGE_CURVE('',#2087,#2088,#225,.T.);
#1616=EDGE_CURVE('',#2089,#2088,#2387,.T.);
#1617=EDGE_CURVE('',#2090,#2089,#226,.T.);
#1618=EDGE_CURVE('',#2091,#2090,#2388,.T.);
#1619=EDGE_CURVE('',#2091,#2092,#227,.T.);
#1620=EDGE_CURVE('',#2093,#2092,#2389,.T.);
#1621=EDGE_CURVE('',#2094,#2093,#228,.T.);
#1622=EDGE_CURVE('',#2095,#2094,#2390,.T.);
#1623=EDGE_CURVE('',#2095,#2096,#229,.T.);
#1624=EDGE_CURVE('',#2097,#2096,#2391,.T.);
#1625=EDGE_CURVE('',#2097,#2098,#230,.T.);
#1626=EDGE_CURVE('',#2099,#2098,#2392,.T.);
#1627=EDGE_CURVE('',#2100,#2099,#231,.T.);
#1628=EDGE_CURVE('',#2101,#2100,#2393,.T.);
#1629=EDGE_CURVE('',#2101,#2102,#232,.T.);
#1630=EDGE_CURVE('',#2103,#2102,#2394,.T.);
#1631=EDGE_CURVE('',#2104,#2103,#233,.T.);
#1632=EDGE_CURVE('',#2105,#2104,#2395,.T.);
#1633=EDGE_CURVE('',#2105,#2106,#234,.T.);
#1634=EDGE_CURVE('',#2107,#2106,#2396,.T.);
#1635=EDGE_CURVE('',#2107,#2108,#2397,.T.);
#1636=EDGE_CURVE('',#2109,#2108,#235,.T.);
#1637=EDGE_CURVE('',#2109,#2110,#2398,.T.);
#1638=EDGE_CURVE('',#2111,#2110,#236,.T.);
#1639=EDGE_CURVE('',#2112,#2111,#2399,.T.);
#1640=EDGE_CURVE('',#2113,#2112,#2400,.T.);
#1641=EDGE_CURVE('',#2113,#2114,#2401,.T.);
#1642=EDGE_CURVE('',#2115,#2114,#237,.T.);
#1643=EDGE_CURVE('',#2115,#2116,#2402,.T.);
#1644=EDGE_CURVE('',#2066,#2116,#238,.T.);
#1645=EDGE_CURVE('',#2117,#2117,#239,.T.);
#1646=EDGE_CURVE('',#2118,#2118,#240,.T.);
#1647=EDGE_CURVE('',#2119,#2119,#241,.T.);
#1648=EDGE_CURVE('',#2120,#2120,#242,.T.);
#1649=EDGE_CURVE('',#2121,#2122,#2403,.T.);
#1650=EDGE_CURVE('',#2122,#2123,#243,.T.);
#1651=EDGE_CURVE('',#2123,#2124,#2404,.T.);
#1652=EDGE_CURVE('',#2124,#2125,#244,.F.);
#1653=EDGE_CURVE('',#2125,#2126,#2405,.T.);
#1654=EDGE_CURVE('',#2126,#2127,#245,.T.);
#1655=EDGE_CURVE('',#2127,#2128,#2406,.T.);
#1656=EDGE_CURVE('',#2128,#2129,#246,.T.);
#1657=EDGE_CURVE('',#2129,#2130,#2407,.T.);
#1658=EDGE_CURVE('',#2130,#2131,#247,.F.);
#1659=EDGE_CURVE('',#2131,#2132,#2408,.T.);
#1660=EDGE_CURVE('',#2132,#2133,#248,.F.);
#1661=EDGE_CURVE('',#2133,#2134,#2409,.T.);
#1662=EDGE_CURVE('',#2134,#2135,#249,.F.);
#1663=EDGE_CURVE('',#2135,#2136,#2410,.T.);
#1664=EDGE_CURVE('',#2136,#2137,#250,.T.);
#1665=EDGE_CURVE('',#2137,#2138,#2411,.T.);
#1666=EDGE_CURVE('',#2138,#2139,#251,.F.);
#1667=EDGE_CURVE('',#2139,#2140,#2412,.T.);
#1668=EDGE_CURVE('',#2140,#2141,#252,.T.);
#1669=EDGE_CURVE('',#2141,#2142,#2413,.T.);
#1670=EDGE_CURVE('',#2142,#2143,#253,.F.);
#1671=EDGE_CURVE('',#2143,#2144,#2414,.T.);
#1672=EDGE_CURVE('',#2144,#2145,#254,.F.);
#1673=EDGE_CURVE('',#2145,#2146,#2415,.T.);
#1674=EDGE_CURVE('',#2146,#2147,#255,.T.);
#1675=EDGE_CURVE('',#2147,#2148,#2416,.T.);
#1676=EDGE_CURVE('',#2148,#2149,#256,.F.);
#1677=EDGE_CURVE('',#2149,#2150,#257,.T.);
#1678=EDGE_CURVE('',#2150,#2151,#2417,.T.);
#1679=EDGE_CURVE('',#2151,#2152,#258,.F.);
#1680=EDGE_CURVE('',#2152,#2153,#2418,.T.);
#1681=EDGE_CURVE('',#2153,#2154,#259,.T.);
#1682=EDGE_CURVE('',#2154,#2155,#2419,.T.);
#1683=EDGE_CURVE('',#2155,#2156,#260,.F.);
#1684=EDGE_CURVE('',#2156,#2157,#2420,.T.);
#1685=EDGE_CURVE('',#2157,#2158,#261,.F.);
#1686=EDGE_CURVE('',#2158,#2159,#2421,.T.);
#1687=EDGE_CURVE('',#2159,#2160,#262,.F.);
#1688=EDGE_CURVE('',#2160,#2161,#2422,.T.);
#1689=EDGE_CURVE('',#2161,#2121,#263,.T.);
#1690=EDGE_CURVE('',#2162,#2162,#264,.T.);
#1691=EDGE_CURVE('',#2163,#2163,#265,.F.);
#1692=EDGE_CURVE('',#2164,#2164,#266,.T.);
#1693=EDGE_CURVE('',#2165,#2165,#267,.T.);
#1694=EDGE_CURVE('',#2166,#2166,#268,.F.);
#1695=EDGE_CURVE('',#2167,#2167,#269,.T.);
#1696=EDGE_CURVE('',#2168,#2168,#270,.T.);
#1697=EDGE_CURVE('',#2169,#2169,#271,.F.);
#1698=EDGE_CURVE('',#2170,#2170,#272,.T.);
#1699=EDGE_CURVE('',#2171,#2171,#273,.T.);
#1700=EDGE_CURVE('',#2172,#2172,#274,.F.);
#1701=EDGE_CURVE('',#2173,#2173,#275,.T.);
#1702=EDGE_CURVE('',#2174,#2112,#2423,.T.);
#1703=EDGE_CURVE('',#2175,#2174,#2424,.T.);
#1704=EDGE_CURVE('',#2175,#2107,#2425,.T.);
#1705=EDGE_CURVE('',#2176,#2106,#2426,.T.);
#1706=EDGE_CURVE('',#2177,#2176,#2427,.T.);
#1707=EDGE_CURVE('',#2177,#2067,#2428,.T.);
#1708=EDGE_CURVE('',#2178,#2065,#2429,.T.);
#1709=EDGE_CURVE('',#2179,#2178,#2430,.T.);
#1710=EDGE_CURVE('',#2179,#2113,#2431,.T.);
#1711=EDGE_CURVE('',#2180,#2066,#2432,.T.);
#1712=EDGE_CURVE('',#2180,#2178,#2433,.T.);
#1713=EDGE_CURVE('',#2181,#2116,#2434,.T.);
#1714=EDGE_CURVE('',#2181,#2180,#276,.F.);
#1715=EDGE_CURVE('',#2181,#2182,#2435,.T.);
#1716=EDGE_CURVE('',#2182,#2115,#2436,.T.);
#1717=EDGE_CURVE('',#2183,#2114,#2437,.T.);
#1718=EDGE_CURVE('',#2183,#2182,#277,.F.);
#1719=EDGE_CURVE('',#2183,#2179,#2438,.T.);
#1720=EDGE_CURVE('',#2184,#2111,#2439,.T.);
#1721=EDGE_CURVE('',#2184,#2174,#2440,.T.);
#1722=EDGE_CURVE('',#2185,#2110,#2441,.T.);
#1723=EDGE_CURVE('',#2185,#2184,#278,.F.);
#1724=EDGE_CURVE('',#2185,#2186,#2442,.T.);
#1725=EDGE_CURVE('',#2186,#2109,#2443,.T.);
#1726=EDGE_CURVE('',#2187,#2108,#2444,.T.);
#1727=EDGE_CURVE('',#2187,#2186,#279,.F.);
#1728=EDGE_CURVE('',#2187,#2175,#2445,.T.);
#1729=EDGE_CURVE('',#2188,#2105,#2446,.T.);
#1730=EDGE_CURVE('',#2188,#2176,#280,.T.);
#1731=EDGE_CURVE('',#2189,#2104,#2447,.T.);
#1732=EDGE_CURVE('',#2188,#2189,#2448,.T.);
#1733=EDGE_CURVE('',#2190,#2103,#2449,.T.);
#1734=EDGE_CURVE('',#2189,#2190,#281,.T.);
#1735=EDGE_CURVE('',#2191,#2102,#2450,.T.);
#1736=EDGE_CURVE('',#2190,#2191,#2451,.T.);
#1737=EDGE_CURVE('',#2192,#2101,#2452,.T.);
#1738=EDGE_CURVE('',#2192,#2191,#282,.T.);
#1739=EDGE_CURVE('',#2193,#2100,#2453,.T.);
#1740=EDGE_CURVE('',#2192,#2193,#2454,.T.);
#1741=EDGE_CURVE('',#2194,#2099,#2455,.T.);
#1742=EDGE_CURVE('',#2193,#2194,#283,.T.);
#1743=EDGE_CURVE('',#2195,#2098,#2456,.T.);
#1744=EDGE_CURVE('',#2194,#2195,#2457,.T.);
#1745=EDGE_CURVE('',#2196,#2097,#2458,.T.);
#1746=EDGE_CURVE('',#2196,#2195,#284,.T.);
#1747=EDGE_CURVE('',#2197,#2096,#2459,.T.);
#1748=EDGE_CURVE('',#2196,#2197,#2460,.T.);
#1749=EDGE_CURVE('',#2198,#2095,#2461,.T.);
#1750=EDGE_CURVE('',#2198,#2197,#285,.T.);
#1751=EDGE_CURVE('',#2199,#2094,#2462,.T.);
#1752=EDGE_CURVE('',#2198,#2199,#2463,.T.);
#1753=EDGE_CURVE('',#2200,#2093,#2464,.T.);
#1754=EDGE_CURVE('',#2199,#2200,#286,.T.);
#1755=EDGE_CURVE('',#2201,#2092,#2465,.T.);
#1756=EDGE_CURVE('',#2200,#2201,#2466,.T.);
#1757=EDGE_CURVE('',#2202,#2091,#2467,.T.);
#1758=EDGE_CURVE('',#2202,#2201,#287,.T.);
#1759=EDGE_CURVE('',#2203,#2090,#2468,.T.);
#1760=EDGE_CURVE('',#2202,#2203,#2469,.T.);
#1761=EDGE_CURVE('',#2204,#2089,#2470,.T.);
#1762=EDGE_CURVE('',#2203,#2204,#288,.T.);
#1763=EDGE_CURVE('',#2205,#2088,#2471,.T.);
#1764=EDGE_CURVE('',#2204,#2205,#2472,.T.);
#1765=EDGE_CURVE('',#2206,#2087,#2473,.T.);
#1766=EDGE_CURVE('',#2206,#2205,#289,.T.);
#1767=EDGE_CURVE('',#2207,#2086,#2474,.T.);
#1768=EDGE_CURVE('',#2206,#2207,#2475,.T.);
#1769=EDGE_CURVE('',#2207,#1977,#290,.T.);
#1770=EDGE_CURVE('',#2208,#2085,#2476,.T.);
#1771=EDGE_CURVE('',#2208,#1976,#291,.T.);
#1772=EDGE_CURVE('',#2209,#2210,#292,.F.);
#1773=EDGE_CURVE('',#2211,#2209,#2477,.T.);
#1774=EDGE_CURVE('',#2212,#2211,#293,.F.);
#1775=EDGE_CURVE('',#2212,#2210,#2478,.T.);
#1776=EDGE_CURVE('',#2213,#2084,#2479,.T.);
#1777=EDGE_CURVE('',#2208,#2213,#2480,.T.);
#1778=EDGE_CURVE('',#2214,#2083,#2481,.T.);
#1779=EDGE_CURVE('',#2214,#2213,#294,.T.);
#1780=EDGE_CURVE('',#2215,#2082,#2482,.T.);
#1781=EDGE_CURVE('',#2214,#2215,#2483,.T.);
#1782=EDGE_CURVE('',#2216,#2081,#2484,.T.);
#1783=EDGE_CURVE('',#2216,#2215,#295,.T.);
#1784=EDGE_CURVE('',#2217,#2080,#2485,.T.);
#1785=EDGE_CURVE('',#2216,#2217,#2486,.T.);
#1786=EDGE_CURVE('',#2218,#2079,#2487,.T.);
#1787=EDGE_CURVE('',#2217,#2218,#296,.T.);
#1788=EDGE_CURVE('',#2219,#2078,#2488,.T.);
#1789=EDGE_CURVE('',#2218,#2219,#2489,.T.);
#1790=EDGE_CURVE('',#2220,#2077,#2490,.T.);
#1791=EDGE_CURVE('',#2219,#2220,#297,.T.);
#1792=EDGE_CURVE('',#2221,#2076,#2491,.T.);
#1793=EDGE_CURVE('',#2220,#2221,#2492,.T.);
#1794=EDGE_CURVE('',#2222,#2075,#2493,.T.);
#1795=EDGE_CURVE('',#2222,#2221,#298,.T.);
#1796=EDGE_CURVE('',#2223,#2074,#2494,.T.);
#1797=EDGE_CURVE('',#2222,#2223,#2495,.T.);
#1798=EDGE_CURVE('',#2224,#2073,#2496,.T.);
#1799=EDGE_CURVE('',#2223,#2224,#299,.T.);
#1800=EDGE_CURVE('',#2225,#2072,#2497,.T.);
#1801=EDGE_CURVE('',#2224,#2225,#2498,.T.);
#1802=EDGE_CURVE('',#2226,#2071,#2499,.T.);
#1803=EDGE_CURVE('',#2225,#2226,#300,.T.);
#1804=EDGE_CURVE('',#2227,#2070,#2500,.T.);
#1805=EDGE_CURVE('',#2226,#2227,#2501,.T.);
#1806=EDGE_CURVE('',#2228,#2069,#2502,.T.);
#1807=EDGE_CURVE('',#2228,#2227,#301,.T.);
#1808=EDGE_CURVE('',#2229,#2068,#2503,.T.);
#1809=EDGE_CURVE('',#2228,#2229,#2504,.T.);
#1810=EDGE_CURVE('',#2177,#2229,#302,.T.);
#1811=EDGE_CURVE('',#2230,#2231,#2505,.F.);
#1812=EDGE_CURVE('',#2231,#2232,#303,.F.);
#1813=EDGE_CURVE('',#2232,#2233,#2506,.F.);
#1814=EDGE_CURVE('',#2233,#2234,#304,.F.);
#1815=EDGE_CURVE('',#2234,#2235,#2507,.F.);
#1816=EDGE_CURVE('',#2235,#2236,#305,.T.);
#1817=EDGE_CURVE('',#2236,#2237,#2508,.F.);
#1818=EDGE_CURVE('',#2237,#2238,#306,.T.);
#1819=EDGE_CURVE('',#2238,#2239,#2509,.F.);
#1820=EDGE_CURVE('',#2239,#2240,#307,.T.);
#1821=EDGE_CURVE('',#2240,#2241,#2510,.F.);
#1822=EDGE_CURVE('',#2241,#2242,#308,.F.);
#1823=EDGE_CURVE('',#2242,#2243,#2511,.F.);
#1824=EDGE_CURVE('',#2243,#2244,#309,.T.);
#1825=EDGE_CURVE('',#2244,#2245,#2512,.F.);
#1826=EDGE_CURVE('',#2245,#2246,#310,.F.);
#1827=EDGE_CURVE('',#2246,#2247,#311,.T.);
#1828=EDGE_CURVE('',#2247,#2248,#2513,.F.);
#1829=EDGE_CURVE('',#2248,#2249,#312,.F.);
#1830=EDGE_CURVE('',#2249,#2250,#2514,.F.);
#1831=EDGE_CURVE('',#2250,#2251,#313,.T.);
#1832=EDGE_CURVE('',#2251,#2252,#2515,.F.);
#1833=EDGE_CURVE('',#2252,#2253,#314,.T.);
#1834=EDGE_CURVE('',#2253,#2254,#2516,.F.);
#1835=EDGE_CURVE('',#2254,#2255,#315,.F.);
#1836=EDGE_CURVE('',#2255,#2256,#2517,.F.);
#1837=EDGE_CURVE('',#2256,#2257,#316,.T.);
#1838=EDGE_CURVE('',#2257,#2258,#2518,.F.);
#1839=EDGE_CURVE('',#2258,#2259,#317,.F.);
#1840=EDGE_CURVE('',#2259,#2260,#2519,.F.);
#1841=EDGE_CURVE('',#2260,#2261,#318,.T.);
#1842=EDGE_CURVE('',#2261,#2262,#2520,.F.);
#1843=EDGE_CURVE('',#2262,#2263,#319,.T.);
#1844=EDGE_CURVE('',#2263,#2264,#2521,.F.);
#1845=EDGE_CURVE('',#2264,#2265,#320,.T.);
#1846=EDGE_CURVE('',#2265,#2266,#2522,.F.);
#1847=EDGE_CURVE('',#2266,#2267,#321,.F.);
#1848=EDGE_CURVE('',#2267,#2268,#2523,.F.);
#1849=EDGE_CURVE('',#2268,#2269,#322,.F.);
#1850=EDGE_CURVE('',#2269,#2270,#2524,.F.);
#1851=EDGE_CURVE('',#2270,#2230,#323,.T.);
#1852=EDGE_CURVE('',#2271,#1973,#324,.F.);
#1853=EDGE_CURVE('',#2271,#2272,#2525,.T.);
#1854=EDGE_CURVE('',#1979,#2272,#325,.F.);
#1855=EDGE_CURVE('',#1974,#2273,#2526,.T.);
#1856=EDGE_CURVE('',#2273,#2274,#326,.T.);
#1857=EDGE_CURVE('',#2274,#2275,#60,.T.);
#1858=EDGE_CURVE('',#2271,#2275,#2527,.T.);
#1859=EDGE_CURVE('',#1980,#2276,#2528,.T.);
#1860=EDGE_CURVE('',#2276,#2273,#2529,.F.);
#1861=EDGE_CURVE('',#2272,#2277,#2530,.T.);
#1862=EDGE_CURVE('',#2277,#2278,#61,.F.);
#1863=EDGE_CURVE('',#2278,#2276,#327,.T.);
#1864=EDGE_CURVE('',#2277,#2275,#2531,.T.);
#1865=EDGE_CURVE('',#2210,#2279,#2532,.T.);
#1866=EDGE_CURVE('',#2279,#2280,#328,.T.);
#1867=EDGE_CURVE('',#2209,#2280,#2533,.T.);
#1868=EDGE_CURVE('',#2212,#2281,#2534,.T.);
#1869=EDGE_CURVE('',#2281,#2279,#2535,.F.);
#1870=EDGE_CURVE('',#2211,#2282,#2536,.T.);
#1871=EDGE_CURVE('',#2282,#2281,#329,.T.);
#1872=EDGE_CURVE('',#2280,#2282,#2537,.T.);
#1873=EDGE_CURVE('',#2011,#2251,#330,.T.);
#1874=EDGE_CURVE('',#2252,#2013,#331,.T.);
#1875=EDGE_CURVE('',#2253,#2015,#332,.T.);
#1876=EDGE_CURVE('',#2009,#2250,#333,.T.);
#1877=EDGE_CURVE('',#2254,#2017,#334,.T.);
#1878=EDGE_CURVE('',#2007,#2249,#335,.T.);
#1879=EDGE_CURVE('',#2255,#2019,#336,.T.);
#1880=EDGE_CURVE('',#2005,#2248,#337,.T.);
#1881=EDGE_CURVE('',#2256,#2021,#338,.T.);
#1882=EDGE_CURVE('',#2003,#2247,#339,.T.);
#1883=EDGE_CURVE('',#2257,#2023,#340,.T.);
#1884=EDGE_CURVE('',#2001,#2246,#341,.T.);
#1885=EDGE_CURVE('',#2258,#2025,#342,.T.);
#1886=EDGE_CURVE('',#1999,#2245,#343,.T.);
#1887=EDGE_CURVE('',#2259,#2027,#344,.T.);
#1888=EDGE_CURVE('',#1997,#2244,#345,.T.);
#1889=EDGE_CURVE('',#2260,#2029,#346,.T.);
#1890=EDGE_CURVE('',#1995,#2243,#347,.T.);
#1891=EDGE_CURVE('',#2261,#2031,#348,.T.);
#1892=EDGE_CURVE('',#1993,#2242,#349,.T.);
#1893=EDGE_CURVE('',#2262,#2033,#350,.T.);
#1894=EDGE_CURVE('',#1971,#2241,#351,.T.);
#1895=EDGE_CURVE('',#2263,#2035,#352,.T.);
#1896=EDGE_CURVE('',#1972,#2240,#353,.T.);
#1897=EDGE_CURVE('',#2264,#2037,#354,.T.);
#1898=EDGE_CURVE('',#1991,#2239,#355,.T.);
#1899=EDGE_CURVE('',#2265,#2039,#356,.T.);
#1900=EDGE_CURVE('',#1985,#2238,#357,.T.);
#1901=EDGE_CURVE('',#2266,#2041,#358,.T.);
#1902=EDGE_CURVE('',#1981,#2237,#359,.T.);
#1903=EDGE_CURVE('',#2267,#2043,#360,.T.);
#1904=EDGE_CURVE('',#1983,#2236,#361,.T.);
#1905=EDGE_CURVE('',#2268,#2045,#362,.T.);
#1906=EDGE_CURVE('',#2061,#2235,#363,.T.);
#1907=EDGE_CURVE('',#2269,#2047,#364,.T.);
#1908=EDGE_CURVE('',#2059,#2234,#365,.T.);
#1909=EDGE_CURVE('',#2270,#2049,#366,.T.);
#1910=EDGE_CURVE('',#2057,#2233,#367,.T.);
#1911=EDGE_CURVE('',#2230,#2051,#368,.T.);
#1912=EDGE_CURVE('',#2055,#2232,#369,.T.);
#1913=EDGE_CURVE('',#2231,#2053,#370,.T.);
#1914=EDGE_CURVE('',#2144,#2012,#371,.T.);
#1915=EDGE_CURVE('',#2014,#2143,#372,.T.);
#1916=EDGE_CURVE('',#2016,#2142,#373,.T.);
#1917=EDGE_CURVE('',#2145,#2010,#374,.T.);
#1918=EDGE_CURVE('',#2018,#2141,#375,.T.);
#1919=EDGE_CURVE('',#2146,#2008,#376,.T.);
#1920=EDGE_CURVE('',#2020,#2140,#377,.T.);
#1921=EDGE_CURVE('',#2147,#2006,#378,.T.);
#1922=EDGE_CURVE('',#2022,#2139,#379,.T.);
#1923=EDGE_CURVE('',#2148,#2004,#380,.T.);
#1924=EDGE_CURVE('',#2024,#2138,#381,.T.);
#1925=EDGE_CURVE('',#2149,#2002,#382,.T.);
#1926=EDGE_CURVE('',#2026,#2137,#383,.T.);
#1927=EDGE_CURVE('',#2150,#2000,#384,.T.);
#1928=EDGE_CURVE('',#2028,#2136,#385,.T.);
#1929=EDGE_CURVE('',#2151,#1998,#386,.T.);
#1930=EDGE_CURVE('',#2030,#2135,#387,.T.);
#1931=EDGE_CURVE('',#2152,#1996,#388,.T.);
#1932=EDGE_CURVE('',#2032,#2134,#389,.T.);
#1933=EDGE_CURVE('',#2153,#1994,#390,.T.);
#1934=EDGE_CURVE('',#2034,#2133,#391,.T.);
#1935=EDGE_CURVE('',#2154,#1970,#392,.T.);
#1936=EDGE_CURVE('',#2036,#2132,#393,.T.);
#1937=EDGE_CURVE('',#1966,#2275,#2538,.F.);
#1938=EDGE_CURVE('',#2155,#1965,#394,.T.);
#1939=EDGE_CURVE('',#2277,#1969,#2539,.F.);
#1940=EDGE_CURVE('',#2038,#2131,#395,.T.);
#1941=EDGE_CURVE('',#2156,#1992,#396,.T.);
#1942=EDGE_CURVE('',#2040,#2130,#397,.T.);
#1943=EDGE_CURVE('',#2157,#1986,#398,.T.);
#1944=EDGE_CURVE('',#2042,#2129,#399,.T.);
#1945=EDGE_CURVE('',#2158,#1982,#400,.T.);
#1946=EDGE_CURVE('',#2044,#2128,#401,.T.);
#1947=EDGE_CURVE('',#2159,#1984,#402,.T.);
#1948=EDGE_CURVE('',#2046,#2127,#403,.T.);
#1949=EDGE_CURVE('',#2160,#2062,#404,.T.);
#1950=EDGE_CURVE('',#2048,#2126,#405,.T.);
#1951=EDGE_CURVE('',#2161,#2060,#406,.T.);
#1952=EDGE_CURVE('',#2050,#2125,#407,.T.);
#1953=EDGE_CURVE('',#2121,#2058,#408,.T.);
#1954=EDGE_CURVE('',#2052,#2124,#409,.T.);
#1955=EDGE_CURVE('',#2122,#2056,#410,.T.);
#1956=EDGE_CURVE('',#2054,#2123,#411,.T.);
#1957=EDGE_CURVE('',#1987,#2282,#412,.T.);
#1958=EDGE_CURVE('',#2281,#1990,#413,.T.);
#1959=EDGE_CURVE('',#2279,#1989,#414,.T.);
#1960=EDGE_CURVE('',#1988,#2280,#415,.T.);
#1961=EDGE_CURVE('',#2278,#1969,#416,.T.);
#1962=EDGE_CURVE('',#2276,#1968,#417,.T.);
#1963=EDGE_CURVE('',#2273,#1967,#418,.T.);
#1964=EDGE_CURVE('',#1966,#2274,#419,.T.);
#1965=VERTEX_POINT('',#5233);
#1966=VERTEX_POINT('',#5234);
#1967=VERTEX_POINT('',#5236);
#1968=VERTEX_POINT('',#5238);
#1969=VERTEX_POINT('',#5240);
#1970=VERTEX_POINT('',#5242);
#1971=VERTEX_POINT('',#5244);
#1972=VERTEX_POINT('',#5246);
#1973=VERTEX_POINT('',#5250);
#1974=VERTEX_POINT('',#5251);
#1975=VERTEX_POINT('',#5253);
#1976=VERTEX_POINT('',#5255);
#1977=VERTEX_POINT('',#5257);
#1978=VERTEX_POINT('',#5259);
#1979=VERTEX_POINT('',#5261);
#1980=VERTEX_POINT('',#5263);
#1981=VERTEX_POINT('',#5267);
#1982=VERTEX_POINT('',#5268);
#1983=VERTEX_POINT('',#5270);
#1984=VERTEX_POINT('',#5272);
#1985=VERTEX_POINT('',#5276);
#1986=VERTEX_POINT('',#5277);
#1987=VERTEX_POINT('',#5282);
#1988=VERTEX_POINT('',#5283);
#1989=VERTEX_POINT('',#5285);
#1990=VERTEX_POINT('',#5287);
#1991=VERTEX_POINT('',#5290);
#1992=VERTEX_POINT('',#5291);
#1993=VERTEX_POINT('',#5299);
#1994=VERTEX_POINT('',#5300);
#1995=VERTEX_POINT('',#5305);
#1996=VERTEX_POINT('',#5306);
#1997=VERTEX_POINT('',#5311);
#1998=VERTEX_POINT('',#5312);
#1999=VERTEX_POINT('',#5317);
#2000=VERTEX_POINT('',#5318);
#2001=VERTEX_POINT('',#5323);
#2002=VERTEX_POINT('',#5324);
#2003=VERTEX_POINT('',#5329);
#2004=VERTEX_POINT('',#5330);
#2005=VERTEX_POINT('',#5335);
#2006=VERTEX_POINT('',#5336);
#2007=VERTEX_POINT('',#5341);
#2008=VERTEX_POINT('',#5342);
#2009=VERTEX_POINT('',#5347);
#2010=VERTEX_POINT('',#5348);
#2011=VERTEX_POINT('',#5353);
#2012=VERTEX_POINT('',#5354);
#2013=VERTEX_POINT('',#5359);
#2014=VERTEX_POINT('',#5360);
#2015=VERTEX_POINT('',#5365);
#2016=VERTEX_POINT('',#5366);
#2017=VERTEX_POINT('',#5371);
#2018=VERTEX_POINT('',#5372);
#2019=VERTEX_POINT('',#5377);
#2020=VERTEX_POINT('',#5378);
#2021=VERTEX_POINT('',#5383);
#2022=VERTEX_POINT('',#5384);
#2023=VERTEX_POINT('',#5389);
#2024=VERTEX_POINT('',#5390);
#2025=VERTEX_POINT('',#5395);
#2026=VERTEX_POINT('',#5396);
#2027=VERTEX_POINT('',#5401);
#2028=VERTEX_POINT('',#5402);
#2029=VERTEX_POINT('',#5407);
#2030=VERTEX_POINT('',#5408);
#2031=VERTEX_POINT('',#5413);
#2032=VERTEX_POINT('',#5414);
#2033=VERTEX_POINT('',#5419);
#2034=VERTEX_POINT('',#5420);
#2035=VERTEX_POINT('',#5425);
#2036=VERTEX_POINT('',#5426);
#2037=VERTEX_POINT('',#5431);
#2038=VERTEX_POINT('',#5432);
#2039=VERTEX_POINT('',#5437);
#2040=VERTEX_POINT('',#5438);
#2041=VERTEX_POINT('',#5443);
#2042=VERTEX_POINT('',#5444);
#2043=VERTEX_POINT('',#5449);
#2044=VERTEX_POINT('',#5450);
#2045=VERTEX_POINT('',#5455);
#2046=VERTEX_POINT('',#5456);
#2047=VERTEX_POINT('',#5461);
#2048=VERTEX_POINT('',#5462);
#2049=VERTEX_POINT('',#5467);
#2050=VERTEX_POINT('',#5468);
#2051=VERTEX_POINT('',#5473);
#2052=VERTEX_POINT('',#5474);
#2053=VERTEX_POINT('',#5479);
#2054=VERTEX_POINT('',#5480);
#2055=VERTEX_POINT('',#5485);
#2056=VERTEX_POINT('',#5486);
#2057=VERTEX_POINT('',#5491);
#2058=VERTEX_POINT('',#5492);
#2059=VERTEX_POINT('',#5497);
#2060=VERTEX_POINT('',#5498);
#2061=VERTEX_POINT('',#5503);
#2062=VERTEX_POINT('',#5504);
#2063=VERTEX_POINT('',#5509);
#2064=VERTEX_POINT('',#5511);
#2065=VERTEX_POINT('',#5517);
#2066=VERTEX_POINT('',#5518);
#2067=VERTEX_POINT('',#5520);
#2068=VERTEX_POINT('',#5522);
#2069=VERTEX_POINT('',#5524);
#2070=VERTEX_POINT('',#5526);
#2071=VERTEX_POINT('',#5528);
#2072=VERTEX_POINT('',#5530);
#2073=VERTEX_POINT('',#5532);
#2074=VERTEX_POINT('',#5534);
#2075=VERTEX_POINT('',#5536);
#2076=VERTEX_POINT('',#5538);
#2077=VERTEX_POINT('',#5540);
#2078=VERTEX_POINT('',#5542);
#2079=VERTEX_POINT('',#5544);
#2080=VERTEX_POINT('',#5546);
#2081=VERTEX_POINT('',#5548);
#2082=VERTEX_POINT('',#5550);
#2083=VERTEX_POINT('',#5552);
#2084=VERTEX_POINT('',#5554);
#2085=VERTEX_POINT('',#5556);
#2086=VERTEX_POINT('',#5560);
#2087=VERTEX_POINT('',#5562);
#2088=VERTEX_POINT('',#5564);
#2089=VERTEX_POINT('',#5566);
#2090=VERTEX_POINT('',#5568);
#2091=VERTEX_POINT('',#5570);
#2092=VERTEX_POINT('',#5572);
#2093=VERTEX_POINT('',#5574);
#2094=VERTEX_POINT('',#5576);
#2095=VERTEX_POINT('',#5578);
#2096=VERTEX_POINT('',#5580);
#2097=VERTEX_POINT('',#5582);
#2098=VERTEX_POINT('',#5584);
#2099=VERTEX_POINT('',#5586);
#2100=VERTEX_POINT('',#5588);
#2101=VERTEX_POINT('',#5590);
#2102=VERTEX_POINT('',#5592);
#2103=VERTEX_POINT('',#5594);
#2104=VERTEX_POINT('',#5596);
#2105=VERTEX_POINT('',#5598);
#2106=VERTEX_POINT('',#5600);
#2107=VERTEX_POINT('',#5602);
#2108=VERTEX_POINT('',#5604);
#2109=VERTEX_POINT('',#5606);
#2110=VERTEX_POINT('',#5608);
#2111=VERTEX_POINT('',#5610);
#2112=VERTEX_POINT('',#5612);
#2113=VERTEX_POINT('',#5614);
#2114=VERTEX_POINT('',#5616);
#2115=VERTEX_POINT('',#5618);
#2116=VERTEX_POINT('',#5620);
#2117=VERTEX_POINT('',#5623);
#2118=VERTEX_POINT('',#5625);
#2119=VERTEX_POINT('',#5627);
#2120=VERTEX_POINT('',#5629);
#2121=VERTEX_POINT('',#5632);
#2122=VERTEX_POINT('',#5633);
#2123=VERTEX_POINT('',#5635);
#2124=VERTEX_POINT('',#5637);
#2125=VERTEX_POINT('',#5639);
#2126=VERTEX_POINT('',#5641);
#2127=VERTEX_POINT('',#5643);
#2128=VERTEX_POINT('',#5645);
#2129=VERTEX_POINT('',#5647);
#2130=VERTEX_POINT('',#5649);
#2131=VERTEX_POINT('',#5651);
#2132=VERTEX_POINT('',#5653);
#2133=VERTEX_POINT('',#5655);
#2134=VERTEX_POINT('',#5657);
#2135=VERTEX_POINT('',#5659);
#2136=VERTEX_POINT('',#5661);
#2137=VERTEX_POINT('',#5663);
#2138=VERTEX_POINT('',#5665);
#2139=VERTEX_POINT('',#5667);
#2140=VERTEX_POINT('',#5669);
#2141=VERTEX_POINT('',#5671);
#2142=VERTEX_POINT('',#5673);
#2143=VERTEX_POINT('',#5675);
#2144=VERTEX_POINT('',#5677);
#2145=VERTEX_POINT('',#5679);
#2146=VERTEX_POINT('',#5681);
#2147=VERTEX_POINT('',#5683);
#2148=VERTEX_POINT('',#5685);
#2149=VERTEX_POINT('',#5687);
#2150=VERTEX_POINT('',#5689);
#2151=VERTEX_POINT('',#5691);
#2152=VERTEX_POINT('',#5693);
#2153=VERTEX_POINT('',#5695);
#2154=VERTEX_POINT('',#5697);
#2155=VERTEX_POINT('',#5699);
#2156=VERTEX_POINT('',#5701);
#2157=VERTEX_POINT('',#5703);
#2158=VERTEX_POINT('',#5705);
#2159=VERTEX_POINT('',#5707);
#2160=VERTEX_POINT('',#5709);
#2161=VERTEX_POINT('',#5711);
#2162=VERTEX_POINT('',#5715);
#2163=VERTEX_POINT('',#5717);
#2164=VERTEX_POINT('',#5720);
#2165=VERTEX_POINT('',#5725);
#2166=VERTEX_POINT('',#5727);
#2167=VERTEX_POINT('',#5730);
#2168=VERTEX_POINT('',#5735);
#2169=VERTEX_POINT('',#5737);
#2170=VERTEX_POINT('',#5740);
#2171=VERTEX_POINT('',#5745);
#2172=VERTEX_POINT('',#5747);
#2173=VERTEX_POINT('',#5750);
#2174=VERTEX_POINT('',#5755);
#2175=VERTEX_POINT('',#5757);
#2176=VERTEX_POINT('',#5760);
#2177=VERTEX_POINT('',#5762);
#2178=VERTEX_POINT('',#5765);
#2179=VERTEX_POINT('',#5767);
#2180=VERTEX_POINT('',#5771);
#2181=VERTEX_POINT('',#5775);
#2182=VERTEX_POINT('',#5779);
#2183=VERTEX_POINT('',#5783);
#2184=VERTEX_POINT('',#5789);
#2185=VERTEX_POINT('',#5793);
#2186=VERTEX_POINT('',#5797);
#2187=VERTEX_POINT('',#5801);
#2188=VERTEX_POINT('',#5807);
#2189=VERTEX_POINT('',#5811);
#2190=VERTEX_POINT('',#5815);
#2191=VERTEX_POINT('',#5819);
#2192=VERTEX_POINT('',#5823);
#2193=VERTEX_POINT('',#5827);
#2194=VERTEX_POINT('',#5831);
#2195=VERTEX_POINT('',#5835);
#2196=VERTEX_POINT('',#5839);
#2197=VERTEX_POINT('',#5843);
#2198=VERTEX_POINT('',#5847);
#2199=VERTEX_POINT('',#5851);
#2200=VERTEX_POINT('',#5855);
#2201=VERTEX_POINT('',#5859);
#2202=VERTEX_POINT('',#5863);
#2203=VERTEX_POINT('',#5867);
#2204=VERTEX_POINT('',#5871);
#2205=VERTEX_POINT('',#5875);
#2206=VERTEX_POINT('',#5879);
#2207=VERTEX_POINT('',#5883);
#2208=VERTEX_POINT('',#5889);
#2209=VERTEX_POINT('',#5893);
#2210=VERTEX_POINT('',#5894);
#2211=VERTEX_POINT('',#5896);
#2212=VERTEX_POINT('',#5898);
#2213=VERTEX_POINT('',#5901);
#2214=VERTEX_POINT('',#5905);
#2215=VERTEX_POINT('',#5909);
#2216=VERTEX_POINT('',#5913);
#2217=VERTEX_POINT('',#5917);
#2218=VERTEX_POINT('',#5921);
#2219=VERTEX_POINT('',#5925);
#2220=VERTEX_POINT('',#5929);
#2221=VERTEX_POINT('',#5933);
#2222=VERTEX_POINT('',#5937);
#2223=VERTEX_POINT('',#5941);
#2224=VERTEX_POINT('',#5945);
#2225=VERTEX_POINT('',#5949);
#2226=VERTEX_POINT('',#5953);
#2227=VERTEX_POINT('',#5957);
#2228=VERTEX_POINT('',#5961);
#2229=VERTEX_POINT('',#5965);
#2230=VERTEX_POINT('',#5971);
#2231=VERTEX_POINT('',#5972);
#2232=VERTEX_POINT('',#5974);
#2233=VERTEX_POINT('',#5976);
#2234=VERTEX_POINT('',#5978);
#2235=VERTEX_POINT('',#5980);
#2236=VERTEX_POINT('',#5982);
#2237=VERTEX_POINT('',#5984);
#2238=VERTEX_POINT('',#5986);
#2239=VERTEX_POINT('',#5988);
#2240=VERTEX_POINT('',#5990);
#2241=VERTEX_POINT('',#5992);
#2242=VERTEX_POINT('',#5994);
#2243=VERTEX_POINT('',#5996);
#2244=VERTEX_POINT('',#5998);
#2245=VERTEX_POINT('',#6000);
#2246=VERTEX_POINT('',#6002);
#2247=VERTEX_POINT('',#6004);
#2248=VERTEX_POINT('',#6006);
#2249=VERTEX_POINT('',#6008);
#2250=VERTEX_POINT('',#6010);
#2251=VERTEX_POINT('',#6012);
#2252=VERTEX_POINT('',#6014);
#2253=VERTEX_POINT('',#6016);
#2254=VERTEX_POINT('',#6018);
#2255=VERTEX_POINT('',#6020);
#2256=VERTEX_POINT('',#6022);
#2257=VERTEX_POINT('',#6024);
#2258=VERTEX_POINT('',#6026);
#2259=VERTEX_POINT('',#6028);
#2260=VERTEX_POINT('',#6030);
#2261=VERTEX_POINT('',#6032);
#2262=VERTEX_POINT('',#6034);
#2263=VERTEX_POINT('',#6036);
#2264=VERTEX_POINT('',#6038);
#2265=VERTEX_POINT('',#6040);
#2266=VERTEX_POINT('',#6042);
#2267=VERTEX_POINT('',#6044);
#2268=VERTEX_POINT('',#6046);
#2269=VERTEX_POINT('',#6048);
#2270=VERTEX_POINT('',#6050);
#2271=VERTEX_POINT('',#6056);
#2272=VERTEX_POINT('',#6058);
#2273=VERTEX_POINT('',#6062);
#2274=VERTEX_POINT('',#6064);
#2275=VERTEX_POINT('',#6070);
#2276=VERTEX_POINT('',#6074);
#2277=VERTEX_POINT('',#6078);
#2278=VERTEX_POINT('',#6084);
#2279=VERTEX_POINT('',#6090);
#2280=VERTEX_POINT('',#6092);
#2281=VERTEX_POINT('',#6096);
#2282=VERTEX_POINT('',#6100);
#2283=LINE('',#5232,#2540);
#2284=LINE('',#5237,#2541);
#2285=LINE('',#5241,#2542);
#2286=LINE('',#5243,#2543);
#2287=LINE('',#5245,#2544);
#2288=LINE('',#5247,#2545);
#2289=LINE('',#5252,#2546);
#2290=LINE('',#5254,#2547);
#2291=LINE('',#5256,#2548);
#2292=LINE('',#5258,#2549);
#2293=LINE('',#5260,#2550);
#2294=LINE('',#5264,#2551);
#2295=LINE('',#5266,#2552);
#2296=LINE('',#5269,#2553);
#2297=LINE('',#5271,#2554);
#2298=LINE('',#5273,#2555);
#2299=LINE('',#5275,#2556);
#2300=LINE('',#5281,#2557);
#2301=LINE('',#5286,#2558);
#2302=LINE('',#5289,#2559);
#2303=LINE('',#5292,#2560);
#2304=LINE('',#5293,#2561);
#2305=LINE('',#5298,#2562);
#2306=LINE('',#5304,#2563);
#2307=LINE('',#5307,#2564);
#2308=LINE('',#5308,#2565);
#2309=LINE('',#5310,#2566);
#2310=LINE('',#5316,#2567);
#2311=LINE('',#5319,#2568);
#2312=LINE('',#5320,#2569);
#2313=LINE('',#5322,#2570);
#2314=LINE('',#5328,#2571);
#2315=LINE('',#5334,#2572);
#2316=LINE('',#5337,#2573);
#2317=LINE('',#5338,#2574);
#2318=LINE('',#5340,#2575);
#2319=LINE('',#5346,#2576);
#2320=LINE('',#5349,#2577);
#2321=LINE('',#5350,#2578);
#2322=LINE('',#5352,#2579);
#2323=LINE('',#5358,#2580);
#2324=LINE('',#5361,#2581);
#2325=LINE('',#5362,#2582);
#2326=LINE('',#5364,#2583);
#2327=LINE('',#5370,#2584);
#2328=LINE('',#5373,#2585);
#2329=LINE('',#5374,#2586);
#2330=LINE('',#5376,#2587);
#2331=LINE('',#5382,#2588);
#2332=LINE('',#5385,#2589);
#2333=LINE('',#5386,#2590);
#2334=LINE('',#5388,#2591);
#2335=LINE('',#5394,#2592);
#2336=LINE('',#5397,#2593);
#2337=LINE('',#5398,#2594);
#2338=LINE('',#5400,#2595);
#2339=LINE('',#5406,#2596);
#2340=LINE('',#5409,#2597);
#2341=LINE('',#5410,#2598);
#2342=LINE('',#5412,#2599);
#2343=LINE('',#5418,#2600);
#2344=LINE('',#5421,#2601);
#2345=LINE('',#5422,#2602);
#2346=LINE('',#5424,#2603);
#2347=LINE('',#5430,#2604);
#2348=LINE('',#5433,#2605);
#2349=LINE('',#5434,#2606);
#2350=LINE('',#5436,#2607);
#2351=LINE('',#5442,#2608);
#2352=LINE('',#5445,#2609);
#2353=LINE('',#5446,#2610);
#2354=LINE('',#5448,#2611);
#2355=LINE('',#5454,#2612);
#2356=LINE('',#5457,#2613);
#2357=LINE('',#5458,#2614);
#2358=LINE('',#5460,#2615);
#2359=LINE('',#5466,#2616);
#2360=LINE('',#5469,#2617);
#2361=LINE('',#5470,#2618);
#2362=LINE('',#5472,#2619);
#2363=LINE('',#5478,#2620);
#2364=LINE('',#5481,#2621);
#2365=LINE('',#5482,#2622);
#2366=LINE('',#5484,#2623);
#2367=LINE('',#5490,#2624);
#2368=LINE('',#5493,#2625);
#2369=LINE('',#5494,#2626);
#2370=LINE('',#5496,#2627);
#2371=LINE('',#5502,#2628);
#2372=LINE('',#5505,#2629);
#2373=LINE('',#5506,#2630);
#2374=LINE('',#5516,#2631);
#2375=LINE('',#5519,#2632);
#2376=LINE('',#5523,#2633);
#2377=LINE('',#5527,#2634);
#2378=LINE('',#5531,#2635);
#2379=LINE('',#5535,#2636);
#2380=LINE('',#5539,#2637);
#2381=LINE('',#5543,#2638);
#2382=LINE('',#5547,#2639);
#2383=LINE('',#5551,#2640);
#2384=LINE('',#5555,#2641);
#2385=LINE('',#5558,#2642);
#2386=LINE('',#5561,#2643);
#2387=LINE('',#5565,#2644);
#2388=LINE('',#5569,#2645);
#2389=LINE('',#5573,#2646);
#2390=LINE('',#5577,#2647);
#2391=LINE('',#5581,#2648);
#2392=LINE('',#5585,#2649);
#2393=LINE('',#5589,#2650);
#2394=LINE('',#5593,#2651);
#2395=LINE('',#5597,#2652);
#2396=LINE('',#5601,#2653);
#2397=LINE('',#5603,#2654);
#2398=LINE('',#5607,#2655);
#2399=LINE('',#5611,#2656);
#2400=LINE('',#5613,#2657);
#2401=LINE('',#5615,#2658);
#2402=LINE('',#5619,#2659);
#2403=LINE('',#5631,#2660);
#2404=LINE('',#5636,#2661);
#2405=LINE('',#5640,#2662);
#2406=LINE('',#5644,#2663);
#2407=LINE('',#5648,#2664);
#2408=LINE('',#5652,#2665);
#2409=LINE('',#5656,#2666);
#2410=LINE('',#5660,#2667);
#2411=LINE('',#5664,#2668);
#2412=LINE('',#5668,#2669);
#2413=LINE('',#5672,#2670);
#2414=LINE('',#5676,#2671);
#2415=LINE('',#5680,#2672);
#2416=LINE('',#5684,#2673);
#2417=LINE('',#5690,#2674);
#2418=LINE('',#5694,#2675);
#2419=LINE('',#5698,#2676);
#2420=LINE('',#5702,#2677);
#2421=LINE('',#5706,#2678);
#2422=LINE('',#5710,#2679);
#2423=LINE('',#5754,#2680);
#2424=LINE('',#5756,#2681);
#2425=LINE('',#5758,#2682);
#2426=LINE('',#5759,#2683);
#2427=LINE('',#5761,#2684);
#2428=LINE('',#5763,#2685);
#2429=LINE('',#5764,#2686);
#2430=LINE('',#5766,#2687);
#2431=LINE('',#5768,#2688);
#2432=LINE('',#5770,#2689);
#2433=LINE('',#5772,#2690);
#2434=LINE('',#5774,#2691);
#2435=LINE('',#5778,#2692);
#2436=LINE('',#5780,#2693);
#2437=LINE('',#5782,#2694);
#2438=LINE('',#5786,#2695);
#2439=LINE('',#5788,#2696);
#2440=LINE('',#5790,#2697);
#2441=LINE('',#5792,#2698);
#2442=LINE('',#5796,#2699);
#2443=LINE('',#5798,#2700);
#2444=LINE('',#5800,#2701);
#2445=LINE('',#5804,#2702);
#2446=LINE('',#5806,#2703);
#2447=LINE('',#5810,#2704);
#2448=LINE('',#5812,#2705);
#2449=LINE('',#5814,#2706);
#2450=LINE('',#5818,#2707);
#2451=LINE('',#5820,#2708);
#2452=LINE('',#5822,#2709);
#2453=LINE('',#5826,#2710);
#2454=LINE('',#5828,#2711);
#2455=LINE('',#5830,#2712);
#2456=LINE('',#5834,#2713);
#2457=LINE('',#5836,#2714);
#2458=LINE('',#5838,#2715);
#2459=LINE('',#5842,#2716);
#2460=LINE('',#5844,#2717);
#2461=LINE('',#5846,#2718);
#2462=LINE('',#5850,#2719);
#2463=LINE('',#5852,#2720);
#2464=LINE('',#5854,#2721);
#2465=LINE('',#5858,#2722);
#2466=LINE('',#5860,#2723);
#2467=LINE('',#5862,#2724);
#2468=LINE('',#5866,#2725);
#2469=LINE('',#5868,#2726);
#2470=LINE('',#5870,#2727);
#2471=LINE('',#5874,#2728);
#2472=LINE('',#5876,#2729);
#2473=LINE('',#5878,#2730);
#2474=LINE('',#5882,#2731);
#2475=LINE('',#5884,#2732);
#2476=LINE('',#5888,#2733);
#2477=LINE('',#5895,#2734);
#2478=LINE('',#5899,#2735);
#2479=LINE('',#5900,#2736);
#2480=LINE('',#5902,#2737);
#2481=LINE('',#5904,#2738);
#2482=LINE('',#5908,#2739);
#2483=LINE('',#5910,#2740);
#2484=LINE('',#5912,#2741);
#2485=LINE('',#5916,#2742);
#2486=LINE('',#5918,#2743);
#2487=LINE('',#5920,#2744);
#2488=LINE('',#5924,#2745);
#2489=LINE('',#5926,#2746);
#2490=LINE('',#5928,#2747);
#2491=LINE('',#5932,#2748);
#2492=LINE('',#5934,#2749);
#2493=LINE('',#5936,#2750);
#2494=LINE('',#5940,#2751);
#2495=LINE('',#5942,#2752);
#2496=LINE('',#5944,#2753);
#2497=LINE('',#5948,#2754);
#2498=LINE('',#5950,#2755);
#2499=LINE('',#5952,#2756);
#2500=LINE('',#5956,#2757);
#2501=LINE('',#5958,#2758);
#2502=LINE('',#5960,#2759);
#2503=LINE('',#5964,#2760);
#2504=LINE('',#5966,#2761);
#2505=LINE('',#5970,#2762);
#2506=LINE('',#5975,#2763);
#2507=LINE('',#5979,#2764);
#2508=LINE('',#5983,#2765);
#2509=LINE('',#5987,#2766);
#2510=LINE('',#5991,#2767);
#2511=LINE('',#5995,#2768);
#2512=LINE('',#5999,#2769);
#2513=LINE('',#6005,#2770);
#2514=LINE('',#6009,#2771);
#2515=LINE('',#6013,#2772);
#2516=LINE('',#6017,#2773);
#2517=LINE('',#6021,#2774);
#2518=LINE('',#6025,#2775);
#2519=LINE('',#6029,#2776);
#2520=LINE('',#6033,#2777);
#2521=LINE('',#6037,#2778);
#2522=LINE('',#6041,#2779);
#2523=LINE('',#6045,#2780);
#2524=LINE('',#6049,#2781);
#2525=LINE('',#6057,#2782);
#2526=LINE('',#6061,#2783);
#2527=LINE('',#6071,#2784);
#2528=LINE('',#6073,#2785);
#2529=LINE('',#6075,#2786);
#2530=LINE('',#6077,#2787);
#2531=LINE('',#6087,#2788);
#2532=LINE('',#6089,#2789);
#2533=LINE('',#6093,#2790);
#2534=LINE('',#6095,#2791);
#2535=LINE('',#6097,#2792);
#2536=LINE('',#6099,#2793);
#2537=LINE('',#6103,#2794);
#2538=LINE('',#6232,#2795);
#2539=LINE('',#6234,#2796);
#2540=VECTOR('',#4037,1.);
#2541=VECTOR('',#4040,1.);
#2542=VECTOR('',#4043,1.);
#2543=VECTOR('',#4044,1.);
#2544=VECTOR('',#4045,1.);
#2545=VECTOR('',#4046,1.);
#2546=VECTOR('',#4051,1.);
#2547=VECTOR('',#4052,1.);
#2548=VECTOR('',#4053,1.);
#2549=VECTOR('',#4054,1.);
#2550=VECTOR('',#4055,1.);
#2551=VECTOR('',#4058,1.);
#2552=VECTOR('',#4061,1.);
#2553=VECTOR('',#4062,1.);
#2554=VECTOR('',#4063,1.);
#2555=VECTOR('',#4064,1.);
#2556=VECTOR('',#4067,1.);
#2557=VECTOR('',#4074,1.);
#2558=VECTOR('',#4077,1.);
#2559=VECTOR('',#4080,1.);
#2560=VECTOR('',#4081,1.);
#2561=VECTOR('',#4082,1.);
#2562=VECTOR('',#4091,1.);
#2563=VECTOR('',#4098,1.);
#2564=VECTOR('',#4099,1.);
#2565=VECTOR('',#4100,1.);
#2566=VECTOR('',#4103,1.);
#2567=VECTOR('',#4110,1.);
#2568=VECTOR('',#4111,1.);
#2569=VECTOR('',#4112,1.);
#2570=VECTOR('',#4115,1.);
#2571=VECTOR('',#4122,1.);
#2572=VECTOR('',#4129,1.);
#2573=VECTOR('',#4130,1.);
#2574=VECTOR('',#4131,1.);
#2575=VECTOR('',#4134,1.);
#2576=VECTOR('',#4141,1.);
#2577=VECTOR('',#4142,1.);
#2578=VECTOR('',#4143,1.);
#2579=VECTOR('',#4146,1.);
#2580=VECTOR('',#4153,1.);
#2581=VECTOR('',#4154,1.);
#2582=VECTOR('',#4155,1.);
#2583=VECTOR('',#4158,1.);
#2584=VECTOR('',#4165,1.);
#2585=VECTOR('',#4166,1.);
#2586=VECTOR('',#4167,1.);
#2587=VECTOR('',#4170,1.);
#2588=VECTOR('',#4177,1.);
#2589=VECTOR('',#4178,1.);
#2590=VECTOR('',#4179,1.);
#2591=VECTOR('',#4182,1.);
#2592=VECTOR('',#4189,1.);
#2593=VECTOR('',#4190,1.);
#2594=VECTOR('',#4191,1.);
#2595=VECTOR('',#4194,1.);
#2596=VECTOR('',#4201,1.);
#2597=VECTOR('',#4202,1.);
#2598=VECTOR('',#4203,1.);
#2599=VECTOR('',#4206,1.);
#2600=VECTOR('',#4213,1.);
#2601=VECTOR('',#4214,1.);
#2602=VECTOR('',#4215,1.);
#2603=VECTOR('',#4218,1.);
#2604=VECTOR('',#4225,1.);
#2605=VECTOR('',#4226,1.);
#2606=VECTOR('',#4227,1.);
#2607=VECTOR('',#4230,1.);
#2608=VECTOR('',#4237,1.);
#2609=VECTOR('',#4238,1.);
#2610=VECTOR('',#4239,1.);
#2611=VECTOR('',#4242,1.);
#2612=VECTOR('',#4249,1.);
#2613=VECTOR('',#4250,1.);
#2614=VECTOR('',#4251,1.);
#2615=VECTOR('',#4254,1.);
#2616=VECTOR('',#4261,1.);
#2617=VECTOR('',#4262,1.);
#2618=VECTOR('',#4263,1.);
#2619=VECTOR('',#4266,1.);
#2620=VECTOR('',#4273,1.);
#2621=VECTOR('',#4274,1.);
#2622=VECTOR('',#4275,1.);
#2623=VECTOR('',#4278,1.);
#2624=VECTOR('',#4285,1.);
#2625=VECTOR('',#4286,1.);
#2626=VECTOR('',#4287,1.);
#2627=VECTOR('',#4290,1.);
#2628=VECTOR('',#4297,1.);
#2629=VECTOR('',#4298,1.);
#2630=VECTOR('',#4299,1.);
#2631=VECTOR('',#4314,1.);
#2632=VECTOR('',#4315,1.);
#2633=VECTOR('',#4318,1.);
#2634=VECTOR('',#4321,1.);
#2635=VECTOR('',#4324,1.);
#2636=VECTOR('',#4327,1.);
#2637=VECTOR('',#4330,1.);
#2638=VECTOR('',#4333,1.);
#2639=VECTOR('',#4336,1.);
#2640=VECTOR('',#4339,1.);
#2641=VECTOR('',#4342,1.);
#2642=VECTOR('',#4345,1.);
#2643=VECTOR('',#4348,1.);
#2644=VECTOR('',#4351,1.);
#2645=VECTOR('',#4354,1.);
#2646=VECTOR('',#4357,1.);
#2647=VECTOR('',#4360,1.);
#2648=VECTOR('',#4363,1.);
#2649=VECTOR('',#4366,1.);
#2650=VECTOR('',#4369,1.);
#2651=VECTOR('',#4372,1.);
#2652=VECTOR('',#4375,1.);
#2653=VECTOR('',#4378,1.);
#2654=VECTOR('',#4379,1.);
#2655=VECTOR('',#4382,1.);
#2656=VECTOR('',#4385,1.);
#2657=VECTOR('',#4386,1.);
#2658=VECTOR('',#4387,1.);
#2659=VECTOR('',#4390,1.);
#2660=VECTOR('',#4403,1.);
#2661=VECTOR('',#4406,1.);
#2662=VECTOR('',#4409,1.);
#2663=VECTOR('',#4412,1.);
#2664=VECTOR('',#4415,1.);
#2665=VECTOR('',#4418,1.);
#2666=VECTOR('',#4421,1.);
#2667=VECTOR('',#4424,1.);
#2668=VECTOR('',#4427,1.);
#2669=VECTOR('',#4430,1.);
#2670=VECTOR('',#4433,1.);
#2671=VECTOR('',#4436,1.);
#2672=VECTOR('',#4439,1.);
#2673=VECTOR('',#4442,1.);
#2674=VECTOR('',#4447,1.);
#2675=VECTOR('',#4450,1.);
#2676=VECTOR('',#4453,1.);
#2677=VECTOR('',#4456,1.);
#2678=VECTOR('',#4459,1.);
#2679=VECTOR('',#4462,1.);
#2680=VECTOR('',#4523,1.);
#2681=VECTOR('',#4524,1.);
#2682=VECTOR('',#4525,1.);
#2683=VECTOR('',#4526,1.);
#2684=VECTOR('',#4527,1.);
#2685=VECTOR('',#4528,1.);
#2686=VECTOR('',#4529,1.);
#2687=VECTOR('',#4530,1.);
#2688=VECTOR('',#4531,1.);
#2689=VECTOR('',#4534,1.);
#2690=VECTOR('',#4535,1.);
#2691=VECTOR('',#4538,1.);
#2692=VECTOR('',#4543,1.);
#2693=VECTOR('',#4544,1.);
#2694=VECTOR('',#4547,1.);
#2695=VECTOR('',#4552,1.);
#2696=VECTOR('',#4555,1.);
#2697=VECTOR('',#4556,1.);
#2698=VECTOR('',#4559,1.);
#2699=VECTOR('',#4564,1.);
#2700=VECTOR('',#4565,1.);
#2701=VECTOR('',#4568,1.);
#2702=VECTOR('',#4573,1.);
#2703=VECTOR('',#4576,1.);
#2704=VECTOR('',#4581,1.);
#2705=VECTOR('',#4582,1.);
#2706=VECTOR('',#4585,1.);
#2707=VECTOR('',#4590,1.);
#2708=VECTOR('',#4591,1.);
#2709=VECTOR('',#4594,1.);
#2710=VECTOR('',#4599,1.);
#2711=VECTOR('',#4600,1.);
#2712=VECTOR('',#4603,1.);
#2713=VECTOR('',#4608,1.);
#2714=VECTOR('',#4609,1.);
#2715=VECTOR('',#4612,1.);
#2716=VECTOR('',#4617,1.);
#2717=VECTOR('',#4618,1.);
#2718=VECTOR('',#4621,1.);
#2719=VECTOR('',#4626,1.);
#2720=VECTOR('',#4627,1.);
#2721=VECTOR('',#4630,1.);
#2722=VECTOR('',#4635,1.);
#2723=VECTOR('',#4636,1.);
#2724=VECTOR('',#4639,1.);
#2725=VECTOR('',#4644,1.);
#2726=VECTOR('',#4645,1.);
#2727=VECTOR('',#4648,1.);
#2728=VECTOR('',#4653,1.);
#2729=VECTOR('',#4654,1.);
#2730=VECTOR('',#4657,1.);
#2731=VECTOR('',#4662,1.);
#2732=VECTOR('',#4663,1.);
#2733=VECTOR('',#4670,1.);
#2734=VECTOR('',#4677,1.);
#2735=VECTOR('',#4680,1.);
#2736=VECTOR('',#4681,1.);
#2737=VECTOR('',#4682,1.);
#2738=VECTOR('',#4685,1.);
#2739=VECTOR('',#4690,1.);
#2740=VECTOR('',#4691,1.);
#2741=VECTOR('',#4694,1.);
#2742=VECTOR('',#4699,1.);
#2743=VECTOR('',#4700,1.);
#2744=VECTOR('',#4703,1.);
#2745=VECTOR('',#4708,1.);
#2746=VECTOR('',#4709,1.);
#2747=VECTOR('',#4712,1.);
#2748=VECTOR('',#4717,1.);
#2749=VECTOR('',#4718,1.);
#2750=VECTOR('',#4721,1.);
#2751=VECTOR('',#4726,1.);
#2752=VECTOR('',#4727,1.);
#2753=VECTOR('',#4730,1.);
#2754=VECTOR('',#4735,1.);
#2755=VECTOR('',#4736,1.);
#2756=VECTOR('',#4739,1.);
#2757=VECTOR('',#4744,1.);
#2758=VECTOR('',#4745,1.);
#2759=VECTOR('',#4748,1.);
#2760=VECTOR('',#4753,1.);
#2761=VECTOR('',#4754,1.);
#2762=VECTOR('',#4761,1.);
#2763=VECTOR('',#4764,1.);
#2764=VECTOR('',#4767,1.);
#2765=VECTOR('',#4770,1.);
#2766=VECTOR('',#4773,1.);
#2767=VECTOR('',#4776,1.);
#2768=VECTOR('',#4779,1.);
#2769=VECTOR('',#4782,1.);
#2770=VECTOR('',#4787,1.);
#2771=VECTOR('',#4790,1.);
#2772=VECTOR('',#4793,1.);
#2773=VECTOR('',#4796,1.);
#2774=VECTOR('',#4799,1.);
#2775=VECTOR('',#4802,1.);
#2776=VECTOR('',#4805,1.);
#2777=VECTOR('',#4808,1.);
#2778=VECTOR('',#4811,1.);
#2779=VECTOR('',#4814,1.);
#2780=VECTOR('',#4817,1.);
#2781=VECTOR('',#4820,1.);
#2782=VECTOR('',#4831,1.);
#2783=VECTOR('',#4836,1.);
#2784=VECTOR('',#4839,1.);
#2785=VECTOR('',#4842,1.);
#2786=VECTOR('',#4843,1.);
#2787=VECTOR('',#4846,1.);
#2788=VECTOR('',#4851,1.);
#2789=VECTOR('',#4854,1.);
#2790=VECTOR('',#4857,1.);
#2791=VECTOR('',#4860,1.);
#2792=VECTOR('',#4861,1.);
#2793=VECTOR('',#4864,1.);
#2794=VECTOR('',#4869,1.);
#2795=VECTOR('',#5126,1.);
#2796=VECTOR('',#5129,1.);
#2797=EDGE_LOOP('',(#420,#421,#422,#423,#424,#425,#426,#427));
#2798=EDGE_LOOP('',(#428,#429,#430,#431,#432,#433,#434,#435));
#2799=EDGE_LOOP('',(#436,#437,#438,#439));
#2800=EDGE_LOOP('',(#440,#441,#442,#443));
#2801=EDGE_LOOP('',(#444,#445,#446,#447));
#2802=EDGE_LOOP('',(#448,#449,#450,#451));
#2803=EDGE_LOOP('',(#452,#453,#454,#455));
#2804=EDGE_LOOP('',(#456,#457,#458,#459));
#2805=EDGE_LOOP('',(#460,#461,#462,#463));
#2806=EDGE_LOOP('',(#464,#465,#466,#467));
#2807=EDGE_LOOP('',(#468,#469,#470,#471));
#2808=EDGE_LOOP('',(#472,#473,#474,#475));
#2809=EDGE_LOOP('',(#476,#477,#478,#479));
#2810=EDGE_LOOP('',(#480,#481,#482,#483));
#2811=EDGE_LOOP('',(#484,#485,#486,#487));
#2812=EDGE_LOOP('',(#488,#489,#490,#491));
#2813=EDGE_LOOP('',(#492,#493,#494,#495));
#2814=EDGE_LOOP('',(#496,#497,#498,#499));
#2815=EDGE_LOOP('',(#500,#501,#502,#503));
#2816=EDGE_LOOP('',(#504,#505,#506,#507));
#2817=EDGE_LOOP('',(#508,#509,#510,#511));
#2818=EDGE_LOOP('',(#512,#513,#514,#515));
#2819=EDGE_LOOP('',(#516,#517,#518,#519));
#2820=EDGE_LOOP('',(#520,#521,#522,#523));
#2821=EDGE_LOOP('',(#524,#525,#526,#527));
#2822=EDGE_LOOP('',(#528,#529,#530,#531));
#2823=EDGE_LOOP('',(#532,#533,#534,#535));
#2824=EDGE_LOOP('',(#536,#537,#538,#539));
#2825=EDGE_LOOP('',(#540,#541,#542,#543));
#2826=EDGE_LOOP('',(#544,#545,#546,#547));
#2827=EDGE_LOOP('',(#548,#549,#550,#551));
#2828=EDGE_LOOP('',(#552,#553,#554,#555));
#2829=EDGE_LOOP('',(#556,#557,#558,#559));
#2830=EDGE_LOOP('',(#560,#561,#562,#563));
#2831=EDGE_LOOP('',(#564,#565,#566,#567));
#2832=EDGE_LOOP('',(#568,#569,#570,#571));
#2833=EDGE_LOOP('',(#572,#573,#574,#575));
#2834=EDGE_LOOP('',(#576,#577,#578,#579));
#2835=EDGE_LOOP('',(#580,#581,#582,#583));
#2836=EDGE_LOOP('',(#584,#585,#586,#587));
#2837=EDGE_LOOP('',(#588,#589,#590,#591));
#2838=EDGE_LOOP('',(#592,#593,#594,#595));
#2839=EDGE_LOOP('',(#596));
#2840=EDGE_LOOP('',(#597));
#2841=EDGE_LOOP('',(#598,#599,#600,#601));
#2842=EDGE_LOOP('',(#602,#603,#604,#605,#606,#607,#608,#609,#610,#611,#612,
#613,#614,#615,#616,#617,#618,#619,#620,#621,#622,#623,#624,#625,#626,#627,
#628,#629,#630,#631,#632,#633,#634,#635,#636,#637,#638,#639,#640,#641,#642,
#643,#644,#645,#646,#647,#648,#649,#650,#651,#652,#653,#654,#655,#656,#657));
#2843=EDGE_LOOP('',(#658));
#2844=EDGE_LOOP('',(#659));
#2845=EDGE_LOOP('',(#660));
#2846=EDGE_LOOP('',(#661));
#2847=EDGE_LOOP('',(#662));
#2848=EDGE_LOOP('',(#663,#664,#665,#666,#667,#668,#669,#670,#671,#672,#673,
#674,#675,#676,#677,#678,#679,#680,#681,#682,#683,#684,#685,#686,#687,#688,
#689,#690,#691,#692,#693,#694,#695,#696,#697,#698,#699,#700,#701,#702,#703));
#2849=EDGE_LOOP('',(#704));
#2850=EDGE_LOOP('',(#705));
#2851=EDGE_LOOP('',(#706));
#2852=EDGE_LOOP('',(#707));
#2853=EDGE_LOOP('',(#708));
#2854=EDGE_LOOP('',(#709));
#2855=EDGE_LOOP('',(#710));
#2856=EDGE_LOOP('',(#711));
#2857=EDGE_LOOP('',(#712));
#2858=EDGE_LOOP('',(#713));
#2859=EDGE_LOOP('',(#714));
#2860=EDGE_LOOP('',(#715));
#2861=EDGE_LOOP('',(#716));
#2862=EDGE_LOOP('',(#717));
#2863=EDGE_LOOP('',(#718));
#2864=EDGE_LOOP('',(#719));
#2865=EDGE_LOOP('',(#720));
#2866=EDGE_LOOP('',(#721));
#2867=EDGE_LOOP('',(#722));
#2868=EDGE_LOOP('',(#723));
#2869=EDGE_LOOP('',(#724));
#2870=EDGE_LOOP('',(#725));
#2871=EDGE_LOOP('',(#726));
#2872=EDGE_LOOP('',(#727));
#2873=EDGE_LOOP('',(#728));
#2874=EDGE_LOOP('',(#729));
#2875=EDGE_LOOP('',(#730));
#2876=EDGE_LOOP('',(#731));
#2877=EDGE_LOOP('',(#732));
#2878=EDGE_LOOP('',(#733,#734,#735,#736,#737,#738,#739,#740,#741,#742,#743,
#744));
#2879=EDGE_LOOP('',(#745,#746,#747,#748));
#2880=EDGE_LOOP('',(#749,#750,#751,#752));
#2881=EDGE_LOOP('',(#753,#754,#755,#756));
#2882=EDGE_LOOP('',(#757,#758,#759,#760));
#2883=EDGE_LOOP('',(#761,#762,#763,#764));
#2884=EDGE_LOOP('',(#765,#766,#767,#768));
#2885=EDGE_LOOP('',(#769,#770,#771,#772));
#2886=EDGE_LOOP('',(#773,#774,#775,#776));
#2887=EDGE_LOOP('',(#777,#778,#779,#780));
#2888=EDGE_LOOP('',(#781,#782,#783,#784));
#2889=EDGE_LOOP('',(#785,#786,#787,#788));
#2890=EDGE_LOOP('',(#789,#790,#791,#792));
#2891=EDGE_LOOP('',(#793,#794,#795,#796));
#2892=EDGE_LOOP('',(#797,#798,#799,#800));
#2893=EDGE_LOOP('',(#801,#802,#803,#804));
#2894=EDGE_LOOP('',(#805,#806,#807,#808));
#2895=EDGE_LOOP('',(#809,#810,#811,#812));
#2896=EDGE_LOOP('',(#813,#814,#815,#816));
#2897=EDGE_LOOP('',(#817,#818,#819,#820));
#2898=EDGE_LOOP('',(#821,#822,#823,#824));
#2899=EDGE_LOOP('',(#825,#826,#827,#828));
#2900=EDGE_LOOP('',(#829,#830,#831,#832));
#2901=EDGE_LOOP('',(#833,#834,#835,#836));
#2902=EDGE_LOOP('',(#837,#838,#839,#840));
#2903=EDGE_LOOP('',(#841,#842,#843,#844));
#2904=EDGE_LOOP('',(#845,#846,#847,#848));
#2905=EDGE_LOOP('',(#849,#850,#851,#852));
#2906=EDGE_LOOP('',(#853,#854,#855,#856));
#2907=EDGE_LOOP('',(#857,#858,#859,#860));
#2908=EDGE_LOOP('',(#861,#862,#863,#864));
#2909=EDGE_LOOP('',(#865,#866,#867,#868));
#2910=EDGE_LOOP('',(#869,#870,#871,#872));
#2911=EDGE_LOOP('',(#873,#874,#875,#876));
#2912=EDGE_LOOP('',(#877,#878,#879,#880));
#2913=EDGE_LOOP('',(#881,#882,#883,#884));
#2914=EDGE_LOOP('',(#885,#886,#887,#888));
#2915=EDGE_LOOP('',(#889,#890,#891,#892));
#2916=EDGE_LOOP('',(#893,#894,#895,#896));
#2917=EDGE_LOOP('',(#897,#898,#899,#900));
#2918=EDGE_LOOP('',(#901,#902,#903,#904));
#2919=EDGE_LOOP('',(#905,#906,#907,#908));
#2920=EDGE_LOOP('',(#909,#910,#911,#912));
#2921=EDGE_LOOP('',(#913,#914,#915,#916));
#2922=EDGE_LOOP('',(#917,#918,#919,#920));
#2923=EDGE_LOOP('',(#921,#922,#923,#924));
#2924=EDGE_LOOP('',(#925,#926,#927,#928));
#2925=EDGE_LOOP('',(#929,#930,#931,#932));
#2926=EDGE_LOOP('',(#933,#934,#935,#936));
#2927=EDGE_LOOP('',(#937,#938,#939,#940));
#2928=EDGE_LOOP('',(#941,#942,#943,#944));
#2929=EDGE_LOOP('',(#945,#946,#947,#948));
#2930=EDGE_LOOP('',(#949,#950,#951,#952,#953,#954,#955,#956,#957,#958,#959,
#960,#961,#962,#963,#964,#965,#966,#967,#968,#969,#970,#971,#972,#973,#974,
#975,#976,#977,#978,#979,#980,#981,#982,#983,#984,#985,#986,#987,#988,#989));
#2931=EDGE_LOOP('',(#990,#991,#992,#993,#994,#995,#996,#997,#998,#999,#1000,
#1001,#1002,#1003,#1004,#1005,#1006,#1007,#1008,#1009,#1010,#1011,#1012,
#1013,#1014,#1015,#1016,#1017,#1018,#1019,#1020,#1021,#1022,#1023,#1024,
#1025,#1026,#1027,#1028,#1029,#1030,#1031));
#2932=EDGE_LOOP('',(#1032,#1033,#1034,#1035,#1036,#1037));
#2933=EDGE_LOOP('',(#1038,#1039,#1040,#1041,#1042,#1043));
#2934=EDGE_LOOP('',(#1044,#1045,#1046,#1047));
#2935=EDGE_LOOP('',(#1048,#1049,#1050,#1051,#1052,#1053));
#2936=EDGE_LOOP('',(#1054,#1055,#1056,#1057));
#2937=EDGE_LOOP('',(#1058,#1059,#1060,#1061,#1062,#1063));
#2938=EDGE_LOOP('',(#1064,#1065,#1066,#1067));
#2939=EDGE_LOOP('',(#1068,#1069,#1070,#1071));
#2940=EDGE_LOOP('',(#1072,#1073,#1074,#1075));
#2941=EDGE_LOOP('',(#1076,#1077,#1078,#1079));
#2942=EDGE_LOOP('',(#1080,#1081,#1082,#1083));
#2943=EDGE_LOOP('',(#1084,#1085,#1086,#1087));
#2944=EDGE_LOOP('',(#1088,#1089,#1090,#1091));
#2945=EDGE_LOOP('',(#1092,#1093,#1094,#1095));
#2946=EDGE_LOOP('',(#1096,#1097,#1098,#1099));
#2947=EDGE_LOOP('',(#1100,#1101,#1102,#1103));
#2948=EDGE_LOOP('',(#1104,#1105,#1106,#1107));
#2949=EDGE_LOOP('',(#1108,#1109,#1110,#1111));
#2950=EDGE_LOOP('',(#1112,#1113,#1114,#1115));
#2951=EDGE_LOOP('',(#1116,#1117,#1118,#1119));
#2952=EDGE_LOOP('',(#1120,#1121,#1122,#1123));
#2953=EDGE_LOOP('',(#1124,#1125,#1126,#1127));
#2954=EDGE_LOOP('',(#1128,#1129,#1130,#1131));
#2955=EDGE_LOOP('',(#1132,#1133,#1134,#1135));
#2956=EDGE_LOOP('',(#1136,#1137,#1138,#1139));
#2957=EDGE_LOOP('',(#1140,#1141,#1142,#1143));
#2958=EDGE_LOOP('',(#1144,#1145,#1146,#1147));
#2959=EDGE_LOOP('',(#1148,#1149,#1150,#1151));
#2960=EDGE_LOOP('',(#1152,#1153,#1154,#1155));
#2961=EDGE_LOOP('',(#1156,#1157,#1158,#1159));
#2962=EDGE_LOOP('',(#1160,#1161,#1162,#1163));
#2963=EDGE_LOOP('',(#1164,#1165,#1166,#1167));
#2964=EDGE_LOOP('',(#1168,#1169,#1170,#1171));
#2965=EDGE_LOOP('',(#1172,#1173,#1174,#1175));
#2966=EDGE_LOOP('',(#1176,#1177,#1178,#1179));
#2967=EDGE_LOOP('',(#1180,#1181,#1182,#1183));
#2968=EDGE_LOOP('',(#1184,#1185,#1186,#1187));
#2969=EDGE_LOOP('',(#1188,#1189,#1190,#1191));
#2970=EDGE_LOOP('',(#1192,#1193,#1194,#1195));
#2971=EDGE_LOOP('',(#1196,#1197,#1198,#1199));
#2972=EDGE_LOOP('',(#1200,#1201,#1202,#1203));
#2973=EDGE_LOOP('',(#1204,#1205,#1206,#1207));
#2974=EDGE_LOOP('',(#1208,#1209,#1210,#1211));
#2975=EDGE_LOOP('',(#1212,#1213,#1214,#1215));
#2976=EDGE_LOOP('',(#1216,#1217,#1218,#1219));
#2977=EDGE_LOOP('',(#1220,#1221,#1222,#1223));
#2978=EDGE_LOOP('',(#1224,#1225,#1226,#1227));
#2979=EDGE_LOOP('',(#1228,#1229,#1230,#1231));
#2980=EDGE_LOOP('',(#1232,#1233,#1234,#1235));
#2981=EDGE_LOOP('',(#1236,#1237,#1238,#1239));
#2982=EDGE_LOOP('',(#1240,#1241,#1242,#1243));
#2983=EDGE_LOOP('',(#1244,#1245,#1246,#1247));
#2984=EDGE_LOOP('',(#1248,#1249,#1250,#1251));
#2985=EDGE_LOOP('',(#1252,#1253,#1254,#1255));
#2986=EDGE_LOOP('',(#1256,#1257,#1258,#1259));
#2987=EDGE_LOOP('',(#1260,#1261,#1262,#1263));
#2988=EDGE_LOOP('',(#1264,#1265,#1266,#1267));
#2989=EDGE_LOOP('',(#1268,#1269,#1270,#1271));
#2990=EDGE_LOOP('',(#1272,#1273,#1274,#1275));
#2991=EDGE_LOOP('',(#1276,#1277,#1278,#1279));
#2992=EDGE_LOOP('',(#1280,#1281,#1282,#1283));
#2993=EDGE_LOOP('',(#1284,#1285,#1286,#1287));
#2994=EDGE_LOOP('',(#1288,#1289,#1290,#1291));
#2995=EDGE_LOOP('',(#1292,#1293,#1294,#1295));
#2996=EDGE_LOOP('',(#1296,#1297,#1298,#1299));
#2997=EDGE_LOOP('',(#1300,#1301,#1302,#1303));
#2998=EDGE_LOOP('',(#1304,#1305,#1306,#1307));
#2999=EDGE_LOOP('',(#1308,#1309,#1310,#1311));
#3000=EDGE_LOOP('',(#1312,#1313,#1314,#1315));
#3001=EDGE_LOOP('',(#1316,#1317,#1318,#1319));
#3002=EDGE_LOOP('',(#1320,#1321,#1322,#1323));
#3003=EDGE_LOOP('',(#1324,#1325,#1326,#1327));
#3004=EDGE_LOOP('',(#1328,#1329,#1330,#1331));
#3005=EDGE_LOOP('',(#1332,#1333,#1334,#1335));
#3006=EDGE_LOOP('',(#1336,#1337,#1338,#1339,#1340,#1341,#1342,#1343));
#3007=EDGE_LOOP('',(#1344,#1345,#1346,#1347));
#3008=EDGE_LOOP('',(#1348,#1349,#1350,#1351));
#3009=EDGE_LOOP('',(#1352,#1353,#1354,#1355));
#3010=EDGE_LOOP('',(#1356,#1357,#1358,#1359));
#3011=EDGE_LOOP('',(#1360,#1361,#1362,#1363));
#3012=EDGE_LOOP('',(#1364,#1365,#1366,#1367));
#3013=EDGE_LOOP('',(#1368,#1369,#1370,#1371));
#3014=EDGE_LOOP('',(#1372,#1373,#1374,#1375));
#3015=EDGE_LOOP('',(#1376,#1377,#1378,#1379));
#3016=EDGE_LOOP('',(#1380,#1381,#1382,#1383));
#3017=EDGE_LOOP('',(#1384,#1385,#1386,#1387));
#3018=EDGE_LOOP('',(#1388,#1389,#1390,#1391));
#3019=EDGE_LOOP('',(#1392,#1393,#1394,#1395));
#3020=EDGE_LOOP('',(#1396,#1397,#1398,#1399));
#3021=EDGE_LOOP('',(#1400,#1401,#1402,#1403));
#3022=EDGE_LOOP('',(#1404,#1405,#1406,#1407));
#3023=EDGE_LOOP('',(#1408,#1409,#1410,#1411));
#3024=EDGE_LOOP('',(#1412,#1413,#1414,#1415));
#3025=EDGE_LOOP('',(#1416,#1417,#1418,#1419));
#3026=EDGE_LOOP('',(#1420,#1421,#1422,#1423));
#3027=EDGE_LOOP('',(#1424,#1425,#1426,#1427));
#3028=EDGE_LOOP('',(#1428,#1429,#1430,#1431));
#3029=EDGE_LOOP('',(#1432,#1433,#1434));
#3030=EDGE_LOOP('',(#1435,#1436,#1437,#1438));
#3031=EDGE_LOOP('',(#1439,#1440,#1441,#1442));
#3032=EDGE_LOOP('',(#1443,#1444,#1445));
#3033=EDGE_LOOP('',(#1446,#1447,#1448,#1449));
#3034=FACE_BOUND('',#2797,.T.);
#3035=FACE_BOUND('',#2798,.T.);
#3036=FACE_BOUND('',#2799,.T.);
#3037=FACE_BOUND('',#2800,.T.);
#3038=FACE_BOUND('',#2801,.T.);
#3039=FACE_BOUND('',#2802,.T.);
#3040=FACE_BOUND('',#2803,.T.);
#3041=FACE_BOUND('',#2804,.T.);
#3042=FACE_BOUND('',#2805,.T.);
#3043=FACE_BOUND('',#2806,.T.);
#3044=FACE_BOUND('',#2807,.T.);
#3045=FACE_BOUND('',#2808,.T.);
#3046=FACE_BOUND('',#2809,.T.);
#3047=FACE_BOUND('',#2810,.T.);
#3048=FACE_BOUND('',#2811,.T.);
#3049=FACE_BOUND('',#2812,.T.);
#3050=FACE_BOUND('',#2813,.T.);
#3051=FACE_BOUND('',#2814,.T.);
#3052=FACE_BOUND('',#2815,.T.);
#3053=FACE_BOUND('',#2816,.T.);
#3054=FACE_BOUND('',#2817,.T.);
#3055=FACE_BOUND('',#2818,.T.);
#3056=FACE_BOUND('',#2819,.T.);
#3057=FACE_BOUND('',#2820,.T.);
#3058=FACE_BOUND('',#2821,.T.);
#3059=FACE_BOUND('',#2822,.T.);
#3060=FACE_BOUND('',#2823,.T.);
#3061=FACE_BOUND('',#2824,.T.);
#3062=FACE_BOUND('',#2825,.T.);
#3063=FACE_BOUND('',#2826,.T.);
#3064=FACE_BOUND('',#2827,.T.);
#3065=FACE_BOUND('',#2828,.T.);
#3066=FACE_BOUND('',#2829,.T.);
#3067=FACE_BOUND('',#2830,.T.);
#3068=FACE_BOUND('',#2831,.T.);
#3069=FACE_BOUND('',#2832,.T.);
#3070=FACE_BOUND('',#2833,.T.);
#3071=FACE_BOUND('',#2834,.T.);
#3072=FACE_BOUND('',#2835,.T.);
#3073=FACE_BOUND('',#2836,.T.);
#3074=FACE_BOUND('',#2837,.T.);
#3075=FACE_BOUND('',#2838,.T.);
#3076=FACE_BOUND('',#2839,.T.);
#3077=FACE_BOUND('',#2840,.T.);
#3078=FACE_BOUND('',#2841,.T.);
#3079=FACE_BOUND('',#2842,.T.);
#3080=FACE_BOUND('',#2843,.T.);
#3081=FACE_BOUND('',#2844,.T.);
#3082=FACE_BOUND('',#2845,.T.);
#3083=FACE_BOUND('',#2846,.T.);
#3084=FACE_BOUND('',#2847,.T.);
#3085=FACE_BOUND('',#2848,.T.);
#3086=FACE_BOUND('',#2849,.T.);
#3087=FACE_BOUND('',#2850,.T.);
#3088=FACE_BOUND('',#2851,.T.);
#3089=FACE_BOUND('',#2852,.T.);
#3090=FACE_BOUND('',#2853,.T.);
#3091=FACE_BOUND('',#2854,.T.);
#3092=FACE_BOUND('',#2855,.T.);
#3093=FACE_BOUND('',#2856,.T.);
#3094=FACE_BOUND('',#2857,.T.);
#3095=FACE_BOUND('',#2858,.T.);
#3096=FACE_BOUND('',#2859,.T.);
#3097=FACE_BOUND('',#2860,.T.);
#3098=FACE_BOUND('',#2861,.T.);
#3099=FACE_BOUND('',#2862,.T.);
#3100=FACE_BOUND('',#2863,.T.);
#3101=FACE_BOUND('',#2864,.T.);
#3102=FACE_BOUND('',#2865,.T.);
#3103=FACE_BOUND('',#2866,.T.);
#3104=FACE_BOUND('',#2867,.T.);
#3105=FACE_BOUND('',#2868,.T.);
#3106=FACE_BOUND('',#2869,.T.);
#3107=FACE_BOUND('',#2870,.T.);
#3108=FACE_BOUND('',#2871,.T.);
#3109=FACE_BOUND('',#2872,.T.);
#3110=FACE_BOUND('',#2873,.T.);
#3111=FACE_BOUND('',#2874,.T.);
#3112=FACE_BOUND('',#2875,.T.);
#3113=FACE_BOUND('',#2876,.T.);
#3114=FACE_BOUND('',#2877,.T.);
#3115=FACE_BOUND('',#2878,.T.);
#3116=FACE_BOUND('',#2879,.T.);
#3117=FACE_BOUND('',#2880,.T.);
#3118=FACE_BOUND('',#2881,.T.);
#3119=FACE_BOUND('',#2882,.T.);
#3120=FACE_BOUND('',#2883,.T.);
#3121=FACE_BOUND('',#2884,.T.);
#3122=FACE_BOUND('',#2885,.T.);
#3123=FACE_BOUND('',#2886,.T.);
#3124=FACE_BOUND('',#2887,.T.);
#3125=FACE_BOUND('',#2888,.T.);
#3126=FACE_BOUND('',#2889,.T.);
#3127=FACE_BOUND('',#2890,.T.);
#3128=FACE_BOUND('',#2891,.T.);
#3129=FACE_BOUND('',#2892,.T.);
#3130=FACE_BOUND('',#2893,.T.);
#3131=FACE_BOUND('',#2894,.T.);
#3132=FACE_BOUND('',#2895,.T.);
#3133=FACE_BOUND('',#2896,.T.);
#3134=FACE_BOUND('',#2897,.T.);
#3135=FACE_BOUND('',#2898,.T.);
#3136=FACE_BOUND('',#2899,.T.);
#3137=FACE_BOUND('',#2900,.T.);
#3138=FACE_BOUND('',#2901,.T.);
#3139=FACE_BOUND('',#2902,.T.);
#3140=FACE_BOUND('',#2903,.T.);
#3141=FACE_BOUND('',#2904,.T.);
#3142=FACE_BOUND('',#2905,.T.);
#3143=FACE_BOUND('',#2906,.T.);
#3144=FACE_BOUND('',#2907,.T.);
#3145=FACE_BOUND('',#2908,.T.);
#3146=FACE_BOUND('',#2909,.T.);
#3147=FACE_BOUND('',#2910,.T.);
#3148=FACE_BOUND('',#2911,.T.);
#3149=FACE_BOUND('',#2912,.T.);
#3150=FACE_BOUND('',#2913,.T.);
#3151=FACE_BOUND('',#2914,.T.);
#3152=FACE_BOUND('',#2915,.T.);
#3153=FACE_BOUND('',#2916,.T.);
#3154=FACE_BOUND('',#2917,.T.);
#3155=FACE_BOUND('',#2918,.T.);
#3156=FACE_BOUND('',#2919,.T.);
#3157=FACE_BOUND('',#2920,.T.);
#3158=FACE_BOUND('',#2921,.T.);
#3159=FACE_BOUND('',#2922,.T.);
#3160=FACE_BOUND('',#2923,.T.);
#3161=FACE_BOUND('',#2924,.T.);
#3162=FACE_BOUND('',#2925,.T.);
#3163=FACE_BOUND('',#2926,.T.);
#3164=FACE_BOUND('',#2927,.T.);
#3165=FACE_BOUND('',#2928,.T.);
#3166=FACE_BOUND('',#2929,.T.);
#3167=FACE_BOUND('',#2930,.T.);
#3168=FACE_BOUND('',#2931,.T.);
#3169=FACE_BOUND('',#2932,.T.);
#3170=FACE_BOUND('',#2933,.T.);
#3171=FACE_BOUND('',#2934,.T.);
#3172=FACE_BOUND('',#2935,.T.);
#3173=FACE_BOUND('',#2936,.T.);
#3174=FACE_BOUND('',#2937,.T.);
#3175=FACE_BOUND('',#2938,.T.);
#3176=FACE_BOUND('',#2939,.T.);
#3177=FACE_BOUND('',#2940,.T.);
#3178=FACE_BOUND('',#2941,.T.);
#3179=FACE_BOUND('',#2942,.T.);
#3180=FACE_BOUND('',#2943,.T.);
#3181=FACE_BOUND('',#2944,.T.);
#3182=FACE_BOUND('',#2945,.T.);
#3183=FACE_BOUND('',#2946,.T.);
#3184=FACE_BOUND('',#2947,.T.);
#3185=FACE_BOUND('',#2948,.T.);
#3186=FACE_BOUND('',#2949,.T.);
#3187=FACE_BOUND('',#2950,.T.);
#3188=FACE_BOUND('',#2951,.T.);
#3189=FACE_BOUND('',#2952,.T.);
#3190=FACE_BOUND('',#2953,.T.);
#3191=FACE_BOUND('',#2954,.T.);
#3192=FACE_BOUND('',#2955,.T.);
#3193=FACE_BOUND('',#2956,.T.);
#3194=FACE_BOUND('',#2957,.T.);
#3195=FACE_BOUND('',#2958,.T.);
#3196=FACE_BOUND('',#2959,.T.);
#3197=FACE_BOUND('',#2960,.T.);
#3198=FACE_BOUND('',#2961,.T.);
#3199=FACE_BOUND('',#2962,.T.);
#3200=FACE_BOUND('',#2963,.T.);
#3201=FACE_BOUND('',#2964,.T.);
#3202=FACE_BOUND('',#2965,.T.);
#3203=FACE_BOUND('',#2966,.T.);
#3204=FACE_BOUND('',#2967,.T.);
#3205=FACE_BOUND('',#2968,.T.);
#3206=FACE_BOUND('',#2969,.T.);
#3207=FACE_BOUND('',#2970,.T.);
#3208=FACE_BOUND('',#2971,.T.);
#3209=FACE_BOUND('',#2972,.T.);
#3210=FACE_BOUND('',#2973,.T.);
#3211=FACE_BOUND('',#2974,.T.);
#3212=FACE_BOUND('',#2975,.T.);
#3213=FACE_BOUND('',#2976,.T.);
#3214=FACE_BOUND('',#2977,.T.);
#3215=FACE_BOUND('',#2978,.T.);
#3216=FACE_BOUND('',#2979,.T.);
#3217=FACE_BOUND('',#2980,.T.);
#3218=FACE_BOUND('',#2981,.T.);
#3219=FACE_BOUND('',#2982,.T.);
#3220=FACE_BOUND('',#2983,.T.);
#3221=FACE_BOUND('',#2984,.T.);
#3222=FACE_BOUND('',#2985,.T.);
#3223=FACE_BOUND('',#2986,.T.);
#3224=FACE_BOUND('',#2987,.T.);
#3225=FACE_BOUND('',#2988,.T.);
#3226=FACE_BOUND('',#2989,.T.);
#3227=FACE_BOUND('',#2990,.T.);
#3228=FACE_BOUND('',#2991,.T.);
#3229=FACE_BOUND('',#2992,.T.);
#3230=FACE_BOUND('',#2993,.T.);
#3231=FACE_BOUND('',#2994,.T.);
#3232=FACE_BOUND('',#2995,.T.);
#3233=FACE_BOUND('',#2996,.T.);
#3234=FACE_BOUND('',#2997,.T.);
#3235=FACE_BOUND('',#2998,.T.);
#3236=FACE_BOUND('',#2999,.T.);
#3237=FACE_BOUND('',#3000,.T.);
#3238=FACE_BOUND('',#3001,.T.);
#3239=FACE_BOUND('',#3002,.T.);
#3240=FACE_BOUND('',#3003,.T.);
#3241=FACE_BOUND('',#3004,.T.);
#3242=FACE_BOUND('',#3005,.T.);
#3243=FACE_BOUND('',#3006,.T.);
#3244=FACE_BOUND('',#3007,.T.);
#3245=FACE_BOUND('',#3008,.T.);
#3246=FACE_BOUND('',#3009,.T.);
#3247=FACE_BOUND('',#3010,.T.);
#3248=FACE_BOUND('',#3011,.T.);
#3249=FACE_BOUND('',#3012,.T.);
#3250=FACE_BOUND('',#3013,.T.);
#3251=FACE_BOUND('',#3014,.T.);
#3252=FACE_BOUND('',#3015,.T.);
#3253=FACE_BOUND('',#3016,.T.);
#3254=FACE_BOUND('',#3017,.T.);
#3255=FACE_BOUND('',#3018,.T.);
#3256=FACE_BOUND('',#3019,.T.);
#3257=FACE_BOUND('',#3020,.T.);
#3258=FACE_BOUND('',#3021,.T.);
#3259=FACE_BOUND('',#3022,.T.);
#3260=FACE_BOUND('',#3023,.T.);
#3261=FACE_BOUND('',#3024,.T.);
#3262=FACE_BOUND('',#3025,.T.);
#3263=FACE_BOUND('',#3026,.T.);
#3264=FACE_BOUND('',#3027,.T.);
#3265=FACE_BOUND('',#3028,.T.);
#3266=FACE_BOUND('',#3029,.T.);
#3267=FACE_BOUND('',#3030,.T.);
#3268=FACE_BOUND('',#3031,.T.);
#3269=FACE_BOUND('',#3032,.T.);
#3270=FACE_BOUND('',#3033,.T.);
#3271=PLANE('',#3564);
#3272=PLANE('',#3567);
#3273=PLANE('',#3570);
#3274=PLANE('',#3574);
#3275=PLANE('',#3583);
#3276=PLANE('',#3587);
#3277=PLANE('',#3594);
#3278=PLANE('',#3598);
#3279=PLANE('',#3602);
#3280=PLANE('',#3606);
#3281=PLANE('',#3610);
#3282=PLANE('',#3614);
#3283=PLANE('',#3618);
#3284=PLANE('',#3622);
#3285=PLANE('',#3626);
#3286=PLANE('',#3630);
#3287=PLANE('',#3634);
#3288=PLANE('',#3638);
#3289=PLANE('',#3642);
#3290=PLANE('',#3646);
#3291=PLANE('',#3650);
#3292=PLANE('',#3657);
#3293=PLANE('',#3687);
#3294=PLANE('',#3714);
#3295=PLANE('',#3715);
#3296=PLANE('',#3721);
#3297=PLANE('',#3722);
#3298=PLANE('',#3728);
#3299=PLANE('',#3729);
#3300=PLANE('',#3735);
#3301=PLANE('',#3736);
#3302=PLANE('',#3737);
#3303=PLANE('',#3738);
#3304=PLANE('',#3741);
#3305=PLANE('',#3744);
#3306=PLANE('',#3745);
#3307=PLANE('',#3748);
#3308=PLANE('',#3751);
#3309=PLANE('',#3754);
#3310=PLANE('',#3757);
#3311=PLANE('',#3760);
#3312=PLANE('',#3763);
#3313=PLANE('',#3766);
#3314=PLANE('',#3769);
#3315=PLANE('',#3772);
#3316=PLANE('',#3775);
#3317=PLANE('',#3778);
#3318=PLANE('',#3781);
#3319=PLANE('',#3786);
#3320=PLANE('',#3791);
#3321=PLANE('',#3794);
#3322=PLANE('',#3797);
#3323=PLANE('',#3800);
#3324=PLANE('',#3803);
#3325=PLANE('',#3806);
#3326=PLANE('',#3809);
#3327=PLANE('',#3812);
#3328=PLANE('',#3815);
#3329=PLANE('',#3837);
#3330=PLANE('',#3838);
#3331=PLANE('',#3839);
#3332=PLANE('',#3844);
#3333=PLANE('',#3847);
#3334=PLANE('',#3850);
#3335=PLANE('',#3853);
#3336=ADVANCED_FACE('',(#3034),#3271,.T.);
#3337=ADVANCED_FACE('',(#3035),#3272,.F.);
#3338=ADVANCED_FACE('',(#3036),#3273,.T.);
#3339=ADVANCED_FACE('',(#3037),#62,.T.);
#3340=ADVANCED_FACE('',(#3038,#3039),#3274,.T.);
#3341=ADVANCED_FACE('',(#3040),#63,.T.);
#3342=ADVANCED_FACE('',(#3041),#64,.F.);
#3343=ADVANCED_FACE('',(#3042),#3275,.T.);
#3344=ADVANCED_FACE('',(#3043),#65,.T.);
#3345=ADVANCED_FACE('',(#3044),#3276,.T.);
#3346=ADVANCED_FACE('',(#3045),#66,.F.);
#3347=ADVANCED_FACE('',(#3046),#67,.T.);
#3348=ADVANCED_FACE('',(#3047),#3277,.T.);
#3349=ADVANCED_FACE('',(#3048),#68,.F.);
#3350=ADVANCED_FACE('',(#3049),#3278,.T.);
#3351=ADVANCED_FACE('',(#3050),#69,.T.);
#3352=ADVANCED_FACE('',(#3051),#3279,.T.);
#3353=ADVANCED_FACE('',(#3052),#70,.T.);
#3354=ADVANCED_FACE('',(#3053),#3280,.T.);
#3355=ADVANCED_FACE('',(#3054),#71,.F.);
#3356=ADVANCED_FACE('',(#3055),#3281,.T.);
#3357=ADVANCED_FACE('',(#3056),#72,.T.);
#3358=ADVANCED_FACE('',(#3057),#3282,.T.);
#3359=ADVANCED_FACE('',(#3058),#73,.F.);
#3360=ADVANCED_FACE('',(#3059),#3283,.T.);
#3361=ADVANCED_FACE('',(#3060),#74,.T.);
#3362=ADVANCED_FACE('',(#3061),#3284,.T.);
#3363=ADVANCED_FACE('',(#3062),#75,.T.);
#3364=ADVANCED_FACE('',(#3063),#3285,.T.);
#3365=ADVANCED_FACE('',(#3064),#76,.T.);
#3366=ADVANCED_FACE('',(#3065),#3286,.T.);
#3367=ADVANCED_FACE('',(#3066),#77,.F.);
#3368=ADVANCED_FACE('',(#3067),#3287,.T.);
#3369=ADVANCED_FACE('',(#3068),#78,.F.);
#3370=ADVANCED_FACE('',(#3069),#3288,.T.);
#3371=ADVANCED_FACE('',(#3070),#79,.T.);
#3372=ADVANCED_FACE('',(#3071),#3289,.T.);
#3373=ADVANCED_FACE('',(#3072),#80,.F.);
#3374=ADVANCED_FACE('',(#3073),#3290,.T.);
#3375=ADVANCED_FACE('',(#3074),#81,.F.);
#3376=ADVANCED_FACE('',(#3075),#3291,.T.);
#3377=ADVANCED_FACE('',(#3076,#3077),#82,.F.);
#3378=ADVANCED_FACE('',(#3078),#83,.T.);
#3379=ADVANCED_FACE('',(#3079,#3080,#3081,#3082,#3083,#3084),#3292,.T.);
#3380=ADVANCED_FACE('',(#3085,#3086),#3293,.F.);
#3381=ADVANCED_FACE('',(#3087,#3088),#84,.F.);
#3382=ADVANCED_FACE('',(#3089,#3090),#85,.T.);
#3383=ADVANCED_FACE('',(#3091,#3092),#3294,.T.);
#3384=ADVANCED_FACE('',(#3093),#3295,.T.);
#3385=ADVANCED_FACE('',(#3094,#3095),#86,.F.);
#3386=ADVANCED_FACE('',(#3096,#3097),#87,.T.);
#3387=ADVANCED_FACE('',(#3098,#3099),#3296,.T.);
#3388=ADVANCED_FACE('',(#3100),#3297,.T.);
#3389=ADVANCED_FACE('',(#3101,#3102),#88,.F.);
#3390=ADVANCED_FACE('',(#3103,#3104),#89,.T.);
#3391=ADVANCED_FACE('',(#3105,#3106),#3298,.T.);
#3392=ADVANCED_FACE('',(#3107),#3299,.T.);
#3393=ADVANCED_FACE('',(#3108,#3109),#90,.F.);
#3394=ADVANCED_FACE('',(#3110,#3111),#91,.T.);
#3395=ADVANCED_FACE('',(#3112,#3113),#3300,.T.);
#3396=ADVANCED_FACE('',(#3114),#3301,.T.);
#3397=ADVANCED_FACE('',(#3115),#3302,.F.);
#3398=ADVANCED_FACE('',(#3116),#3303,.F.);
#3399=ADVANCED_FACE('',(#3117),#92,.T.);
#3400=ADVANCED_FACE('',(#3118),#3304,.T.);
#3401=ADVANCED_FACE('',(#3119),#93,.T.);
#3402=ADVANCED_FACE('',(#3120),#3305,.T.);
#3403=ADVANCED_FACE('',(#3121),#3306,.F.);
#3404=ADVANCED_FACE('',(#3122),#94,.T.);
#3405=ADVANCED_FACE('',(#3123),#3307,.T.);
#3406=ADVANCED_FACE('',(#3124),#95,.T.);
#3407=ADVANCED_FACE('',(#3125),#3308,.T.);
#3408=ADVANCED_FACE('',(#3126),#96,.F.);
#3409=ADVANCED_FACE('',(#3127),#3309,.F.);
#3410=ADVANCED_FACE('',(#3128),#97,.T.);
#3411=ADVANCED_FACE('',(#3129),#3310,.F.);
#3412=ADVANCED_FACE('',(#3130),#98,.F.);
#3413=ADVANCED_FACE('',(#3131),#3311,.F.);
#3414=ADVANCED_FACE('',(#3132),#99,.T.);
#3415=ADVANCED_FACE('',(#3133),#3312,.F.);
#3416=ADVANCED_FACE('',(#3134),#100,.F.);
#3417=ADVANCED_FACE('',(#3135),#3313,.F.);
#3418=ADVANCED_FACE('',(#3136),#101,.F.);
#3419=ADVANCED_FACE('',(#3137),#3314,.F.);
#3420=ADVANCED_FACE('',(#3138),#102,.T.);
#3421=ADVANCED_FACE('',(#3139),#3315,.F.);
#3422=ADVANCED_FACE('',(#3140),#103,.F.);
#3423=ADVANCED_FACE('',(#3141),#3316,.F.);
#3424=ADVANCED_FACE('',(#3142),#104,.T.);
#3425=ADVANCED_FACE('',(#3143),#3317,.F.);
#3426=ADVANCED_FACE('',(#3144),#105,.F.);
#3427=ADVANCED_FACE('',(#3145),#3318,.F.);
#3428=ADVANCED_FACE('',(#3146),#106,.T.);
#3429=ADVANCED_FACE('',(#3147),#107,.F.);
#3430=ADVANCED_FACE('',(#3148,#3149),#3319,.F.);
#3431=ADVANCED_FACE('',(#3150),#108,.F.);
#3432=ADVANCED_FACE('',(#3151),#3320,.F.);
#3433=ADVANCED_FACE('',(#3152),#109,.F.);
#3434=ADVANCED_FACE('',(#3153),#3321,.F.);
#3435=ADVANCED_FACE('',(#3154),#110,.T.);
#3436=ADVANCED_FACE('',(#3155),#3322,.F.);
#3437=ADVANCED_FACE('',(#3156),#111,.T.);
#3438=ADVANCED_FACE('',(#3157),#3323,.F.);
#3439=ADVANCED_FACE('',(#3158),#112,.F.);
#3440=ADVANCED_FACE('',(#3159),#3324,.F.);
#3441=ADVANCED_FACE('',(#3160),#113,.T.);
#3442=ADVANCED_FACE('',(#3161),#3325,.F.);
#3443=ADVANCED_FACE('',(#3162),#114,.T.);
#3444=ADVANCED_FACE('',(#3163),#3326,.F.);
#3445=ADVANCED_FACE('',(#3164),#115,.F.);
#3446=ADVANCED_FACE('',(#3165),#3327,.F.);
#3447=ADVANCED_FACE('',(#3166),#116,.F.);
#3448=ADVANCED_FACE('',(#3167,#3168),#3328,.T.);
#3449=ADVANCED_FACE('',(#3169),#3329,.T.);
#3450=ADVANCED_FACE('',(#3170),#3330,.T.);
#3451=ADVANCED_FACE('',(#3171),#3331,.T.);
#3452=ADVANCED_FACE('',(#3172),#117,.F.);
#3453=ADVANCED_FACE('',(#3173),#3332,.T.);
#3454=ADVANCED_FACE('',(#3174),#118,.F.);
#3455=ADVANCED_FACE('',(#3175),#3333,.T.);
#3456=ADVANCED_FACE('',(#3176),#119,.F.);
#3457=ADVANCED_FACE('',(#3177),#3334,.T.);
#3458=ADVANCED_FACE('',(#3178),#120,.F.);
#3459=ADVANCED_FACE('',(#3179),#3335,.F.);
#3460=ADVANCED_FACE('',(#3180),#121,.T.);
#3461=ADVANCED_FACE('',(#3181),#14,.T.);
#3462=ADVANCED_FACE('',(#3182),#15,.T.);
#3463=ADVANCED_FACE('',(#3183),#122,.T.);
#3464=ADVANCED_FACE('',(#3184),#123,.T.);
#3465=ADVANCED_FACE('',(#3185),#16,.T.);
#3466=ADVANCED_FACE('',(#3186),#17,.T.);
#3467=ADVANCED_FACE('',(#3187),#124,.T.);
#3468=ADVANCED_FACE('',(#3188),#125,.T.);
#3469=ADVANCED_FACE('',(#3189),#18,.T.);
#3470=ADVANCED_FACE('',(#3190),#19,.T.);
#3471=ADVANCED_FACE('',(#3191),#126,.T.);
#3472=ADVANCED_FACE('',(#3192),#20,.T.);
#3473=ADVANCED_FACE('',(#3193),#21,.T.);
#3474=ADVANCED_FACE('',(#3194),#127,.T.);
#3475=ADVANCED_FACE('',(#3195),#128,.T.);
#3476=ADVANCED_FACE('',(#3196),#22,.T.);
#3477=ADVANCED_FACE('',(#3197),#23,.T.);
#3478=ADVANCED_FACE('',(#3198),#129,.T.);
#3479=ADVANCED_FACE('',(#3199),#130,.T.);
#3480=ADVANCED_FACE('',(#3200),#24,.T.);
#3481=ADVANCED_FACE('',(#3201),#25,.T.);
#3482=ADVANCED_FACE('',(#3202),#131,.T.);
#3483=ADVANCED_FACE('',(#3203),#132,.T.);
#3484=ADVANCED_FACE('',(#3204),#26,.T.);
#3485=ADVANCED_FACE('',(#3205),#27,.T.);
#3486=ADVANCED_FACE('',(#3206),#133,.T.);
#3487=ADVANCED_FACE('',(#3207),#134,.T.);
#3488=ADVANCED_FACE('',(#3208),#28,.T.);
#3489=ADVANCED_FACE('',(#3209),#29,.T.);
#3490=ADVANCED_FACE('',(#3210),#135,.T.);
#3491=ADVANCED_FACE('',(#3211),#136,.T.);
#3492=ADVANCED_FACE('',(#3212),#30,.T.);
#3493=ADVANCED_FACE('',(#3213),#31,.T.);
#3494=ADVANCED_FACE('',(#3214),#137,.T.);
#3495=ADVANCED_FACE('',(#3215),#138,.T.);
#3496=ADVANCED_FACE('',(#3216),#32,.T.);
#3497=ADVANCED_FACE('',(#3217),#33,.T.);
#3498=ADVANCED_FACE('',(#3218),#139,.T.);
#3499=ADVANCED_FACE('',(#3219),#140,.T.);
#3500=ADVANCED_FACE('',(#3220),#34,.T.);
#3501=ADVANCED_FACE('',(#3221),#141,.T.);
#3502=ADVANCED_FACE('',(#3222),#35,.T.);
#3503=ADVANCED_FACE('',(#3223),#36,.T.);
#3504=ADVANCED_FACE('',(#3224),#142,.T.);
#3505=ADVANCED_FACE('',(#3225),#143,.T.);
#3506=ADVANCED_FACE('',(#3226),#37,.T.);
#3507=ADVANCED_FACE('',(#3227),#38,.T.);
#3508=ADVANCED_FACE('',(#3228),#144,.T.);
#3509=ADVANCED_FACE('',(#3229),#145,.T.);
#3510=ADVANCED_FACE('',(#3230),#39,.T.);
#3511=ADVANCED_FACE('',(#3231),#40,.T.);
#3512=ADVANCED_FACE('',(#3232),#146,.T.);
#3513=ADVANCED_FACE('',(#3233),#41,.T.);
#3514=ADVANCED_FACE('',(#3234),#42,.T.);
#3515=ADVANCED_FACE('',(#3235),#147,.T.);
#3516=ADVANCED_FACE('',(#3236),#148,.T.);
#3517=ADVANCED_FACE('',(#3237),#43,.T.);
#3518=ADVANCED_FACE('',(#3238),#44,.T.);
#3519=ADVANCED_FACE('',(#3239),#149,.T.);
#3520=ADVANCED_FACE('',(#3240),#150,.T.);
#3521=ADVANCED_FACE('',(#3241),#45,.T.);
#3522=ADVANCED_FACE('',(#3242),#46,.T.);
#3523=ADVANCED_FACE('',(#3243),#151,.T.);
#3524=ADVANCED_FACE('',(#3244),#152,.T.);
#3525=ADVANCED_FACE('',(#3245),#47,.T.);
#3526=ADVANCED_FACE('',(#3246),#48,.T.);
#3527=ADVANCED_FACE('',(#3247),#153,.T.);
#3528=ADVANCED_FACE('',(#3248),#154,.T.);
#3529=ADVANCED_FACE('',(#3249),#49,.T.);
#3530=ADVANCED_FACE('',(#3250),#50,.T.);
#3531=ADVANCED_FACE('',(#3251),#155,.T.);
#3532=ADVANCED_FACE('',(#3252),#156,.T.);
#3533=ADVANCED_FACE('',(#3253),#51,.T.);
#3534=ADVANCED_FACE('',(#3254),#52,.T.);
#3535=ADVANCED_FACE('',(#3255),#157,.T.);
#3536=ADVANCED_FACE('',(#3256),#158,.T.);
#3537=ADVANCED_FACE('',(#3257),#53,.T.);
#3538=ADVANCED_FACE('',(#3258),#54,.T.);
#3539=ADVANCED_FACE('',(#3259),#159,.T.);
#3540=ADVANCED_FACE('',(#3260),#160,.T.);
#3541=ADVANCED_FACE('',(#3261),#55,.T.);
#3542=ADVANCED_FACE('',(#3262),#56,.T.);
#3543=ADVANCED_FACE('',(#3263),#161,.T.);
#3544=ADVANCED_FACE('',(#3264),#162,.T.);
#3545=ADVANCED_FACE('',(#3265),#57,.T.);
#3546=ADVANCED_FACE('',(#3266),#12,.T.);
#3547=ADVANCED_FACE('',(#3267),#58,.T.);
#3548=ADVANCED_FACE('',(#3268),#163,.T.);
#3549=ADVANCED_FACE('',(#3269),#13,.T.);
#3550=ADVANCED_FACE('',(#3270),#59,.T.);
#3551=CLOSED_SHELL('',(#3336,#3337,#3338,#3339,#3340,#3341,#3342,#3343,
#3344,#3345,#3346,#3347,#3348,#3349,#3350,#3351,#3352,#3353,#3354,#3355,
#3356,#3357,#3358,#3359,#3360,#3361,#3362,#3363,#3364,#3365,#3366,#3367,
#3368,#3369,#3370,#3371,#3372,#3373,#3374,#3375,#3376,#3377,#3378,#3379,
#3380,#3381,#3382,#3383,#3384,#3385,#3386,#3387,#3388,#3389,#3390,#3391,
#3392,#3393,#3394,#3395,#3396,#3397,#3398,#3399,#3400,#3401,#3402,#3403,
#3404,#3405,#3406,#3407,#3408,#3409,#3410,#3411,#3412,#3413,#3414,#3415,
#3416,#3417,#3418,#3419,#3420,#3421,#3422,#3423,#3424,#3425,#3426,#3427,
#3428,#3429,#3430,#3431,#3432,#3433,#3434,#3435,#3436,#3437,#3438,#3439,
#3440,#3441,#3442,#3443,#3444,#3445,#3446,#3447,#3448,#3449,#3450,#3451,
#3452,#3453,#3454,#3455,#3456,#3457,#3458,#3459,#3460,#3461,#3462,#3463,
#3464,#3465,#3466,#3467,#3468,#3469,#3470,#3471,#3472,#3473,#3474,#3475,
#3476,#3477,#3478,#3479,#3480,#3481,#3482,#3483,#3484,#3485,#3486,#3487,
#3488,#3489,#3490,#3491,#3492,#3493,#3494,#3495,#3496,#3497,#3498,#3499,
#3500,#3501,#3502,#3503,#3504,#3505,#3506,#3507,#3508,#3509,#3510,#3511,
#3512,#3513,#3514,#3515,#3516,#3517,#3518,#3519,#3520,#3521,#3522,#3523,
#3524,#3525,#3526,#3527,#3528,#3529,#3530,#3531,#3532,#3533,#3534,#3535,
#3536,#3537,#3538,#3539,#3540,#3541,#3542,#3543,#3544,#3545,#3546,#3547,
#3548,#3549,#3550));
#3552=STYLED_ITEM('',(#3553),#3560);
#3553=PRESENTATION_STYLE_ASSIGNMENT((#3554));
#3554=SURFACE_STYLE_USAGE(.BOTH.,#3555);
#3555=SURFACE_SIDE_STYLE('',(#3556));
#3556=SURFACE_STYLE_FILL_AREA(#3557);
#3557=FILL_AREA_STYLE('',(#3558));
#3558=FILL_AREA_STYLE_COLOUR('',#3559);
#3559=COLOUR_RGB('',0.615686274509804,0.811764705882353,0.929411764705882);
#3560=MANIFOLD_SOLID_BREP('Left',#3551);
#3561=SHAPE_DEFINITION_REPRESENTATION(#6327,#3562);
#3562=SHAPE_REPRESENTATION('Left',(#3563),#6322);
#3563=AXIS2_PLACEMENT_3D('',#5230,#4033,#4034);
#3564=AXIS2_PLACEMENT_3D('',#5231,#4035,#4036);
#3565=AXIS2_PLACEMENT_3D('',#5235,#4038,#4039);
#3566=AXIS2_PLACEMENT_3D('',#5239,#4041,#4042);
#3567=AXIS2_PLACEMENT_3D('',#5248,#4047,#4048);
#3568=AXIS2_PLACEMENT_3D('',#5249,#4049,#4050);
#3569=AXIS2_PLACEMENT_3D('',#5262,#4056,#4057);
#3570=AXIS2_PLACEMENT_3D('',#5265,#4059,#4060);
#3571=AXIS2_PLACEMENT_3D('',#5274,#4065,#4066);
#3572=AXIS2_PLACEMENT_3D('',#5278,#4068,#4069);
#3573=AXIS2_PLACEMENT_3D('',#5279,#4070,#4071);
#3574=AXIS2_PLACEMENT_3D('',#5280,#4072,#4073);
#3575=AXIS2_PLACEMENT_3D('',#5284,#4075,#4076);
#3576=AXIS2_PLACEMENT_3D('',#5288,#4078,#4079);
#3577=AXIS2_PLACEMENT_3D('',#5294,#4083,#4084);
#3578=AXIS2_PLACEMENT_3D('',#5295,#4085,#4086);
#3579=AXIS2_PLACEMENT_3D('',#5296,#4087,#4088);
#3580=AXIS2_PLACEMENT_3D('',#5297,#4089,#4090);
#3581=AXIS2_PLACEMENT_3D('',#5301,#4092,#4093);
#3582=AXIS2_PLACEMENT_3D('',#5302,#4094,#4095);
#3583=AXIS2_PLACEMENT_3D('',#5303,#4096,#4097);
#3584=AXIS2_PLACEMENT_3D('',#5309,#4101,#4102);
#3585=AXIS2_PLACEMENT_3D('',#5313,#4104,#4105);
#3586=AXIS2_PLACEMENT_3D('',#5314,#4106,#4107);
#3587=AXIS2_PLACEMENT_3D('',#5315,#4108,#4109);
#3588=AXIS2_PLACEMENT_3D('',#5321,#4113,#4114);
#3589=AXIS2_PLACEMENT_3D('',#5325,#4116,#4117);
#3590=AXIS2_PLACEMENT_3D('',#5326,#4118,#4119);
#3591=AXIS2_PLACEMENT_3D('',#5327,#4120,#4121);
#3592=AXIS2_PLACEMENT_3D('',#5331,#4123,#4124);
#3593=AXIS2_PLACEMENT_3D('',#5332,#4125,#4126);
#3594=AXIS2_PLACEMENT_3D('',#5333,#4127,#4128);
#3595=AXIS2_PLACEMENT_3D('',#5339,#4132,#4133);
#3596=AXIS2_PLACEMENT_3D('',#5343,#4135,#4136);
#3597=AXIS2_PLACEMENT_3D('',#5344,#4137,#4138);
#3598=AXIS2_PLACEMENT_3D('',#5345,#4139,#4140);
#3599=AXIS2_PLACEMENT_3D('',#5351,#4144,#4145);
#3600=AXIS2_PLACEMENT_3D('',#5355,#4147,#4148);
#3601=AXIS2_PLACEMENT_3D('',#5356,#4149,#4150);
#3602=AXIS2_PLACEMENT_3D('',#5357,#4151,#4152);
#3603=AXIS2_PLACEMENT_3D('',#5363,#4156,#4157);
#3604=AXIS2_PLACEMENT_3D('',#5367,#4159,#4160);
#3605=AXIS2_PLACEMENT_3D('',#5368,#4161,#4162);
#3606=AXIS2_PLACEMENT_3D('',#5369,#4163,#4164);
#3607=AXIS2_PLACEMENT_3D('',#5375,#4168,#4169);
#3608=AXIS2_PLACEMENT_3D('',#5379,#4171,#4172);
#3609=AXIS2_PLACEMENT_3D('',#5380,#4173,#4174);
#3610=AXIS2_PLACEMENT_3D('',#5381,#4175,#4176);
#3611=AXIS2_PLACEMENT_3D('',#5387,#4180,#4181);
#3612=AXIS2_PLACEMENT_3D('',#5391,#4183,#4184);
#3613=AXIS2_PLACEMENT_3D('',#5392,#4185,#4186);
#3614=AXIS2_PLACEMENT_3D('',#5393,#4187,#4188);
#3615=AXIS2_PLACEMENT_3D('',#5399,#4192,#4193);
#3616=AXIS2_PLACEMENT_3D('',#5403,#4195,#4196);
#3617=AXIS2_PLACEMENT_3D('',#5404,#4197,#4198);
#3618=AXIS2_PLACEMENT_3D('',#5405,#4199,#4200);
#3619=AXIS2_PLACEMENT_3D('',#5411,#4204,#4205);
#3620=AXIS2_PLACEMENT_3D('',#5415,#4207,#4208);
#3621=AXIS2_PLACEMENT_3D('',#5416,#4209,#4210);
#3622=AXIS2_PLACEMENT_3D('',#5417,#4211,#4212);
#3623=AXIS2_PLACEMENT_3D('',#5423,#4216,#4217);
#3624=AXIS2_PLACEMENT_3D('',#5427,#4219,#4220);
#3625=AXIS2_PLACEMENT_3D('',#5428,#4221,#4222);
#3626=AXIS2_PLACEMENT_3D('',#5429,#4223,#4224);
#3627=AXIS2_PLACEMENT_3D('',#5435,#4228,#4229);
#3628=AXIS2_PLACEMENT_3D('',#5439,#4231,#4232);
#3629=AXIS2_PLACEMENT_3D('',#5440,#4233,#4234);
#3630=AXIS2_PLACEMENT_3D('',#5441,#4235,#4236);
#3631=AXIS2_PLACEMENT_3D('',#5447,#4240,#4241);
#3632=AXIS2_PLACEMENT_3D('',#5451,#4243,#4244);
#3633=AXIS2_PLACEMENT_3D('',#5452,#4245,#4246);
#3634=AXIS2_PLACEMENT_3D('',#5453,#4247,#4248);
#3635=AXIS2_PLACEMENT_3D('',#5459,#4252,#4253);
#3636=AXIS2_PLACEMENT_3D('',#5463,#4255,#4256);
#3637=AXIS2_PLACEMENT_3D('',#5464,#4257,#4258);
#3638=AXIS2_PLACEMENT_3D('',#5465,#4259,#4260);
#3639=AXIS2_PLACEMENT_3D('',#5471,#4264,#4265);
#3640=AXIS2_PLACEMENT_3D('',#5475,#4267,#4268);
#3641=AXIS2_PLACEMENT_3D('',#5476,#4269,#4270);
#3642=AXIS2_PLACEMENT_3D('',#5477,#4271,#4272);
#3643=AXIS2_PLACEMENT_3D('',#5483,#4276,#4277);
#3644=AXIS2_PLACEMENT_3D('',#5487,#4279,#4280);
#3645=AXIS2_PLACEMENT_3D('',#5488,#4281,#4282);
#3646=AXIS2_PLACEMENT_3D('',#5489,#4283,#4284);
#3647=AXIS2_PLACEMENT_3D('',#5495,#4288,#4289);
#3648=AXIS2_PLACEMENT_3D('',#5499,#4291,#4292);
#3649=AXIS2_PLACEMENT_3D('',#5500,#4293,#4294);
#3650=AXIS2_PLACEMENT_3D('',#5501,#4295,#4296);
#3651=AXIS2_PLACEMENT_3D('',#5507,#4300,#4301);
#3652=AXIS2_PLACEMENT_3D('',#5508,#4302,#4303);
#3653=AXIS2_PLACEMENT_3D('',#5510,#4304,#4305);
#3654=AXIS2_PLACEMENT_3D('',#5512,#4306,#4307);
#3655=AXIS2_PLACEMENT_3D('',#5513,#4308,#4309);
#3656=AXIS2_PLACEMENT_3D('',#5514,#4310,#4311);
#3657=AXIS2_PLACEMENT_3D('',#5515,#4312,#4313);
#3658=AXIS2_PLACEMENT_3D('',#5521,#4316,#4317);
#3659=AXIS2_PLACEMENT_3D('',#5525,#4319,#4320);
#3660=AXIS2_PLACEMENT_3D('',#5529,#4322,#4323);
#3661=AXIS2_PLACEMENT_3D('',#5533,#4325,#4326);
#3662=AXIS2_PLACEMENT_3D('',#5537,#4328,#4329);
#3663=AXIS2_PLACEMENT_3D('',#5541,#4331,#4332);
#3664=AXIS2_PLACEMENT_3D('',#5545,#4334,#4335);
#3665=AXIS2_PLACEMENT_3D('',#5549,#4337,#4338);
#3666=AXIS2_PLACEMENT_3D('',#5553,#4340,#4341);
#3667=AXIS2_PLACEMENT_3D('',#5557,#4343,#4344);
#3668=AXIS2_PLACEMENT_3D('',#5559,#4346,#4347);
#3669=AXIS2_PLACEMENT_3D('',#5563,#4349,#4350);
#3670=AXIS2_PLACEMENT_3D('',#5567,#4352,#4353);
#3671=AXIS2_PLACEMENT_3D('',#5571,#4355,#4356);
#3672=AXIS2_PLACEMENT_3D('',#5575,#4358,#4359);
#3673=AXIS2_PLACEMENT_3D('',#5579,#4361,#4362);
#3674=AXIS2_PLACEMENT_3D('',#5583,#4364,#4365);
#3675=AXIS2_PLACEMENT_3D('',#5587,#4367,#4368);
#3676=AXIS2_PLACEMENT_3D('',#5591,#4370,#4371);
#3677=AXIS2_PLACEMENT_3D('',#5595,#4373,#4374);
#3678=AXIS2_PLACEMENT_3D('',#5599,#4376,#4377);
#3679=AXIS2_PLACEMENT_3D('',#5605,#4380,#4381);
#3680=AXIS2_PLACEMENT_3D('',#5609,#4383,#4384);
#3681=AXIS2_PLACEMENT_3D('',#5617,#4388,#4389);
#3682=AXIS2_PLACEMENT_3D('',#5621,#4391,#4392);
#3683=AXIS2_PLACEMENT_3D('',#5622,#4393,#4394);
#3684=AXIS2_PLACEMENT_3D('',#5624,#4395,#4396);
#3685=AXIS2_PLACEMENT_3D('',#5626,#4397,#4398);
#3686=AXIS2_PLACEMENT_3D('',#5628,#4399,#4400);
#3687=AXIS2_PLACEMENT_3D('',#5630,#4401,#4402);
#3688=AXIS2_PLACEMENT_3D('',#5634,#4404,#4405);
#3689=AXIS2_PLACEMENT_3D('',#5638,#4407,#4408);
#3690=AXIS2_PLACEMENT_3D('',#5642,#4410,#4411);
#3691=AXIS2_PLACEMENT_3D('',#5646,#4413,#4414);
#3692=AXIS2_PLACEMENT_3D('',#5650,#4416,#4417);
#3693=AXIS2_PLACEMENT_3D('',#5654,#4419,#4420);
#3694=AXIS2_PLACEMENT_3D('',#5658,#4422,#4423);
#3695=AXIS2_PLACEMENT_3D('',#5662,#4425,#4426);
#3696=AXIS2_PLACEMENT_3D('',#5666,#4428,#4429);
#3697=AXIS2_PLACEMENT_3D('',#5670,#4431,#4432);
#3698=AXIS2_PLACEMENT_3D('',#5674,#4434,#4435);
#3699=AXIS2_PLACEMENT_3D('',#5678,#4437,#4438);
#3700=AXIS2_PLACEMENT_3D('',#5682,#4440,#4441);
#3701=AXIS2_PLACEMENT_3D('',#5686,#4443,#4444);
#3702=AXIS2_PLACEMENT_3D('',#5688,#4445,#4446);
#3703=AXIS2_PLACEMENT_3D('',#5692,#4448,#4449);
#3704=AXIS2_PLACEMENT_3D('',#5696,#4451,#4452);
#3705=AXIS2_PLACEMENT_3D('',#5700,#4454,#4455);
#3706=AXIS2_PLACEMENT_3D('',#5704,#4457,#4458);
#3707=AXIS2_PLACEMENT_3D('',#5708,#4460,#4461);
#3708=AXIS2_PLACEMENT_3D('',#5712,#4463,#4464);
#3709=AXIS2_PLACEMENT_3D('',#5713,#4465,#4466);
#3710=AXIS2_PLACEMENT_3D('',#5714,#4467,#4468);
#3711=AXIS2_PLACEMENT_3D('',#5716,#4469,#4470);
#3712=AXIS2_PLACEMENT_3D('',#5718,#4471,#4472);
#3713=AXIS2_PLACEMENT_3D('',#5719,#4473,#4474);
#3714=AXIS2_PLACEMENT_3D('',#5721,#4475,#4476);
#3715=AXIS2_PLACEMENT_3D('',#5722,#4477,#4478);
#3716=AXIS2_PLACEMENT_3D('',#5723,#4479,#4480);
#3717=AXIS2_PLACEMENT_3D('',#5724,#4481,#4482);
#3718=AXIS2_PLACEMENT_3D('',#5726,#4483,#4484);
#3719=AXIS2_PLACEMENT_3D('',#5728,#4485,#4486);
#3720=AXIS2_PLACEMENT_3D('',#5729,#4487,#4488);
#3721=AXIS2_PLACEMENT_3D('',#5731,#4489,#4490);
#3722=AXIS2_PLACEMENT_3D('',#5732,#4491,#4492);
#3723=AXIS2_PLACEMENT_3D('',#5733,#4493,#4494);
#3724=AXIS2_PLACEMENT_3D('',#5734,#4495,#4496);
#3725=AXIS2_PLACEMENT_3D('',#5736,#4497,#4498);
#3726=AXIS2_PLACEMENT_3D('',#5738,#4499,#4500);
#3727=AXIS2_PLACEMENT_3D('',#5739,#4501,#4502);
#3728=AXIS2_PLACEMENT_3D('',#5741,#4503,#4504);
#3729=AXIS2_PLACEMENT_3D('',#5742,#4505,#4506);
#3730=AXIS2_PLACEMENT_3D('',#5743,#4507,#4508);
#3731=AXIS2_PLACEMENT_3D('',#5744,#4509,#4510);
#3732=AXIS2_PLACEMENT_3D('',#5746,#4511,#4512);
#3733=AXIS2_PLACEMENT_3D('',#5748,#4513,#4514);
#3734=AXIS2_PLACEMENT_3D('',#5749,#4515,#4516);
#3735=AXIS2_PLACEMENT_3D('',#5751,#4517,#4518);
#3736=AXIS2_PLACEMENT_3D('',#5752,#4519,#4520);
#3737=AXIS2_PLACEMENT_3D('',#5753,#4521,#4522);
#3738=AXIS2_PLACEMENT_3D('',#5769,#4532,#4533);
#3739=AXIS2_PLACEMENT_3D('',#5773,#4536,#4537);
#3740=AXIS2_PLACEMENT_3D('',#5776,#4539,#4540);
#3741=AXIS2_PLACEMENT_3D('',#5777,#4541,#4542);
#3742=AXIS2_PLACEMENT_3D('',#5781,#4545,#4546);
#3743=AXIS2_PLACEMENT_3D('',#5784,#4548,#4549);
#3744=AXIS2_PLACEMENT_3D('',#5785,#4550,#4551);
#3745=AXIS2_PLACEMENT_3D('',#5787,#4553,#4554);
#3746=AXIS2_PLACEMENT_3D('',#5791,#4557,#4558);
#3747=AXIS2_PLACEMENT_3D('',#5794,#4560,#4561);
#3748=AXIS2_PLACEMENT_3D('',#5795,#4562,#4563);
#3749=AXIS2_PLACEMENT_3D('',#5799,#4566,#4567);
#3750=AXIS2_PLACEMENT_3D('',#5802,#4569,#4570);
#3751=AXIS2_PLACEMENT_3D('',#5803,#4571,#4572);
#3752=AXIS2_PLACEMENT_3D('',#5805,#4574,#4575);
#3753=AXIS2_PLACEMENT_3D('',#5808,#4577,#4578);
#3754=AXIS2_PLACEMENT_3D('',#5809,#4579,#4580);
#3755=AXIS2_PLACEMENT_3D('',#5813,#4583,#4584);
#3756=AXIS2_PLACEMENT_3D('',#5816,#4586,#4587);
#3757=AXIS2_PLACEMENT_3D('',#5817,#4588,#4589);
#3758=AXIS2_PLACEMENT_3D('',#5821,#4592,#4593);
#3759=AXIS2_PLACEMENT_3D('',#5824,#4595,#4596);
#3760=AXIS2_PLACEMENT_3D('',#5825,#4597,#4598);
#3761=AXIS2_PLACEMENT_3D('',#5829,#4601,#4602);
#3762=AXIS2_PLACEMENT_3D('',#5832,#4604,#4605);
#3763=AXIS2_PLACEMENT_3D('',#5833,#4606,#4607);
#3764=AXIS2_PLACEMENT_3D('',#5837,#4610,#4611);
#3765=AXIS2_PLACEMENT_3D('',#5840,#4613,#4614);
#3766=AXIS2_PLACEMENT_3D('',#5841,#4615,#4616);
#3767=AXIS2_PLACEMENT_3D('',#5845,#4619,#4620);
#3768=AXIS2_PLACEMENT_3D('',#5848,#4622,#4623);
#3769=AXIS2_PLACEMENT_3D('',#5849,#4624,#4625);
#3770=AXIS2_PLACEMENT_3D('',#5853,#4628,#4629);
#3771=AXIS2_PLACEMENT_3D('',#5856,#4631,#4632);
#3772=AXIS2_PLACEMENT_3D('',#5857,#4633,#4634);
#3773=AXIS2_PLACEMENT_3D('',#5861,#4637,#4638);
#3774=AXIS2_PLACEMENT_3D('',#5864,#4640,#4641);
#3775=AXIS2_PLACEMENT_3D('',#5865,#4642,#4643);
#3776=AXIS2_PLACEMENT_3D('',#5869,#4646,#4647);
#3777=AXIS2_PLACEMENT_3D('',#5872,#4649,#4650);
#3778=AXIS2_PLACEMENT_3D('',#5873,#4651,#4652);
#3779=AXIS2_PLACEMENT_3D('',#5877,#4655,#4656);
#3780=AXIS2_PLACEMENT_3D('',#5880,#4658,#4659);
#3781=AXIS2_PLACEMENT_3D('',#5881,#4660,#4661);
#3782=AXIS2_PLACEMENT_3D('',#5885,#4664,#4665);
#3783=AXIS2_PLACEMENT_3D('',#5886,#4666,#4667);
#3784=AXIS2_PLACEMENT_3D('',#5887,#4668,#4669);
#3785=AXIS2_PLACEMENT_3D('',#5890,#4671,#4672);
#3786=AXIS2_PLACEMENT_3D('',#5891,#4673,#4674);
#3787=AXIS2_PLACEMENT_3D('',#5892,#4675,#4676);
#3788=AXIS2_PLACEMENT_3D('',#5897,#4678,#4679);
#3789=AXIS2_PLACEMENT_3D('',#5903,#4683,#4684);
#3790=AXIS2_PLACEMENT_3D('',#5906,#4686,#4687);
#3791=AXIS2_PLACEMENT_3D('',#5907,#4688,#4689);
#3792=AXIS2_PLACEMENT_3D('',#5911,#4692,#4693);
#3793=AXIS2_PLACEMENT_3D('',#5914,#4695,#4696);
#3794=AXIS2_PLACEMENT_3D('',#5915,#4697,#4698);
#3795=AXIS2_PLACEMENT_3D('',#5919,#4701,#4702);
#3796=AXIS2_PLACEMENT_3D('',#5922,#4704,#4705);
#3797=AXIS2_PLACEMENT_3D('',#5923,#4706,#4707);
#3798=AXIS2_PLACEMENT_3D('',#5927,#4710,#4711);
#3799=AXIS2_PLACEMENT_3D('',#5930,#4713,#4714);
#3800=AXIS2_PLACEMENT_3D('',#5931,#4715,#4716);
#3801=AXIS2_PLACEMENT_3D('',#5935,#4719,#4720);
#3802=AXIS2_PLACEMENT_3D('',#5938,#4722,#4723);
#3803=AXIS2_PLACEMENT_3D('',#5939,#4724,#4725);
#3804=AXIS2_PLACEMENT_3D('',#5943,#4728,#4729);
#3805=AXIS2_PLACEMENT_3D('',#5946,#4731,#4732);
#3806=AXIS2_PLACEMENT_3D('',#5947,#4733,#4734);
#3807=AXIS2_PLACEMENT_3D('',#5951,#4737,#4738);
#3808=AXIS2_PLACEMENT_3D('',#5954,#4740,#4741);
#3809=AXIS2_PLACEMENT_3D('',#5955,#4742,#4743);
#3810=AXIS2_PLACEMENT_3D('',#5959,#4746,#4747);
#3811=AXIS2_PLACEMENT_3D('',#5962,#4749,#4750);
#3812=AXIS2_PLACEMENT_3D('',#5963,#4751,#4752);
#3813=AXIS2_PLACEMENT_3D('',#5967,#4755,#4756);
#3814=AXIS2_PLACEMENT_3D('',#5968,#4757,#4758);
#3815=AXIS2_PLACEMENT_3D('',#5969,#4759,#4760);
#3816=AXIS2_PLACEMENT_3D('',#5973,#4762,#4763);
#3817=AXIS2_PLACEMENT_3D('',#5977,#4765,#4766);
#3818=AXIS2_PLACEMENT_3D('',#5981,#4768,#4769);
#3819=AXIS2_PLACEMENT_3D('',#5985,#4771,#4772);
#3820=AXIS2_PLACEMENT_3D('',#5989,#4774,#4775);
#3821=AXIS2_PLACEMENT_3D('',#5993,#4777,#4778);
#3822=AXIS2_PLACEMENT_3D('',#5997,#4780,#4781);
#3823=AXIS2_PLACEMENT_3D('',#6001,#4783,#4784);
#3824=AXIS2_PLACEMENT_3D('',#6003,#4785,#4786);
#3825=AXIS2_PLACEMENT_3D('',#6007,#4788,#4789);
#3826=AXIS2_PLACEMENT_3D('',#6011,#4791,#4792);
#3827=AXIS2_PLACEMENT_3D('',#6015,#4794,#4795);
#3828=AXIS2_PLACEMENT_3D('',#6019,#4797,#4798);
#3829=AXIS2_PLACEMENT_3D('',#6023,#4800,#4801);
#3830=AXIS2_PLACEMENT_3D('',#6027,#4803,#4804);
#3831=AXIS2_PLACEMENT_3D('',#6031,#4806,#4807);
#3832=AXIS2_PLACEMENT_3D('',#6035,#4809,#4810);
#3833=AXIS2_PLACEMENT_3D('',#6039,#4812,#4813);
#3834=AXIS2_PLACEMENT_3D('',#6043,#4815,#4816);
#3835=AXIS2_PLACEMENT_3D('',#6047,#4818,#4819);
#3836=AXIS2_PLACEMENT_3D('',#6051,#4821,#4822);
#3837=AXIS2_PLACEMENT_3D('',#6052,#4823,#4824);
#3838=AXIS2_PLACEMENT_3D('',#6053,#4825,#4826);
#3839=AXIS2_PLACEMENT_3D('',#6054,#4827,#4828);
#3840=AXIS2_PLACEMENT_3D('',#6055,#4829,#4830);
#3841=AXIS2_PLACEMENT_3D('',#6059,#4832,#4833);
#3842=AXIS2_PLACEMENT_3D('',#6060,#4834,#4835);
#3843=AXIS2_PLACEMENT_3D('',#6063,#4837,#4838);
#3844=AXIS2_PLACEMENT_3D('',#6072,#4840,#4841);
#3845=AXIS2_PLACEMENT_3D('',#6076,#4844,#4845);
#3846=AXIS2_PLACEMENT_3D('',#6085,#4847,#4848);
#3847=AXIS2_PLACEMENT_3D('',#6086,#4849,#4850);
#3848=AXIS2_PLACEMENT_3D('',#6088,#4852,#4853);
#3849=AXIS2_PLACEMENT_3D('',#6091,#4855,#4856);
#3850=AXIS2_PLACEMENT_3D('',#6094,#4858,#4859);
#3851=AXIS2_PLACEMENT_3D('',#6098,#4862,#4863);
#3852=AXIS2_PLACEMENT_3D('',#6101,#4865,#4866);
#3853=AXIS2_PLACEMENT_3D('',#6102,#4867,#4868);
#3854=AXIS2_PLACEMENT_3D('',#6104,#4870,#4871);
#3855=AXIS2_PLACEMENT_3D('',#6105,#4872,#4873);
#3856=AXIS2_PLACEMENT_3D('',#6106,#4874,#4875);
#3857=AXIS2_PLACEMENT_3D('',#6107,#4876,#4877);
#3858=AXIS2_PLACEMENT_3D('',#6108,#4878,#4879);
#3859=AXIS2_PLACEMENT_3D('',#6109,#4880,#4881);
#3860=AXIS2_PLACEMENT_3D('',#6110,#4882,#4883);
#3861=AXIS2_PLACEMENT_3D('',#6111,#4884,#4885);
#3862=AXIS2_PLACEMENT_3D('',#6112,#4886,#4887);
#3863=AXIS2_PLACEMENT_3D('',#6113,#4888,#4889);
#3864=AXIS2_PLACEMENT_3D('',#6114,#4890,#4891);
#3865=AXIS2_PLACEMENT_3D('',#6115,#4892,#4893);
#3866=AXIS2_PLACEMENT_3D('',#6116,#4894,#4895);
#3867=AXIS2_PLACEMENT_3D('',#6117,#4896,#4897);
#3868=AXIS2_PLACEMENT_3D('',#6118,#4898,#4899);
#3869=AXIS2_PLACEMENT_3D('',#6119,#4900,#4901);
#3870=AXIS2_PLACEMENT_3D('',#6120,#4902,#4903);
#3871=AXIS2_PLACEMENT_3D('',#6121,#4904,#4905);
#3872=AXIS2_PLACEMENT_3D('',#6122,#4906,#4907);
#3873=AXIS2_PLACEMENT_3D('',#6123,#4908,#4909);
#3874=AXIS2_PLACEMENT_3D('',#6124,#4910,#4911);
#3875=AXIS2_PLACEMENT_3D('',#6125,#4912,#4913);
#3876=AXIS2_PLACEMENT_3D('',#6126,#4914,#4915);
#3877=AXIS2_PLACEMENT_3D('',#6127,#4916,#4917);
#3878=AXIS2_PLACEMENT_3D('',#6128,#4918,#4919);
#3879=AXIS2_PLACEMENT_3D('',#6129,#4920,#4921);
#3880=AXIS2_PLACEMENT_3D('',#6130,#4922,#4923);
#3881=AXIS2_PLACEMENT_3D('',#6131,#4924,#4925);
#3882=AXIS2_PLACEMENT_3D('',#6132,#4926,#4927);
#3883=AXIS2_PLACEMENT_3D('',#6133,#4928,#4929);
#3884=AXIS2_PLACEMENT_3D('',#6134,#4930,#4931);
#3885=AXIS2_PLACEMENT_3D('',#6135,#4932,#4933);
#3886=AXIS2_PLACEMENT_3D('',#6136,#4934,#4935);
#3887=AXIS2_PLACEMENT_3D('',#6137,#4936,#4937);
#3888=AXIS2_PLACEMENT_3D('',#6138,#4938,#4939);
#3889=AXIS2_PLACEMENT_3D('',#6139,#4940,#4941);
#3890=AXIS2_PLACEMENT_3D('',#6140,#4942,#4943);
#3891=AXIS2_PLACEMENT_3D('',#6141,#4944,#4945);
#3892=AXIS2_PLACEMENT_3D('',#6142,#4946,#4947);
#3893=AXIS2_PLACEMENT_3D('',#6143,#4948,#4949);
#3894=AXIS2_PLACEMENT_3D('',#6144,#4950,#4951);
#3895=AXIS2_PLACEMENT_3D('',#6145,#4952,#4953);
#3896=AXIS2_PLACEMENT_3D('',#6146,#4954,#4955);
#3897=AXIS2_PLACEMENT_3D('',#6147,#4956,#4957);
#3898=AXIS2_PLACEMENT_3D('',#6148,#4958,#4959);
#3899=AXIS2_PLACEMENT_3D('',#6149,#4960,#4961);
#3900=AXIS2_PLACEMENT_3D('',#6150,#4962,#4963);
#3901=AXIS2_PLACEMENT_3D('',#6151,#4964,#4965);
#3902=AXIS2_PLACEMENT_3D('',#6152,#4966,#4967);
#3903=AXIS2_PLACEMENT_3D('',#6153,#4968,#4969);
#3904=AXIS2_PLACEMENT_3D('',#6154,#4970,#4971);
#3905=AXIS2_PLACEMENT_3D('',#6155,#4972,#4973);
#3906=AXIS2_PLACEMENT_3D('',#6156,#4974,#4975);
#3907=AXIS2_PLACEMENT_3D('',#6157,#4976,#4977);
#3908=AXIS2_PLACEMENT_3D('',#6158,#4978,#4979);
#3909=AXIS2_PLACEMENT_3D('',#6159,#4980,#4981);
#3910=AXIS2_PLACEMENT_3D('',#6160,#4982,#4983);
#3911=AXIS2_PLACEMENT_3D('',#6161,#4984,#4985);
#3912=AXIS2_PLACEMENT_3D('',#6162,#4986,#4987);
#3913=AXIS2_PLACEMENT_3D('',#6163,#4988,#4989);
#3914=AXIS2_PLACEMENT_3D('',#6164,#4990,#4991);
#3915=AXIS2_PLACEMENT_3D('',#6165,#4992,#4993);
#3916=AXIS2_PLACEMENT_3D('',#6166,#4994,#4995);
#3917=AXIS2_PLACEMENT_3D('',#6167,#4996,#4997);
#3918=AXIS2_PLACEMENT_3D('',#6168,#4998,#4999);
#3919=AXIS2_PLACEMENT_3D('',#6169,#5000,#5001);
#3920=AXIS2_PLACEMENT_3D('',#6170,#5002,#5003);
#3921=AXIS2_PLACEMENT_3D('',#6171,#5004,#5005);
#3922=AXIS2_PLACEMENT_3D('',#6172,#5006,#5007);
#3923=AXIS2_PLACEMENT_3D('',#6173,#5008,#5009);
#3924=AXIS2_PLACEMENT_3D('',#6174,#5010,#5011);
#3925=AXIS2_PLACEMENT_3D('',#6175,#5012,#5013);
#3926=AXIS2_PLACEMENT_3D('',#6176,#5014,#5015);
#3927=AXIS2_PLACEMENT_3D('',#6177,#5016,#5017);
#3928=AXIS2_PLACEMENT_3D('',#6178,#5018,#5019);
#3929=AXIS2_PLACEMENT_3D('',#6179,#5020,#5021);
#3930=AXIS2_PLACEMENT_3D('',#6180,#5022,#5023);
#3931=AXIS2_PLACEMENT_3D('',#6181,#5024,#5025);
#3932=AXIS2_PLACEMENT_3D('',#6182,#5026,#5027);
#3933=AXIS2_PLACEMENT_3D('',#6183,#5028,#5029);
#3934=AXIS2_PLACEMENT_3D('',#6184,#5030,#5031);
#3935=AXIS2_PLACEMENT_3D('',#6185,#5032,#5033);
#3936=AXIS2_PLACEMENT_3D('',#6186,#5034,#5035);
#3937=AXIS2_PLACEMENT_3D('',#6187,#5036,#5037);
#3938=AXIS2_PLACEMENT_3D('',#6188,#5038,#5039);
#3939=AXIS2_PLACEMENT_3D('',#6189,#5040,#5041);
#3940=AXIS2_PLACEMENT_3D('',#6190,#5042,#5043);
#3941=AXIS2_PLACEMENT_3D('',#6191,#5044,#5045);
#3942=AXIS2_PLACEMENT_3D('',#6192,#5046,#5047);
#3943=AXIS2_PLACEMENT_3D('',#6193,#5048,#5049);
#3944=AXIS2_PLACEMENT_3D('',#6194,#5050,#5051);
#3945=AXIS2_PLACEMENT_3D('',#6195,#5052,#5053);
#3946=AXIS2_PLACEMENT_3D('',#6196,#5054,#5055);
#3947=AXIS2_PLACEMENT_3D('',#6197,#5056,#5057);
#3948=AXIS2_PLACEMENT_3D('',#6198,#5058,#5059);
#3949=AXIS2_PLACEMENT_3D('',#6199,#5060,#5061);
#3950=AXIS2_PLACEMENT_3D('',#6200,#5062,#5063);
#3951=AXIS2_PLACEMENT_3D('',#6201,#5064,#5065);
#3952=AXIS2_PLACEMENT_3D('',#6202,#5066,#5067);
#3953=AXIS2_PLACEMENT_3D('',#6203,#5068,#5069);
#3954=AXIS2_PLACEMENT_3D('',#6204,#5070,#5071);
#3955=AXIS2_PLACEMENT_3D('',#6205,#5072,#5073);
#3956=AXIS2_PLACEMENT_3D('',#6206,#5074,#5075);
#3957=AXIS2_PLACEMENT_3D('',#6207,#5076,#5077);
#3958=AXIS2_PLACEMENT_3D('',#6208,#5078,#5079);
#3959=AXIS2_PLACEMENT_3D('',#6209,#5080,#5081);
#3960=AXIS2_PLACEMENT_3D('',#6210,#5082,#5083);
#3961=AXIS2_PLACEMENT_3D('',#6211,#5084,#5085);
#3962=AXIS2_PLACEMENT_3D('',#6212,#5086,#5087);
#3963=AXIS2_PLACEMENT_3D('',#6213,#5088,#5089);
#3964=AXIS2_PLACEMENT_3D('',#6214,#5090,#5091);
#3965=AXIS2_PLACEMENT_3D('',#6215,#5092,#5093);
#3966=AXIS2_PLACEMENT_3D('',#6216,#5094,#5095);
#3967=AXIS2_PLACEMENT_3D('',#6217,#5096,#5097);
#3968=AXIS2_PLACEMENT_3D('',#6218,#5098,#5099);
#3969=AXIS2_PLACEMENT_3D('',#6219,#5100,#5101);
#3970=AXIS2_PLACEMENT_3D('',#6220,#5102,#5103);
#3971=AXIS2_PLACEMENT_3D('',#6221,#5104,#5105);
#3972=AXIS2_PLACEMENT_3D('',#6222,#5106,#5107);
#3973=AXIS2_PLACEMENT_3D('',#6223,#5108,#5109);
#3974=AXIS2_PLACEMENT_3D('',#6224,#5110,#5111);
#3975=AXIS2_PLACEMENT_3D('',#6225,#5112,#5113);
#3976=AXIS2_PLACEMENT_3D('',#6226,#5114,#5115);
#3977=AXIS2_PLACEMENT_3D('',#6227,#5116,#5117);
#3978=AXIS2_PLACEMENT_3D('',#6228,#5118,#5119);
#3979=AXIS2_PLACEMENT_3D('',#6229,#5120,#5121);
#3980=AXIS2_PLACEMENT_3D('',#6230,#5122,#5123);
#3981=AXIS2_PLACEMENT_3D('',#6231,#5124,#5125);
#3982=AXIS2_PLACEMENT_3D('',#6233,#5127,#5128);
#3983=AXIS2_PLACEMENT_3D('',#6235,#5130,#5131);
#3984=AXIS2_PLACEMENT_3D('',#6236,#5132,#5133);
#3985=AXIS2_PLACEMENT_3D('',#6237,#5134,#5135);
#3986=AXIS2_PLACEMENT_3D('',#6238,#5136,#5137);
#3987=AXIS2_PLACEMENT_3D('',#6239,#5138,#5139);
#3988=AXIS2_PLACEMENT_3D('',#6240,#5140,#5141);
#3989=AXIS2_PLACEMENT_3D('',#6241,#5142,#5143);
#3990=AXIS2_PLACEMENT_3D('',#6242,#5144,#5145);
#3991=AXIS2_PLACEMENT_3D('',#6243,#5146,#5147);
#3992=AXIS2_PLACEMENT_3D('',#6244,#5148,#5149);
#3993=AXIS2_PLACEMENT_3D('',#6245,#5150,#5151);
#3994=AXIS2_PLACEMENT_3D('',#6246,#5152,#5153);
#3995=AXIS2_PLACEMENT_3D('',#6247,#5154,#5155);
#3996=AXIS2_PLACEMENT_3D('',#6248,#5156,#5157);
#3997=AXIS2_PLACEMENT_3D('',#6249,#5158,#5159);
#3998=AXIS2_PLACEMENT_3D('',#6250,#5160,#5161);
#3999=AXIS2_PLACEMENT_3D('',#6251,#5162,#5163);
#4000=AXIS2_PLACEMENT_3D('',#6252,#5164,#5165);
#4001=AXIS2_PLACEMENT_3D('',#6253,#5166,#5167);
#4002=AXIS2_PLACEMENT_3D('',#6254,#5168,#5169);
#4003=AXIS2_PLACEMENT_3D('',#6255,#5170,#5171);
#4004=AXIS2_PLACEMENT_3D('',#6256,#5172,#5173);
#4005=AXIS2_PLACEMENT_3D('',#6257,#5174,#5175);
#4006=AXIS2_PLACEMENT_3D('',#6258,#5176,#5177);
#4007=AXIS2_PLACEMENT_3D('',#6259,#5178,#5179);
#4008=AXIS2_PLACEMENT_3D('',#6260,#5180,#5181);
#4009=AXIS2_PLACEMENT_3D('',#6261,#5182,#5183);
#4010=AXIS2_PLACEMENT_3D('',#6262,#5184,#5185);
#4011=AXIS2_PLACEMENT_3D('',#6263,#5186,#5187);
#4012=AXIS2_PLACEMENT_3D('',#6264,#5188,#5189);
#4013=AXIS2_PLACEMENT_3D('',#6265,#5190,#5191);
#4014=AXIS2_PLACEMENT_3D('',#6266,#5192,#5193);
#4015=AXIS2_PLACEMENT_3D('',#6267,#5194,#5195);
#4016=AXIS2_PLACEMENT_3D('',#6268,#5196,#5197);
#4017=AXIS2_PLACEMENT_3D('',#6269,#5198,#5199);
#4018=AXIS2_PLACEMENT_3D('',#6270,#5200,#5201);
#4019=AXIS2_PLACEMENT_3D('',#6271,#5202,#5203);
#4020=AXIS2_PLACEMENT_3D('',#6272,#5204,#5205);
#4021=AXIS2_PLACEMENT_3D('',#6273,#5206,#5207);
#4022=AXIS2_PLACEMENT_3D('',#6274,#5208,#5209);
#4023=AXIS2_PLACEMENT_3D('',#6275,#5210,#5211);
#4024=AXIS2_PLACEMENT_3D('',#6276,#5212,#5213);
#4025=AXIS2_PLACEMENT_3D('',#6277,#5214,#5215);
#4026=AXIS2_PLACEMENT_3D('',#6296,#5216,#5217);
#4027=AXIS2_PLACEMENT_3D('',#6297,#5218,#5219);
#4028=AXIS2_PLACEMENT_3D('',#6298,#5220,#5221);
#4029=AXIS2_PLACEMENT_3D('',#6299,#5222,#5223);
#4030=AXIS2_PLACEMENT_3D('',#6300,#5224,#5225);
#4031=AXIS2_PLACEMENT_3D('',#6319,#5226,#5227);
#4032=AXIS2_PLACEMENT_3D('',#6320,#5228,#5229);
#4033=DIRECTION('',(0.,0.,1.));
#4034=DIRECTION('',(1.,0.,0.));
#4035=DIRECTION('',(0.,1.,0.));
#4036=DIRECTION('',(0.,0.,1.));
#4037=DIRECTION('',(1.,0.,0.));
#4038=DIRECTION('',(0.,1.,0.));
#4039=DIRECTION('',(0.,0.,1.));
#4040=DIRECTION('',(-1.,0.,0.));
#4041=DIRECTION('',(0.,1.,0.));
#4042=DIRECTION('',(0.,0.,1.));
#4043=DIRECTION('',(1.,0.,0.));
#4044=DIRECTION('',(0.,0.,-1.));
#4045=DIRECTION('',(1.,0.,0.));
#4046=DIRECTION('',(0.,0.,-1.));
#4047=DIRECTION('',(0.,1.,0.));
#4048=DIRECTION('',(0.,0.,1.));
#4049=DIRECTION('',(0.,1.,0.));
#4050=DIRECTION('',(0.,0.,1.));
#4051=DIRECTION('',(1.,0.,0.));
#4052=DIRECTION('',(0.,0.,-1.));
#4053=DIRECTION('',(1.,0.,0.));
#4054=DIRECTION('',(0.,0.,-1.));
#4055=DIRECTION('',(1.,0.,0.));
#4056=DIRECTION('',(0.,1.,0.));
#4057=DIRECTION('',(0.,0.,1.));
#4058=DIRECTION('',(1.,0.,0.));
#4059=DIRECTION('',(0.866025398992325,-0.500000008300183,0.));
#4060=DIRECTION('',(0.500000008300183,0.866025398992325,0.));
#4061=DIRECTION('',(0.,0.,-1.));
#4062=DIRECTION('',(-0.500000008300183,-0.866025398992325,0.));
#4063=DIRECTION('',(0.,0.,-1.));
#4064=DIRECTION('',(-0.500000008300183,-0.866025398992325,0.));
#4065=DIRECTION('',(0.,0.,-1.));
#4066=DIRECTION('',(-1.,0.,0.));
#4067=DIRECTION('',(0.,0.,-1.));
#4068=DIRECTION('',(0.,0.,1.));
#4069=DIRECTION('',(1.,0.,0.));
#4070=DIRECTION('',(0.,0.,1.));
#4071=DIRECTION('',(1.,0.,0.));
#4072=DIRECTION('',(1.,0.,0.));
#4073=DIRECTION('',(0.,0.,-1.));
#4074=DIRECTION('',(0.,1.,1.50062584427059E-16));
#4075=DIRECTION('',(1.,0.,0.));
#4076=DIRECTION('',(0.,0.,-1.));
#4077=DIRECTION('',(0.,1.,0.));
#4078=DIRECTION('',(1.,0.,0.));
#4079=DIRECTION('',(0.,0.,-1.));
#4080=DIRECTION('',(0.,0.,-1.));
#4081=DIRECTION('',(0.,-1.,0.));
#4082=DIRECTION('',(0.,-1.,0.));
#4083=DIRECTION('',(0.,0.,-1.));
#4084=DIRECTION('',(-1.,0.,0.));
#4085=DIRECTION('',(0.,0.,1.));
#4086=DIRECTION('',(1.,0.,0.));
#4087=DIRECTION('',(0.,0.,1.));
#4088=DIRECTION('',(1.,0.,0.));
#4089=DIRECTION('',(0.,0.,-1.));
#4090=DIRECTION('',(-1.,0.,0.));
#4091=DIRECTION('',(0.,0.,-1.));
#4092=DIRECTION('',(0.,0.,1.));
#4093=DIRECTION('',(1.,0.,0.));
#4094=DIRECTION('',(0.,0.,1.));
#4095=DIRECTION('',(1.,0.,0.));
#4096=DIRECTION('',(1.,0.,0.));
#4097=DIRECTION('',(0.,0.,-1.));
#4098=DIRECTION('',(0.,0.,-1.));
#4099=DIRECTION('',(0.,-1.,0.));
#4100=DIRECTION('',(0.,-1.,0.));
#4101=DIRECTION('',(0.,0.,-1.));
#4102=DIRECTION('',(-1.,0.,0.));
#4103=DIRECTION('',(0.,0.,-1.));
#4104=DIRECTION('',(0.,0.,1.));
#4105=DIRECTION('',(1.,0.,0.));
#4106=DIRECTION('',(0.,0.,1.));
#4107=DIRECTION('',(1.,0.,0.));
#4108=DIRECTION('',(0.,1.,0.));
#4109=DIRECTION('',(0.,0.,1.));
#4110=DIRECTION('',(0.,0.,-1.));
#4111=DIRECTION('',(1.,0.,0.));
#4112=DIRECTION('',(1.,0.,0.));
#4113=DIRECTION('',(0.,0.,-1.));
#4114=DIRECTION('',(-1.,0.,0.));
#4115=DIRECTION('',(0.,0.,-1.));
#4116=DIRECTION('',(0.,0.,1.));
#4117=DIRECTION('',(1.,0.,0.));
#4118=DIRECTION('',(0.,0.,1.));
#4119=DIRECTION('',(1.,0.,0.));
#4120=DIRECTION('',(0.,0.,-1.));
#4121=DIRECTION('',(-1.,0.,0.));
#4122=DIRECTION('',(0.,0.,-1.));
#4123=DIRECTION('',(0.,0.,1.));
#4124=DIRECTION('',(1.,0.,0.));
#4125=DIRECTION('',(0.,0.,1.));
#4126=DIRECTION('',(1.,0.,0.));
#4127=DIRECTION('',(0.,1.,0.));
#4128=DIRECTION('',(0.,0.,1.));
#4129=DIRECTION('',(0.,0.,-1.));
#4130=DIRECTION('',(1.,0.,0.));
#4131=DIRECTION('',(1.,0.,0.));
#4132=DIRECTION('',(0.,0.,-1.));
#4133=DIRECTION('',(-1.,0.,0.));
#4134=DIRECTION('',(0.,0.,-1.));
#4135=DIRECTION('',(0.,0.,1.));
#4136=DIRECTION('',(1.,0.,0.));
#4137=DIRECTION('',(0.,0.,1.));
#4138=DIRECTION('',(1.,0.,0.));
#4139=DIRECTION('',(1.,0.,0.));
#4140=DIRECTION('',(0.,0.,-1.));
#4141=DIRECTION('',(0.,0.,-1.));
#4142=DIRECTION('',(0.,-1.,0.));
#4143=DIRECTION('',(0.,-1.,0.));
#4144=DIRECTION('',(0.,0.,-1.));
#4145=DIRECTION('',(-1.,0.,0.));
#4146=DIRECTION('',(0.,0.,-1.));
#4147=DIRECTION('',(0.,0.,1.));
#4148=DIRECTION('',(1.,0.,0.));
#4149=DIRECTION('',(0.,0.,1.));
#4150=DIRECTION('',(1.,0.,0.));
#4151=DIRECTION('',(0.,1.,0.));
#4152=DIRECTION('',(0.,0.,1.));
#4153=DIRECTION('',(0.,0.,-1.));
#4154=DIRECTION('',(1.,0.,0.));
#4155=DIRECTION('',(1.,0.,0.));
#4156=DIRECTION('',(0.,0.,-1.));
#4157=DIRECTION('',(-1.,0.,0.));
#4158=DIRECTION('',(0.,0.,-1.));
#4159=DIRECTION('',(0.,0.,1.));
#4160=DIRECTION('',(1.,0.,0.));
#4161=DIRECTION('',(0.,0.,1.));
#4162=DIRECTION('',(1.,0.,0.));
#4163=DIRECTION('',(-1.,0.,0.));
#4164=DIRECTION('',(0.,0.,1.));
#4165=DIRECTION('',(0.,0.,-1.));
#4166=DIRECTION('',(0.,1.,0.));
#4167=DIRECTION('',(0.,1.,0.));
#4168=DIRECTION('',(0.,0.,-1.));
#4169=DIRECTION('',(-1.,0.,0.));
#4170=DIRECTION('',(0.,0.,-1.));
#4171=DIRECTION('',(0.,0.,1.));
#4172=DIRECTION('',(1.,0.,0.));
#4173=DIRECTION('',(0.,0.,1.));
#4174=DIRECTION('',(1.,0.,0.));
#4175=DIRECTION('',(0.,1.,0.));
#4176=DIRECTION('',(0.,0.,1.));
#4177=DIRECTION('',(0.,0.,-1.));
#4178=DIRECTION('',(1.,0.,0.));
#4179=DIRECTION('',(1.,0.,0.));
#4180=DIRECTION('',(0.,0.,-1.));
#4181=DIRECTION('',(-1.,0.,0.));
#4182=DIRECTION('',(0.,0.,-1.));
#4183=DIRECTION('',(0.,0.,1.));
#4184=DIRECTION('',(1.,0.,0.));
#4185=DIRECTION('',(0.,0.,1.));
#4186=DIRECTION('',(1.,0.,0.));
#4187=DIRECTION('',(-1.,0.,0.));
#4188=DIRECTION('',(0.,0.,1.));
#4189=DIRECTION('',(0.,0.,-1.));
#4190=DIRECTION('',(0.,1.,0.));
#4191=DIRECTION('',(0.,1.,0.));
#4192=DIRECTION('',(0.,0.,-1.));
#4193=DIRECTION('',(-1.,0.,0.));
#4194=DIRECTION('',(0.,0.,-1.));
#4195=DIRECTION('',(0.,0.,1.));
#4196=DIRECTION('',(1.,0.,0.));
#4197=DIRECTION('',(0.,0.,1.));
#4198=DIRECTION('',(1.,0.,0.));
#4199=DIRECTION('',(0.,1.,0.));
#4200=DIRECTION('',(0.,0.,1.));
#4201=DIRECTION('',(0.,0.,-1.));
#4202=DIRECTION('',(1.,0.,0.));
#4203=DIRECTION('',(1.,0.,0.));
#4204=DIRECTION('',(0.,0.,-1.));
#4205=DIRECTION('',(-1.,0.,0.));
#4206=DIRECTION('',(0.,0.,-1.));
#4207=DIRECTION('',(0.,0.,1.));
#4208=DIRECTION('',(1.,0.,0.));
#4209=DIRECTION('',(0.,0.,1.));
#4210=DIRECTION('',(1.,0.,0.));
#4211=DIRECTION('',(-1.,0.,0.));
#4212=DIRECTION('',(0.,0.,1.));
#4213=DIRECTION('',(0.,0.,-1.));
#4214=DIRECTION('',(0.,1.,0.));
#4215=DIRECTION('',(0.,1.,0.));
#4216=DIRECTION('',(0.,0.,-1.));
#4217=DIRECTION('',(-1.,0.,0.));
#4218=DIRECTION('',(0.,0.,-1.));
#4219=DIRECTION('',(0.,0.,1.));
#4220=DIRECTION('',(1.,0.,0.));
#4221=DIRECTION('',(0.,0.,1.));
#4222=DIRECTION('',(1.,0.,0.));
#4223=DIRECTION('',(0.,-1.,0.));
#4224=DIRECTION('',(0.,0.,-1.));
#4225=DIRECTION('',(0.,0.,-1.));
#4226=DIRECTION('',(-1.,0.,0.));
#4227=DIRECTION('',(-1.,0.,0.));
#4228=DIRECTION('',(0.,0.,-1.));
#4229=DIRECTION('',(-1.,0.,0.));
#4230=DIRECTION('',(0.,0.,-1.));
#4231=DIRECTION('',(0.,0.,1.));
#4232=DIRECTION('',(1.,0.,0.));
#4233=DIRECTION('',(0.,0.,1.));
#4234=DIRECTION('',(1.,0.,0.));
#4235=DIRECTION('',(1.,0.,0.));
#4236=DIRECTION('',(0.,0.,-1.));
#4237=DIRECTION('',(0.,0.,-1.));
#4238=DIRECTION('',(0.,-1.,0.));
#4239=DIRECTION('',(0.,-1.,0.));
#4240=DIRECTION('',(0.,0.,-1.));
#4241=DIRECTION('',(-1.,0.,0.));
#4242=DIRECTION('',(0.,0.,-1.));
#4243=DIRECTION('',(0.,0.,1.));
#4244=DIRECTION('',(1.,0.,0.));
#4245=DIRECTION('',(0.,0.,1.));
#4246=DIRECTION('',(1.,0.,0.));
#4247=DIRECTION('',(0.,-1.,0.));
#4248=DIRECTION('',(0.,0.,-1.));
#4249=DIRECTION('',(0.,0.,-1.));
#4250=DIRECTION('',(-1.,0.,0.));
#4251=DIRECTION('',(-1.,0.,0.));
#4252=DIRECTION('',(0.,0.,-1.));
#4253=DIRECTION('',(-1.,0.,0.));
#4254=DIRECTION('',(0.,0.,-1.));
#4255=DIRECTION('',(0.,0.,1.));
#4256=DIRECTION('',(1.,0.,0.));
#4257=DIRECTION('',(0.,0.,1.));
#4258=DIRECTION('',(1.,0.,0.));
#4259=DIRECTION('',(-0.938023063439636,-0.346572838600085,0.));
#4260=DIRECTION('',(0.346572838600085,-0.938023063439636,0.));
#4261=DIRECTION('',(0.,0.,-1.));
#4262=DIRECTION('',(-0.346572838600085,0.938023063439636,0.));
#4263=DIRECTION('',(-0.346572838600085,0.938023063439636,0.));
#4264=DIRECTION('',(0.,0.,-1.));
#4265=DIRECTION('',(-1.,0.,0.));
#4266=DIRECTION('',(0.,0.,-1.));
#4267=DIRECTION('',(0.,0.,1.));
#4268=DIRECTION('',(1.,0.,0.));
#4269=DIRECTION('',(0.,0.,1.));
#4270=DIRECTION('',(1.,0.,0.));
#4271=DIRECTION('',(-1.00342425210942E-5,-0.999999999949657,0.));
#4272=DIRECTION('',(0.999999999949657,-1.00342425210942E-5,0.));
#4273=DIRECTION('',(0.,0.,-1.));
#4274=DIRECTION('',(-0.999999999949657,1.00342425210942E-5,0.));
#4275=DIRECTION('',(-0.999999999949657,1.00342425210942E-5,0.));
#4276=DIRECTION('',(0.,0.,-1.));
#4277=DIRECTION('',(-1.,0.,0.));
#4278=DIRECTION('',(0.,0.,-1.));
#4279=DIRECTION('',(0.,0.,1.));
#4280=DIRECTION('',(1.,0.,0.));
#4281=DIRECTION('',(0.,0.,1.));
#4282=DIRECTION('',(1.,0.,0.));
#4283=DIRECTION('',(-0.258819050595091,-0.965925824817339,0.));
#4284=DIRECTION('',(0.965925824817338,-0.258819050595091,0.));
#4285=DIRECTION('',(0.,0.,-1.));
#4286=DIRECTION('',(-0.965925824817338,0.258819050595091,0.));
#4287=DIRECTION('',(-0.965925824817338,0.258819050595091,0.));
#4288=DIRECTION('',(0.,0.,-1.));
#4289=DIRECTION('',(-1.,0.,0.));
#4290=DIRECTION('',(0.,0.,-1.));
#4291=DIRECTION('',(0.,0.,1.));
#4292=DIRECTION('',(1.,0.,0.));
#4293=DIRECTION('',(0.,0.,1.));
#4294=DIRECTION('',(1.,0.,0.));
#4295=DIRECTION('',(-0.499993315898063,-0.866029262818099,0.));
#4296=DIRECTION('',(0.866029262818099,-0.499993315898063,0.));
#4297=DIRECTION('',(0.,0.,-1.));
#4298=DIRECTION('',(-0.866029262818099,0.499993315898063,0.));
#4299=DIRECTION('',(-0.866029262818099,0.499993315898063,0.));
#4300=DIRECTION('',(0.,0.,-1.));
#4301=DIRECTION('',(-1.,0.,0.));
#4302=DIRECTION('',(0.,0.,1.));
#4303=DIRECTION('',(1.,0.,0.));
#4304=DIRECTION('',(0.,0.,1.));
#4305=DIRECTION('',(1.,0.,0.));
#4306=DIRECTION('',(0.,0.,-1.));
#4307=DIRECTION('',(-1.,0.,0.));
#4308=DIRECTION('',(0.,0.,1.));
#4309=DIRECTION('',(1.,0.,0.));
#4310=DIRECTION('',(0.,0.,1.));
#4311=DIRECTION('',(1.,0.,0.));
#4312=DIRECTION('',(0.,0.,1.));
#4313=DIRECTION('',(1.,0.,0.));
#4314=DIRECTION('',(1.,0.,0.));
#4315=DIRECTION('',(0.,1.,0.));
#4316=DIRECTION('',(0.,0.,1.));
#4317=DIRECTION('',(1.,0.,0.));
#4318=DIRECTION('',(-1.,0.,0.));
#4319=DIRECTION('',(0.,0.,1.));
#4320=DIRECTION('',(1.,0.,0.));
#4321=DIRECTION('',(0.,-1.,0.));
#4322=DIRECTION('',(0.,0.,1.));
#4323=DIRECTION('',(1.,0.,0.));
#4324=DIRECTION('',(-1.,0.,0.));
#4325=DIRECTION('',(0.,0.,1.));
#4326=DIRECTION('',(1.,0.,0.));
#4327=DIRECTION('',(-0.346572838600085,0.938023063439636,0.));
#4328=DIRECTION('',(0.,0.,1.));
#4329=DIRECTION('',(1.,0.,0.));
#4330=DIRECTION('',(-0.999999999949657,1.00342425213971E-5,0.));
#4331=DIRECTION('',(0.,0.,1.));
#4332=DIRECTION('',(1.,0.,0.));
#4333=DIRECTION('',(-0.965925824817338,0.258819050595092,0.));
#4334=DIRECTION('',(0.,0.,1.));
#4335=DIRECTION('',(1.,0.,0.));
#4336=DIRECTION('',(-0.866029262818099,0.499993315898063,0.));
#4337=DIRECTION('',(0.,0.,1.));
#4338=DIRECTION('',(1.,0.,0.));
#4339=DIRECTION('',(-0.500000008300184,-0.866025398992325,0.));
#4340=DIRECTION('',(0.,0.,1.));
#4341=DIRECTION('',(1.,0.,0.));
#4342=DIRECTION('',(0.,-1.,0.));
#4343=DIRECTION('',(0.,0.,1.));
#4344=DIRECTION('',(1.,0.,0.));
#4345=DIRECTION('',(1.,0.,0.));
#4346=DIRECTION('',(0.,0.,1.));
#4347=DIRECTION('',(1.,0.,0.));
#4348=DIRECTION('',(0.,-1.,0.));
#4349=DIRECTION('',(0.,0.,1.));
#4350=DIRECTION('',(1.,0.,0.));
#4351=DIRECTION('',(1.,0.,0.));
#4352=DIRECTION('',(0.,0.,1.));
#4353=DIRECTION('',(1.,0.,0.));
#4354=DIRECTION('',(0.,-1.,0.));
#4355=DIRECTION('',(0.,0.,1.));
#4356=DIRECTION('',(1.,0.,0.));
#4357=DIRECTION('',(1.,0.,0.));
#4358=DIRECTION('',(0.,0.,1.));
#4359=DIRECTION('',(1.,0.,0.));
#4360=DIRECTION('',(0.,-1.,0.));
#4361=DIRECTION('',(0.,0.,1.));
#4362=DIRECTION('',(1.,0.,0.));
#4363=DIRECTION('',(1.,0.,0.));
#4364=DIRECTION('',(0.,0.,1.));
#4365=DIRECTION('',(1.,0.,0.));
#4366=DIRECTION('',(0.,1.,0.));
#4367=DIRECTION('',(0.,0.,1.));
#4368=DIRECTION('',(1.,0.,0.));
#4369=DIRECTION('',(1.,0.,0.));
#4370=DIRECTION('',(0.,0.,1.));
#4371=DIRECTION('',(1.,0.,0.));
#4372=DIRECTION('',(0.,1.,0.));
#4373=DIRECTION('',(0.,0.,1.));
#4374=DIRECTION('',(1.,0.,0.));
#4375=DIRECTION('',(1.,0.,0.));
#4376=DIRECTION('',(0.,0.,1.));
#4377=DIRECTION('',(1.,0.,0.));
#4378=DIRECTION('',(0.,1.,0.));
#4379=DIRECTION('',(1.,0.,0.));
#4380=DIRECTION('',(0.,0.,1.));
#4381=DIRECTION('',(1.,0.,0.));
#4382=DIRECTION('',(0.,-1.,0.));
#4383=DIRECTION('',(0.,0.,1.));
#4384=DIRECTION('',(1.,0.,0.));
#4385=DIRECTION('',(1.,0.,0.));
#4386=DIRECTION('',(0.,1.,0.));
#4387=DIRECTION('',(1.,0.,0.));
#4388=DIRECTION('',(0.,0.,1.));
#4389=DIRECTION('',(1.,0.,0.));
#4390=DIRECTION('',(0.,-1.,0.));
#4391=DIRECTION('',(0.,0.,1.));
#4392=DIRECTION('',(1.,0.,0.));
#4393=DIRECTION('',(0.,0.,1.));
#4394=DIRECTION('',(1.,0.,0.));
#4395=DIRECTION('',(0.,0.,1.));
#4396=DIRECTION('',(1.,0.,0.));
#4397=DIRECTION('',(0.,0.,1.));
#4398=DIRECTION('',(1.,0.,0.));
#4399=DIRECTION('',(0.,0.,1.));
#4400=DIRECTION('',(1.,0.,0.));
#4401=DIRECTION('',(0.,0.,1.));
#4402=DIRECTION('',(1.,0.,0.));
#4403=DIRECTION('',(-0.965925824817338,0.258819050595091,0.));
#4404=DIRECTION('',(0.,0.,1.));
#4405=DIRECTION('',(1.,0.,0.));
#4406=DIRECTION('',(-0.999999999949657,1.00342425210942E-5,0.));
#4407=DIRECTION('',(0.,0.,1.));
#4408=DIRECTION('',(1.,0.,0.));
#4409=DIRECTION('',(-0.346572838600085,0.938023063439636,0.));
#4410=DIRECTION('',(0.,0.,1.));
#4411=DIRECTION('',(1.,0.,0.));
#4412=DIRECTION('',(-1.,0.,0.));
#4413=DIRECTION('',(0.,0.,1.));
#4414=DIRECTION('',(1.,0.,0.));
#4415=DIRECTION('',(0.,-1.,0.));
#4416=DIRECTION('',(0.,0.,1.));
#4417=DIRECTION('',(1.,0.,0.));
#4418=DIRECTION('',(-1.,0.,0.));
#4419=DIRECTION('',(0.,0.,1.));
#4420=DIRECTION('',(1.,0.,0.));
#4421=DIRECTION('',(0.,1.,0.));
#4422=DIRECTION('',(0.,0.,1.));
#4423=DIRECTION('',(1.,0.,0.));
#4424=DIRECTION('',(1.,0.,0.));
#4425=DIRECTION('',(0.,0.,1.));
#4426=DIRECTION('',(1.,0.,0.));
#4427=DIRECTION('',(0.,1.,0.));
#4428=DIRECTION('',(0.,0.,1.));
#4429=DIRECTION('',(1.,0.,0.));
#4430=DIRECTION('',(1.,0.,0.));
#4431=DIRECTION('',(0.,0.,1.));
#4432=DIRECTION('',(1.,0.,0.));
#4433=DIRECTION('',(0.,1.,0.));
#4434=DIRECTION('',(0.,0.,1.));
#4435=DIRECTION('',(1.,0.,0.));
#4436=DIRECTION('',(1.,0.,0.));
#4437=DIRECTION('',(0.,0.,1.));
#4438=DIRECTION('',(1.,0.,0.));
#4439=DIRECTION('',(0.,-1.,0.));
#4440=DIRECTION('',(0.,0.,1.));
#4441=DIRECTION('',(1.,0.,0.));
#4442=DIRECTION('',(1.,0.,0.));
#4443=DIRECTION('',(0.,0.,1.));
#4444=DIRECTION('',(1.,0.,0.));
#4445=DIRECTION('',(0.,0.,1.));
#4446=DIRECTION('',(1.,0.,0.));
#4447=DIRECTION('',(1.,0.,0.));
#4448=DIRECTION('',(0.,0.,1.));
#4449=DIRECTION('',(1.,0.,0.));
#4450=DIRECTION('',(0.,-1.,0.));
#4451=DIRECTION('',(0.,0.,1.));
#4452=DIRECTION('',(1.,0.,0.));
#4453=DIRECTION('',(1.,0.,0.));
#4454=DIRECTION('',(0.,0.,1.));
#4455=DIRECTION('',(1.,0.,0.));
#4456=DIRECTION('',(0.,-1.,0.));
#4457=DIRECTION('',(0.,0.,1.));
#4458=DIRECTION('',(1.,0.,0.));
#4459=DIRECTION('',(-0.500000008300183,-0.866025398992325,0.));
#4460=DIRECTION('',(0.,0.,1.));
#4461=DIRECTION('',(1.,0.,0.));
#4462=DIRECTION('',(-0.866029262818099,0.499993315898063,0.));
#4463=DIRECTION('',(0.,0.,1.));
#4464=DIRECTION('',(1.,0.,0.));
#4465=DIRECTION('',(0.,0.,-1.));
#4466=DIRECTION('',(-1.,0.,0.));
#4467=DIRECTION('',(0.,0.,1.));
#4468=DIRECTION('',(1.,0.,0.));
#4469=DIRECTION('',(0.,0.,1.));
#4470=DIRECTION('',(1.,0.,0.));
#4471=DIRECTION('',(0.,0.,-1.));
#4472=DIRECTION('',(-1.,0.,0.));
#4473=DIRECTION('',(0.,0.,1.));
#4474=DIRECTION('',(1.,0.,0.));
#4475=DIRECTION('',(0.,0.,1.));
#4476=DIRECTION('',(1.,0.,0.));
#4477=DIRECTION('',(0.,0.,1.));
#4478=DIRECTION('',(1.,0.,0.));
#4479=DIRECTION('',(0.,0.,-1.));
#4480=DIRECTION('',(-1.,0.,0.));
#4481=DIRECTION('',(0.,0.,1.));
#4482=DIRECTION('',(1.,0.,0.));
#4483=DIRECTION('',(0.,0.,1.));
#4484=DIRECTION('',(1.,0.,0.));
#4485=DIRECTION('',(0.,0.,-1.));
#4486=DIRECTION('',(-1.,0.,0.));
#4487=DIRECTION('',(0.,0.,1.));
#4488=DIRECTION('',(1.,0.,0.));
#4489=DIRECTION('',(0.,0.,1.));
#4490=DIRECTION('',(1.,0.,0.));
#4491=DIRECTION('',(0.,0.,1.));
#4492=DIRECTION('',(1.,0.,0.));
#4493=DIRECTION('',(0.,0.,-1.));
#4494=DIRECTION('',(-1.,0.,0.));
#4495=DIRECTION('',(0.,0.,1.));
#4496=DIRECTION('',(1.,0.,0.));
#4497=DIRECTION('',(0.,0.,1.));
#4498=DIRECTION('',(1.,0.,0.));
#4499=DIRECTION('',(0.,0.,-1.));
#4500=DIRECTION('',(-1.,0.,0.));
#4501=DIRECTION('',(0.,0.,1.));
#4502=DIRECTION('',(1.,0.,0.));
#4503=DIRECTION('',(0.,0.,1.));
#4504=DIRECTION('',(1.,0.,0.));
#4505=DIRECTION('',(0.,0.,1.));
#4506=DIRECTION('',(1.,0.,0.));
#4507=DIRECTION('',(0.,0.,-1.));
#4508=DIRECTION('',(-1.,0.,0.));
#4509=DIRECTION('',(0.,0.,1.));
#4510=DIRECTION('',(1.,0.,0.));
#4511=DIRECTION('',(0.,0.,1.));
#4512=DIRECTION('',(1.,0.,0.));
#4513=DIRECTION('',(0.,0.,-1.));
#4514=DIRECTION('',(-1.,0.,0.));
#4515=DIRECTION('',(0.,0.,1.));
#4516=DIRECTION('',(1.,0.,0.));
#4517=DIRECTION('',(0.,0.,1.));
#4518=DIRECTION('',(1.,0.,0.));
#4519=DIRECTION('',(0.,0.,1.));
#4520=DIRECTION('',(1.,0.,0.));
#4521=DIRECTION('',(-1.,0.,0.));
#4522=DIRECTION('',(0.,0.,1.));
#4523=DIRECTION('',(0.,0.,-1.));
#4524=DIRECTION('',(0.,-1.,0.));
#4525=DIRECTION('',(0.,0.,-1.));
#4526=DIRECTION('',(0.,0.,-1.));
#4527=DIRECTION('',(0.,1.,0.));
#4528=DIRECTION('',(0.,0.,-1.));
#4529=DIRECTION('',(0.,0.,-1.));
#4530=DIRECTION('',(0.,-1.,0.));
#4531=DIRECTION('',(0.,0.,-1.));
#4532=DIRECTION('',(0.,1.,0.));
#4533=DIRECTION('',(0.,0.,1.));
#4534=DIRECTION('',(0.,0.,-1.));
#4535=DIRECTION('',(-1.,0.,0.));
#4536=DIRECTION('',(0.,0.,-1.));
#4537=DIRECTION('',(-1.,0.,0.));
#4538=DIRECTION('',(0.,0.,-1.));
#4539=DIRECTION('',(0.,0.,1.));
#4540=DIRECTION('',(1.,0.,0.));
#4541=DIRECTION('',(1.,0.,0.));
#4542=DIRECTION('',(0.,0.,-1.));
#4543=DIRECTION('',(0.,1.,0.));
#4544=DIRECTION('',(0.,0.,-1.));
#4545=DIRECTION('',(0.,0.,-1.));
#4546=DIRECTION('',(-1.,0.,0.));
#4547=DIRECTION('',(0.,0.,-1.));
#4548=DIRECTION('',(0.,0.,1.));
#4549=DIRECTION('',(1.,0.,0.));
#4550=DIRECTION('',(0.,1.,0.));
#4551=DIRECTION('',(0.,0.,1.));
#4552=DIRECTION('',(-1.,0.,0.));
#4553=DIRECTION('',(0.,1.,0.));
#4554=DIRECTION('',(0.,0.,1.));
#4555=DIRECTION('',(0.,0.,-1.));
#4556=DIRECTION('',(-1.,0.,0.));
#4557=DIRECTION('',(0.,0.,-1.));
#4558=DIRECTION('',(-1.,0.,0.));
#4559=DIRECTION('',(0.,0.,-1.));
#4560=DIRECTION('',(0.,0.,1.));
#4561=DIRECTION('',(1.,0.,0.));
#4562=DIRECTION('',(1.,0.,0.));
#4563=DIRECTION('',(0.,0.,-1.));
#4564=DIRECTION('',(0.,1.,0.));
#4565=DIRECTION('',(0.,0.,-1.));
#4566=DIRECTION('',(0.,0.,-1.));
#4567=DIRECTION('',(-1.,0.,0.));
#4568=DIRECTION('',(0.,0.,-1.));
#4569=DIRECTION('',(0.,0.,1.));
#4570=DIRECTION('',(1.,0.,0.));
#4571=DIRECTION('',(0.,1.,0.));
#4572=DIRECTION('',(0.,0.,1.));
#4573=DIRECTION('',(-1.,0.,0.));
#4574=DIRECTION('',(0.,0.,-1.));
#4575=DIRECTION('',(-1.,0.,0.));
#4576=DIRECTION('',(0.,0.,-1.));
#4577=DIRECTION('',(0.,0.,1.));
#4578=DIRECTION('',(1.,0.,0.));
#4579=DIRECTION('',(0.,1.,0.));
#4580=DIRECTION('',(0.,0.,1.));
#4581=DIRECTION('',(0.,0.,-1.));
#4582=DIRECTION('',(1.,0.,0.));
#4583=DIRECTION('',(0.,0.,-1.));
#4584=DIRECTION('',(-1.,0.,0.));
#4585=DIRECTION('',(0.,0.,-1.));
#4586=DIRECTION('',(0.,0.,1.));
#4587=DIRECTION('',(1.,0.,0.));
#4588=DIRECTION('',(-1.,0.,0.));
#4589=DIRECTION('',(0.,0.,1.));
#4590=DIRECTION('',(0.,0.,-1.));
#4591=DIRECTION('',(0.,1.,0.));
#4592=DIRECTION('',(0.,0.,-1.));
#4593=DIRECTION('',(-1.,0.,0.));
#4594=DIRECTION('',(0.,0.,-1.));
#4595=DIRECTION('',(0.,0.,1.));
#4596=DIRECTION('',(1.,0.,0.));
#4597=DIRECTION('',(0.,1.,0.));
#4598=DIRECTION('',(0.,0.,1.));
#4599=DIRECTION('',(0.,0.,-1.));
#4600=DIRECTION('',(1.,0.,0.));
#4601=DIRECTION('',(0.,0.,-1.));
#4602=DIRECTION('',(-1.,0.,0.));
#4603=DIRECTION('',(0.,0.,-1.));
#4604=DIRECTION('',(0.,0.,1.));
#4605=DIRECTION('',(1.,0.,0.));
#4606=DIRECTION('',(-1.,0.,0.));
#4607=DIRECTION('',(0.,0.,1.));
#4608=DIRECTION('',(0.,0.,-1.));
#4609=DIRECTION('',(0.,1.,0.));
#4610=DIRECTION('',(0.,0.,-1.));
#4611=DIRECTION('',(-1.,0.,0.));
#4612=DIRECTION('',(0.,0.,-1.));
#4613=DIRECTION('',(0.,0.,1.));
#4614=DIRECTION('',(1.,0.,0.));
#4615=DIRECTION('',(0.,1.,0.));
#4616=DIRECTION('',(0.,0.,1.));
#4617=DIRECTION('',(0.,0.,-1.));
#4618=DIRECTION('',(1.,0.,0.));
#4619=DIRECTION('',(0.,0.,-1.));
#4620=DIRECTION('',(-1.,0.,0.));
#4621=DIRECTION('',(0.,0.,-1.));
#4622=DIRECTION('',(0.,0.,1.));
#4623=DIRECTION('',(1.,0.,0.));
#4624=DIRECTION('',(1.,0.,0.));
#4625=DIRECTION('',(0.,0.,-1.));
#4626=DIRECTION('',(0.,0.,-1.));
#4627=DIRECTION('',(0.,-1.,0.));
#4628=DIRECTION('',(0.,0.,-1.));
#4629=DIRECTION('',(-1.,0.,0.));
#4630=DIRECTION('',(0.,0.,-1.));
#4631=DIRECTION('',(0.,0.,1.));
#4632=DIRECTION('',(1.,0.,0.));
#4633=DIRECTION('',(0.,1.,0.));
#4634=DIRECTION('',(0.,0.,1.));
#4635=DIRECTION('',(0.,0.,-1.));
#4636=DIRECTION('',(1.,0.,0.));
#4637=DIRECTION('',(0.,0.,-1.));
#4638=DIRECTION('',(-1.,0.,0.));
#4639=DIRECTION('',(0.,0.,-1.));
#4640=DIRECTION('',(0.,0.,1.));
#4641=DIRECTION('',(1.,0.,0.));
#4642=DIRECTION('',(1.,0.,0.));
#4643=DIRECTION('',(0.,0.,-1.));
#4644=DIRECTION('',(0.,0.,-1.));
#4645=DIRECTION('',(0.,-1.,0.));
#4646=DIRECTION('',(0.,0.,-1.));
#4647=DIRECTION('',(-1.,0.,0.));
#4648=DIRECTION('',(0.,0.,-1.));
#4649=DIRECTION('',(0.,0.,1.));
#4650=DIRECTION('',(1.,0.,0.));
#4651=DIRECTION('',(0.,1.,0.));
#4652=DIRECTION('',(0.,0.,1.));
#4653=DIRECTION('',(0.,0.,-1.));
#4654=DIRECTION('',(1.,0.,0.));
#4655=DIRECTION('',(0.,0.,-1.));
#4656=DIRECTION('',(-1.,0.,0.));
#4657=DIRECTION('',(0.,0.,-1.));
#4658=DIRECTION('',(0.,0.,1.));
#4659=DIRECTION('',(1.,0.,0.));
#4660=DIRECTION('',(1.,0.,0.));
#4661=DIRECTION('',(0.,0.,-1.));
#4662=DIRECTION('',(0.,0.,-1.));
#4663=DIRECTION('',(0.,-1.,0.));
#4664=DIRECTION('',(0.,0.,-1.));
#4665=DIRECTION('',(-1.,0.,0.));
#4666=DIRECTION('',(0.,0.,1.));
#4667=DIRECTION('',(1.,0.,0.));
#4668=DIRECTION('',(0.,0.,-1.));
#4669=DIRECTION('',(-1.,0.,0.));
#4670=DIRECTION('',(0.,0.,-1.));
#4671=DIRECTION('',(0.,0.,1.));
#4672=DIRECTION('',(1.,0.,0.));
#4673=DIRECTION('',(1.,0.,0.));
#4674=DIRECTION('',(0.,0.,-1.));
#4675=DIRECTION('',(1.,0.,0.));
#4676=DIRECTION('',(0.,0.,-1.));
#4677=DIRECTION('',(0.,-1.,-1.50062584427059E-16));
#4678=DIRECTION('',(1.,0.,0.));
#4679=DIRECTION('',(0.,0.,-1.));
#4680=DIRECTION('',(0.,-1.,0.));
#4681=DIRECTION('',(0.,0.,-1.));
#4682=DIRECTION('',(0.,-1.,0.));
#4683=DIRECTION('',(0.,0.,-1.));
#4684=DIRECTION('',(-1.,0.,0.));
#4685=DIRECTION('',(0.,0.,-1.));
#4686=DIRECTION('',(0.,0.,1.));
#4687=DIRECTION('',(1.,0.,0.));
#4688=DIRECTION('',(0.866025398992325,-0.500000008300184,0.));
#4689=DIRECTION('',(0.500000008300184,0.866025398992325,0.));
#4690=DIRECTION('',(0.,0.,-1.));
#4691=DIRECTION('',(-0.500000008300183,-0.866025398992326,0.));
#4692=DIRECTION('',(0.,0.,-1.));
#4693=DIRECTION('',(-1.,0.,0.));
#4694=DIRECTION('',(0.,0.,-1.));
#4695=DIRECTION('',(0.,0.,1.));
#4696=DIRECTION('',(1.,0.,0.));
#4697=DIRECTION('',(-0.499993315898063,-0.866029262818099,0.));
#4698=DIRECTION('',(0.866029262818099,-0.499993315898063,0.));
#4699=DIRECTION('',(0.,0.,-1.));
#4700=DIRECTION('',(-0.866029262818099,0.499993315898063,0.));
#4701=DIRECTION('',(0.,0.,-1.));
#4702=DIRECTION('',(-1.,0.,0.));
#4703=DIRECTION('',(0.,0.,-1.));
#4704=DIRECTION('',(0.,0.,1.));
#4705=DIRECTION('',(1.,0.,0.));
#4706=DIRECTION('',(-0.258819050595092,-0.965925824817338,0.));
#4707=DIRECTION('',(0.965925824817338,-0.258819050595092,0.));
#4708=DIRECTION('',(0.,0.,-1.));
#4709=DIRECTION('',(-0.965925824817338,0.258819050595092,0.));
#4710=DIRECTION('',(0.,0.,-1.));
#4711=DIRECTION('',(-1.,0.,0.));
#4712=DIRECTION('',(0.,0.,-1.));
#4713=DIRECTION('',(0.,0.,1.));
#4714=DIRECTION('',(1.,0.,0.));
#4715=DIRECTION('',(-1.00342425213971E-5,-0.999999999949657,0.));
#4716=DIRECTION('',(0.999999999949657,-1.00342425213971E-5,0.));
#4717=DIRECTION('',(0.,0.,-1.));
#4718=DIRECTION('',(-0.999999999949657,1.00342425213971E-5,0.));
#4719=DIRECTION('',(0.,0.,-1.));
#4720=DIRECTION('',(-1.,0.,0.));
#4721=DIRECTION('',(0.,0.,-1.));
#4722=DIRECTION('',(0.,0.,1.));
#4723=DIRECTION('',(1.,0.,0.));
#4724=DIRECTION('',(-0.938023063439636,-0.346572838600085,0.));
#4725=DIRECTION('',(0.346572838600085,-0.938023063439636,0.));
#4726=DIRECTION('',(0.,0.,-1.));
#4727=DIRECTION('',(-0.346572838600085,0.938023063439636,0.));
#4728=DIRECTION('',(0.,0.,-1.));
#4729=DIRECTION('',(-1.,0.,0.));
#4730=DIRECTION('',(0.,0.,-1.));
#4731=DIRECTION('',(0.,0.,1.));
#4732=DIRECTION('',(1.,0.,0.));
#4733=DIRECTION('',(0.,-1.,0.));
#4734=DIRECTION('',(0.,0.,-1.));
#4735=DIRECTION('',(0.,0.,-1.));
#4736=DIRECTION('',(-1.,0.,0.));
#4737=DIRECTION('',(0.,0.,-1.));
#4738=DIRECTION('',(-1.,0.,0.));
#4739=DIRECTION('',(0.,0.,-1.));
#4740=DIRECTION('',(0.,0.,1.));
#4741=DIRECTION('',(1.,0.,0.));
#4742=DIRECTION('',(1.,0.,0.));
#4743=DIRECTION('',(0.,0.,-1.));
#4744=DIRECTION('',(0.,0.,-1.));
#4745=DIRECTION('',(0.,-1.,0.));
#4746=DIRECTION('',(0.,0.,-1.));
#4747=DIRECTION('',(-1.,0.,0.));
#4748=DIRECTION('',(0.,0.,-1.));
#4749=DIRECTION('',(0.,0.,1.));
#4750=DIRECTION('',(1.,0.,0.));
#4751=DIRECTION('',(0.,-1.,0.));
#4752=DIRECTION('',(0.,0.,-1.));
#4753=DIRECTION('',(0.,0.,-1.));
#4754=DIRECTION('',(-1.,0.,0.));
#4755=DIRECTION('',(0.,0.,-1.));
#4756=DIRECTION('',(-1.,0.,0.));
#4757=DIRECTION('',(0.,0.,1.));
#4758=DIRECTION('',(1.,0.,0.));
#4759=DIRECTION('',(0.,0.,1.));
#4760=DIRECTION('',(1.,0.,0.));
#4761=DIRECTION('',(-0.999999999949657,1.00342425210942E-5,0.));
#4762=DIRECTION('',(0.,0.,1.));
#4763=DIRECTION('',(1.,0.,0.));
#4764=DIRECTION('',(-0.965925824817338,0.258819050595091,0.));
#4765=DIRECTION('',(0.,0.,1.));
#4766=DIRECTION('',(1.,0.,0.));
#4767=DIRECTION('',(-0.866029262818099,0.499993315898063,0.));
#4768=DIRECTION('',(0.,0.,1.));
#4769=DIRECTION('',(1.,0.,0.));
#4770=DIRECTION('',(-0.500000008300183,-0.866025398992325,0.));
#4771=DIRECTION('',(0.,0.,1.));
#4772=DIRECTION('',(1.,0.,0.));
#4773=DIRECTION('',(0.,-1.,0.));
#4774=DIRECTION('',(0.,0.,1.));
#4775=DIRECTION('',(1.,0.,0.));
#4776=DIRECTION('',(1.,0.,0.));
#4777=DIRECTION('',(0.,0.,1.));
#4778=DIRECTION('',(1.,0.,0.));
#4779=DIRECTION('',(0.,-1.,0.));
#4780=DIRECTION('',(0.,0.,1.));
#4781=DIRECTION('',(1.,0.,0.));
#4782=DIRECTION('',(1.,0.,0.));
#4783=DIRECTION('',(0.,0.,1.));
#4784=DIRECTION('',(1.,0.,0.));
#4785=DIRECTION('',(0.,0.,1.));
#4786=DIRECTION('',(1.,0.,0.));
#4787=DIRECTION('',(1.,0.,0.));
#4788=DIRECTION('',(0.,0.,1.));
#4789=DIRECTION('',(1.,0.,0.));
#4790=DIRECTION('',(0.,-1.,0.));
#4791=DIRECTION('',(0.,0.,1.));
#4792=DIRECTION('',(1.,0.,0.));
#4793=DIRECTION('',(1.,0.,0.));
#4794=DIRECTION('',(0.,0.,1.));
#4795=DIRECTION('',(1.,0.,0.));
#4796=DIRECTION('',(0.,1.,0.));
#4797=DIRECTION('',(0.,0.,1.));
#4798=DIRECTION('',(1.,0.,0.));
#4799=DIRECTION('',(1.,0.,0.));
#4800=DIRECTION('',(0.,0.,1.));
#4801=DIRECTION('',(1.,0.,0.));
#4802=DIRECTION('',(0.,1.,0.));
#4803=DIRECTION('',(0.,0.,1.));
#4804=DIRECTION('',(1.,0.,0.));
#4805=DIRECTION('',(1.,0.,0.));
#4806=DIRECTION('',(0.,0.,1.));
#4807=DIRECTION('',(1.,0.,0.));
#4808=DIRECTION('',(0.,1.,0.));
#4809=DIRECTION('',(0.,0.,1.));
#4810=DIRECTION('',(1.,0.,0.));
#4811=DIRECTION('',(-1.,0.,0.));
#4812=DIRECTION('',(0.,0.,1.));
#4813=DIRECTION('',(1.,0.,0.));
#4814=DIRECTION('',(0.,-1.,0.));
#4815=DIRECTION('',(0.,0.,1.));
#4816=DIRECTION('',(1.,0.,0.));
#4817=DIRECTION('',(-1.,0.,0.));
#4818=DIRECTION('',(0.,0.,1.));
#4819=DIRECTION('',(1.,0.,0.));
#4820=DIRECTION('',(-0.346572838600085,0.938023063439636,0.));
#4821=DIRECTION('',(0.,0.,1.));
#4822=DIRECTION('',(1.,0.,0.));
#4823=DIRECTION('',(0.,0.,1.));
#4824=DIRECTION('',(1.,0.,0.));
#4825=DIRECTION('',(0.,0.,1.));
#4826=DIRECTION('',(1.,0.,0.));
#4827=DIRECTION('',(0.,1.,0.));
#4828=DIRECTION('',(0.,0.,1.));
#4829=DIRECTION('',(0.,1.,0.));
#4830=DIRECTION('',(0.,0.,1.));
#4831=DIRECTION('',(-1.,0.,1.51372031062548E-16));
#4832=DIRECTION('',(0.,1.,0.));
#4833=DIRECTION('',(0.,0.,1.));
#4834=DIRECTION('',(0.,1.,0.));
#4835=DIRECTION('',(0.,0.,1.));
#4836=DIRECTION('',(0.,1.,0.));
#4837=DIRECTION('',(0.,1.,0.));
#4838=DIRECTION('',(0.,0.,1.));
#4839=DIRECTION('',(0.,1.,0.));
#4840=DIRECTION('',(0.,0.,-1.));
#4841=DIRECTION('',(-1.,0.,0.));
#4842=DIRECTION('',(0.,1.,0.));
#4843=DIRECTION('',(-1.,0.,0.));
#4844=DIRECTION('',(0.,1.,0.));
#4845=DIRECTION('',(0.,0.,1.));
#4846=DIRECTION('',(0.,1.,0.));
#4847=DIRECTION('',(0.,1.,0.));
#4848=DIRECTION('',(0.,0.,1.));
#4849=DIRECTION('',(1.51372031062548E-16,0.,1.));
#4850=DIRECTION('',(1.,0.,-1.51372031062548E-16));
#4851=DIRECTION('',(1.,0.,-1.51372031062548E-16));
#4852=DIRECTION('',(1.,0.,0.));
#4853=DIRECTION('',(0.,0.,-1.));
#4854=DIRECTION('',(1.,0.,0.));
#4855=DIRECTION('',(1.,0.,0.));
#4856=DIRECTION('',(0.,0.,-1.));
#4857=DIRECTION('',(1.,0.,0.));
#4858=DIRECTION('',(0.,0.,-1.));
#4859=DIRECTION('',(-1.,0.,0.));
#4860=DIRECTION('',(1.,0.,0.));
#4861=DIRECTION('',(0.,1.,0.));
#4862=DIRECTION('',(1.,0.,0.));
#4863=DIRECTION('',(0.,0.,-1.));
#4864=DIRECTION('',(1.,0.,0.));
#4865=DIRECTION('',(1.,0.,0.));
#4866=DIRECTION('',(0.,0.,-1.));
#4867=DIRECTION('',(0.,1.50062584427059E-16,-1.));
#4868=DIRECTION('',(0.,1.,1.50062584427059E-16));
#4869=DIRECTION('',(0.,1.,1.50062584427059E-16));
#4870=DIRECTION('',(1.,0.,0.));
#4871=DIRECTION('',(0.,0.,-1.));
#4872=DIRECTION('',(1.,0.,0.));
#4873=DIRECTION('',(0.,0.,-1.));
#4874=DIRECTION('',(-1.,0.,0.));
#4875=DIRECTION('',(0.,0.,1.));
#4876=DIRECTION('',(0.,0.,1.));
#4877=DIRECTION('',(1.,0.,0.));
#4878=DIRECTION('',(6.93889390390732E-15,-1.,0.));
#4879=DIRECTION('',(1.,6.93889390390732E-15,0.));
#4880=DIRECTION('',(0.,0.,1.));
#4881=DIRECTION('',(1.,0.,0.));
#4882=DIRECTION('',(0.,-1.,0.));
#4883=DIRECTION('',(0.,0.,-1.));
#4884=DIRECTION('',(0.,1.,0.));
#4885=DIRECTION('',(0.,0.,1.));
#4886=DIRECTION('',(0.,-1.,0.));
#4887=DIRECTION('',(0.,0.,-1.));
#4888=DIRECTION('',(0.,-1.,0.));
#4889=DIRECTION('',(0.,0.,-1.));
#4890=DIRECTION('',(0.,-1.,0.));
#4891=DIRECTION('',(0.,0.,-1.));
#4892=DIRECTION('',(0.,0.,1.));
#4893=DIRECTION('',(1.,0.,0.));
#4894=DIRECTION('',(-1.,-5.55111512312578E-14,0.));
#4895=DIRECTION('',(5.55111512312578E-14,-1.,0.));
#4896=DIRECTION('',(0.,0.,1.));
#4897=DIRECTION('',(1.,0.,0.));
#4898=DIRECTION('',(1.,0.,0.));
#4899=DIRECTION('',(0.,0.,-1.));
#4900=DIRECTION('',(1.,0.,0.));
#4901=DIRECTION('',(0.,0.,-1.));
#4902=DIRECTION('',(-1.,0.,0.));
#4903=DIRECTION('',(0.,0.,1.));
#4904=DIRECTION('',(1.,0.,0.));
#4905=DIRECTION('',(0.,0.,-1.));
#4906=DIRECTION('',(1.,0.,0.));
#4907=DIRECTION('',(0.,0.,-1.));
#4908=DIRECTION('',(0.,0.,1.));
#4909=DIRECTION('',(1.,0.,0.));
#4910=DIRECTION('',(6.93889390390722E-15,-1.,0.));
#4911=DIRECTION('',(1.,6.93889390390722E-15,0.));
#4912=DIRECTION('',(0.,0.,1.));
#4913=DIRECTION('',(1.,0.,0.));
#4914=DIRECTION('',(0.218750092912568,-0.97578091642066,5.41667220200027E-14));
#4915=DIRECTION('',(0.97578091642066,0.218750092912568,0.));
#4916=DIRECTION('',(0.,1.,0.));
#4917=DIRECTION('',(0.,0.,1.));
#4918=DIRECTION('',(0.,-1.,0.));
#4919=DIRECTION('',(0.,0.,-1.));
#4920=DIRECTION('',(0.,0.,1.));
#4921=DIRECTION('',(1.,0.,0.));
#4922=DIRECTION('',(1.,1.66533453693774E-13,1.66533453693774E-13));
#4923=DIRECTION('',(1.66533453693774E-13,0.,-1.));
#4924=DIRECTION('',(0.,0.,1.));
#4925=DIRECTION('',(1.,0.,0.));
#4926=DIRECTION('',(-1.,-2.77555756156291E-14,0.));
#4927=DIRECTION('',(2.77555756156291E-14,-1.,0.));
#4928=DIRECTION('',(1.,0.,0.));
#4929=DIRECTION('',(0.,0.,-1.));
#4930=DIRECTION('',(1.,0.,0.));
#4931=DIRECTION('',(0.,0.,-1.));
#4932=DIRECTION('',(1.,0.,0.));
#4933=DIRECTION('',(0.,0.,-1.));
#4934=DIRECTION('',(-1.,0.,0.));
#4935=DIRECTION('',(0.,0.,1.));
#4936=DIRECTION('',(0.,0.,1.));
#4937=DIRECTION('',(1.,0.,0.));
#4938=DIRECTION('',(0.,-1.,0.));
#4939=DIRECTION('',(0.,0.,-1.));
#4940=DIRECTION('',(0.,0.,1.));
#4941=DIRECTION('',(1.,0.,0.));
#4942=DIRECTION('',(0.,-1.,0.));
#4943=DIRECTION('',(0.,0.,-1.));
#4944=DIRECTION('',(0.,-1.,0.));
#4945=DIRECTION('',(0.,0.,-1.));
#4946=DIRECTION('',(0.,-1.,0.));
#4947=DIRECTION('',(0.,0.,-1.));
#4948=DIRECTION('',(0.,1.,0.));
#4949=DIRECTION('',(0.,0.,1.));
#4950=DIRECTION('',(0.,-1.,0.));
#4951=DIRECTION('',(0.,0.,-1.));
#4952=DIRECTION('',(0.,0.,1.));
#4953=DIRECTION('',(1.,0.,0.));
#4954=DIRECTION('',(1.,5.55111512312578E-14,5.55111512312571E-14));
#4955=DIRECTION('',(-5.55111512312578E-14,1.,0.));
#4956=DIRECTION('',(0.,0.,1.));
#4957=DIRECTION('',(1.,0.,0.));
#4958=DIRECTION('',(1.,0.,0.));
#4959=DIRECTION('',(0.,0.,-1.));
#4960=DIRECTION('',(1.,0.,0.));
#4961=DIRECTION('',(0.,0.,-1.));
#4962=DIRECTION('',(1.,0.,0.));
#4963=DIRECTION('',(0.,0.,-1.));
#4964=DIRECTION('',(-1.,0.,0.));
#4965=DIRECTION('',(0.,0.,1.));
#4966=DIRECTION('',(1.,0.,0.));
#4967=DIRECTION('',(0.,0.,-1.));
#4968=DIRECTION('',(0.,0.,1.));
#4969=DIRECTION('',(1.,0.,0.));
#4970=DIRECTION('',(1.38777878078144E-14,-1.,1.38777878078145E-14));
#4971=DIRECTION('',(0.,-1.38777878078145E-14,-1.));
#4972=DIRECTION('',(0.,0.,1.));
#4973=DIRECTION('',(1.,0.,0.));
#4974=DIRECTION('',(0.,1.,0.));
#4975=DIRECTION('',(0.,0.,1.));
#4976=DIRECTION('',(0.,-1.,0.));
#4977=DIRECTION('',(0.,0.,-1.));
#4978=DIRECTION('',(0.,-1.,5.55111512312579E-14));
#4979=DIRECTION('',(0.,-5.55111512312579E-14,-1.));
#4980=DIRECTION('',(0.,-1.,0.));
#4981=DIRECTION('',(0.,0.,-1.));
#4982=DIRECTION('',(0.,1.,0.));
#4983=DIRECTION('',(0.,0.,1.));
#4984=DIRECTION('',(0.,0.,1.));
#4985=DIRECTION('',(1.,0.,0.));
#4986=DIRECTION('',(-0.500000008300135,-0.866025398992353,4.99333382083707E-14));
#4987=DIRECTION('',(0.866025398992353,-0.500000008300135,0.));
#4988=DIRECTION('',(0.,0.,1.));
#4989=DIRECTION('',(1.,0.,0.));
#4990=DIRECTION('',(1.,5.55111512312578E-14,0.));
#4991=DIRECTION('',(-5.55111512312578E-14,1.,0.));
#4992=DIRECTION('',(-0.500000008300183,-0.866025398992325,0.));
#4993=DIRECTION('',(0.866025398992325,-0.500000008300183,0.));
#4994=DIRECTION('',(-0.500000008300189,-0.866025398992322,0.));
#4995=DIRECTION('',(0.866025398992322,-0.500000008300189,0.));
#4996=DIRECTION('',(-1.,0.,0.));
#4997=DIRECTION('',(0.,0.,1.));
#4998=DIRECTION('',(1.,0.,0.));
#4999=DIRECTION('',(0.,0.,-1.));
#5000=DIRECTION('',(0.,0.,1.));
#5001=DIRECTION('',(1.,0.,0.));
#5002=DIRECTION('',(-0.866029262818097,0.499993315898066,1.01595384027773E-14));
#5003=DIRECTION('',(-0.499993315898066,-0.866029262818098,0.));
#5004=DIRECTION('',(0.,0.,1.));
#5005=DIRECTION('',(1.,0.,0.));
#5006=DIRECTION('',(0.346572838600056,-0.938023063439646,0.));
#5007=DIRECTION('',(0.938023063439646,0.346572838600056,0.));
#5008=DIRECTION('',(-0.866029262818099,0.499993315898063,0.));
#5009=DIRECTION('',(-0.499993315898063,-0.866029262818099,0.));
#5010=DIRECTION('',(-0.866029262818097,0.499993315898066,8.59890243552031E-14));
#5011=DIRECTION('',(-0.499993315898066,-0.866029262818098,0.));
#5012=DIRECTION('',(-0.346572838600085,0.938023063439636,0.));
#5013=DIRECTION('',(-0.938023063439636,-0.346572838600085,0.));
#5014=DIRECTION('',(0.346572838600098,-0.938023063439631,0.));
#5015=DIRECTION('',(0.938023063439631,0.346572838600098,0.));
#5016=DIRECTION('',(0.,0.,1.));
#5017=DIRECTION('',(1.,0.,0.));
#5018=DIRECTION('',(-0.965925824817439,0.258819050594715,3.9688859696597E-13));
#5019=DIRECTION('',(-0.258819050594715,-0.965925824817439,0.));
#5020=DIRECTION('',(0.,0.,1.));
#5021=DIRECTION('',(1.,0.,0.));
#5022=DIRECTION('',(0.999999999949657,-1.00342425063402E-5,0.));
#5023=DIRECTION('',(1.00342425063402E-5,0.999999999949657,0.));
#5024=DIRECTION('',(-0.965925824817338,0.258819050595091,0.));
#5025=DIRECTION('',(-0.258819050595091,-0.965925824817339,0.));
#5026=DIRECTION('',(-0.965925824817335,0.258819050595106,1.00299700000924E-12));
#5027=DIRECTION('',(-0.258819050595106,-0.965925824817335,0.));
#5028=DIRECTION('',(-0.999999999949657,1.00342425210942E-5,0.));
#5029=DIRECTION('',(-1.00342425210942E-5,-0.999999999949657,0.));
#5030=DIRECTION('',(0.999999999949657,-1.003424188184E-5,0.));
#5031=DIRECTION('',(1.003424188184E-5,0.999999999949657,0.));
#5032=DIRECTION('',(0.,0.,1.));
#5033=DIRECTION('',(1.,0.,0.));
#5034=DIRECTION('',(-1.,0.,0.));
#5035=DIRECTION('',(0.,0.,1.));
#5036=DIRECTION('',(1.,0.,0.));
#5037=DIRECTION('',(0.,0.,-1.));
#5038=DIRECTION('',(-1.,0.,0.));
#5039=DIRECTION('',(0.,0.,1.));
#5040=DIRECTION('',(0.,0.,1.));
#5041=DIRECTION('',(1.,0.,0.));
#5042=DIRECTION('',(6.93889390390722E-15,-1.,-9.62964972193617E-29));
#5043=DIRECTION('',(1.,6.93889390390722E-15,0.));
#5044=DIRECTION('',(0.,0.,1.));
#5045=DIRECTION('',(1.,0.,0.));
#5046=DIRECTION('',(0.,-1.,0.));
#5047=DIRECTION('',(0.,0.,-1.));
#5048=DIRECTION('',(0.,-1.,0.));
#5049=DIRECTION('',(0.,0.,-1.));
#5050=DIRECTION('',(0.,-1.,0.));
#5051=DIRECTION('',(0.,0.,-1.));
#5052=DIRECTION('',(0.,1.,0.));
#5053=DIRECTION('',(0.,0.,1.));
#5054=DIRECTION('',(0.,-1.,0.));
#5055=DIRECTION('',(0.,0.,-1.));
#5056=DIRECTION('',(0.,0.,1.));
#5057=DIRECTION('',(1.,0.,0.));
#5058=DIRECTION('',(-1.,-5.55111512312578E-14,0.));
#5059=DIRECTION('',(5.55111512312578E-14,-1.,0.));
#5060=DIRECTION('',(0.,0.,1.));
#5061=DIRECTION('',(1.,0.,0.));
#5062=DIRECTION('',(1.,0.,0.));
#5063=DIRECTION('',(0.,0.,-1.));
#5064=DIRECTION('',(-1.,0.,0.));
#5065=DIRECTION('',(0.,0.,1.));
#5066=DIRECTION('',(-1.,0.,0.));
#5067=DIRECTION('',(0.,0.,1.));
#5068=DIRECTION('',(-1.,0.,0.));
#5069=DIRECTION('',(0.,0.,1.));
#5070=DIRECTION('',(1.,0.,0.));
#5071=DIRECTION('',(0.,0.,-1.));
#5072=DIRECTION('',(0.,0.,1.));
#5073=DIRECTION('',(1.,0.,0.));
#5074=DIRECTION('',(6.93889390390722E-15,-1.,0.));
#5075=DIRECTION('',(1.,6.93889390390722E-15,0.));
#5076=DIRECTION('',(0.,0.,1.));
#5077=DIRECTION('',(1.,0.,0.));
#5078=DIRECTION('',(0.218750092912515,-0.975780916420672,0.));
#5079=DIRECTION('',(0.975780916420672,0.218750092912515,0.));
#5080=DIRECTION('',(0.,-1.,0.));
#5081=DIRECTION('',(0.,0.,-1.));
#5082=DIRECTION('',(0.,-1.,0.));
#5083=DIRECTION('',(0.,0.,-1.));
#5084=DIRECTION('',(0.,0.,1.));
#5085=DIRECTION('',(1.,0.,0.));
#5086=DIRECTION('',(1.,0.,0.));
#5087=DIRECTION('',(0.,0.,-1.));
#5088=DIRECTION('',(0.,0.,1.));
#5089=DIRECTION('',(1.,0.,0.));
#5090=DIRECTION('',(-1.,-2.77555756156291E-14,0.));
#5091=DIRECTION('',(2.77555756156291E-14,-1.,0.));
#5092=DIRECTION('',(-1.,0.,0.));
#5093=DIRECTION('',(0.,0.,1.));
#5094=DIRECTION('',(1.,0.,0.));
#5095=DIRECTION('',(0.,0.,-1.));
#5096=DIRECTION('',(-1.,0.,0.));
#5097=DIRECTION('',(0.,0.,1.));
#5098=DIRECTION('',(-1.,0.,0.));
#5099=DIRECTION('',(0.,0.,1.));
#5100=DIRECTION('',(0.,0.,1.));
#5101=DIRECTION('',(1.,0.,0.));
#5102=DIRECTION('',(0.,-1.,0.));
#5103=DIRECTION('',(0.,0.,-1.));
#5104=DIRECTION('',(0.,0.,1.));
#5105=DIRECTION('',(1.,0.,0.));
#5106=DIRECTION('',(0.,-1.,0.));
#5107=DIRECTION('',(0.,0.,-1.));
#5108=DIRECTION('',(0.,1.,0.));
#5109=DIRECTION('',(0.,0.,1.));
#5110=DIRECTION('',(0.,-1.,0.));
#5111=DIRECTION('',(0.,0.,-1.));
#5112=DIRECTION('',(0.,-1.,0.));
#5113=DIRECTION('',(0.,0.,-1.));
#5114=DIRECTION('',(0.,-1.,0.));
#5115=DIRECTION('',(0.,0.,-1.));
#5116=DIRECTION('',(0.,0.,1.));
#5117=DIRECTION('',(1.,0.,0.));
#5118=DIRECTION('',(1.,0.,0.));
#5119=DIRECTION('',(0.,0.,-1.));
#5120=DIRECTION('',(0.,0.,1.));
#5121=DIRECTION('',(1.,0.,0.));
#5122=DIRECTION('',(1.,0.,0.));
#5123=DIRECTION('',(0.,0.,-1.));
#5124=DIRECTION('',(-1.,0.,0.));
#5125=DIRECTION('',(0.,0.,1.));
#5126=DIRECTION('',(1.,0.,0.));
#5127=DIRECTION('',(1.,0.,0.));
#5128=DIRECTION('',(0.,0.,-1.));
#5129=DIRECTION('',(1.,0.,0.));
#5130=DIRECTION('',(1.,0.,0.));
#5131=DIRECTION('',(0.,0.,-1.));
#5132=DIRECTION('',(1.,0.,0.));
#5133=DIRECTION('',(0.,0.,-1.));
#5134=DIRECTION('',(0.,0.,1.));
#5135=DIRECTION('',(1.,0.,0.));
#5136=DIRECTION('',(0.,-1.,0.));
#5137=DIRECTION('',(0.,0.,-1.));
#5138=DIRECTION('',(0.,0.,1.));
#5139=DIRECTION('',(1.,0.,0.));
#5140=DIRECTION('',(0.,1.,0.));
#5141=DIRECTION('',(0.,0.,1.));
#5142=DIRECTION('',(0.,1.,0.));
#5143=DIRECTION('',(0.,0.,1.));
#5144=DIRECTION('',(-5.55111512312578E-14,-1.,0.));
#5145=DIRECTION('',(1.,-5.55111512312578E-14,0.));
#5146=DIRECTION('',(0.,1.,0.));
#5147=DIRECTION('',(0.,0.,1.));
#5148=DIRECTION('',(0.,1.,0.));
#5149=DIRECTION('',(0.,0.,1.));
#5150=DIRECTION('',(0.,0.,1.));
#5151=DIRECTION('',(1.,0.,0.));
#5152=DIRECTION('',(-0.500000008300178,-0.866025398992328,0.));
#5153=DIRECTION('',(0.866025398992328,-0.500000008300179,0.));
#5154=DIRECTION('',(0.,0.,1.));
#5155=DIRECTION('',(1.,0.,0.));
#5156=DIRECTION('',(1.,5.55111512312578E-14,0.));
#5157=DIRECTION('',(-5.55111512312578E-14,1.,0.));
#5158=DIRECTION('',(0.500000008300183,0.866025398992325,0.));
#5159=DIRECTION('',(-0.866025398992325,0.500000008300183,0.));
#5160=DIRECTION('',(-0.500000008300189,-0.866025398992322,0.));
#5161=DIRECTION('',(0.866025398992322,-0.500000008300189,0.));
#5162=DIRECTION('',(1.,0.,0.));
#5163=DIRECTION('',(0.,0.,-1.));
#5164=DIRECTION('',(1.,0.,0.));
#5165=DIRECTION('',(0.,0.,-1.));
#5166=DIRECTION('',(0.,0.,1.));
#5167=DIRECTION('',(1.,0.,0.));
#5168=DIRECTION('',(-0.866029262818092,0.499993315898074,0.));
#5169=DIRECTION('',(-0.499993315898074,-0.866029262818092,0.));
#5170=DIRECTION('',(0.,0.,1.));
#5171=DIRECTION('',(1.,0.,0.));
#5172=DIRECTION('',(0.346572838600052,-0.938023063439648,-3.08450343805465E-14));
#5173=DIRECTION('',(0.938023063439648,0.346572838600052,0.));
#5174=DIRECTION('',(0.866029262818099,-0.499993315898063,0.));
#5175=DIRECTION('',(0.499993315898063,0.866029262818099,0.));
#5176=DIRECTION('',(-0.866029262818055,0.49999331589814,0.));
#5177=DIRECTION('',(-0.49999331589814,-0.866029262818055,0.));
#5178=DIRECTION('',(0.346572838600085,-0.938023063439636,0.));
#5179=DIRECTION('',(0.938023063439636,0.346572838600085,0.));
#5180=DIRECTION('',(0.346572838600093,-0.938023063439633,0.));
#5181=DIRECTION('',(0.938023063439633,0.346572838600093,0.));
#5182=DIRECTION('',(0.,0.,1.));
#5183=DIRECTION('',(1.,0.,0.));
#5184=DIRECTION('',(-0.965925824817336,0.258819050595099,0.));
#5185=DIRECTION('',(-0.258819050595099,-0.965925824817336,0.));
#5186=DIRECTION('',(0.,0.,1.));
#5187=DIRECTION('',(1.,0.,0.));
#5188=DIRECTION('',(0.999999999949657,-1.00342425063405E-5,-2.78506176630291E-19));
#5189=DIRECTION('',(1.00342425063405E-5,0.999999999949657,0.));
#5190=DIRECTION('',(0.965925824817338,-0.258819050595091,0.));
#5191=DIRECTION('',(0.258819050595091,0.965925824817339,0.));
#5192=DIRECTION('',(-0.965925824817061,0.258819050596126,0.));
#5193=DIRECTION('',(-0.258819050596126,-0.965925824817061,0.));
#5194=DIRECTION('',(0.999999999949657,-1.00342425210942E-5,0.));
#5195=DIRECTION('',(1.00342425210942E-5,0.999999999949657,0.));
#5196=DIRECTION('',(0.999999999949657,-1.00342425202183E-5,-6.38378239127327E-13));
#5197=DIRECTION('',(1.00342425202183E-5,0.999999999949657,0.));
#5198=DIRECTION('',(0.,0.,1.));
#5199=DIRECTION('',(1.,0.,0.));
#5200=DIRECTION('',(1.,0.,0.));
#5201=DIRECTION('',(0.,0.,-1.));
#5202=DIRECTION('',(0.,-1.,0.));
#5203=DIRECTION('',(0.,0.,-1.));
#5204=DIRECTION('',(0.,-1.,0.));
#5205=DIRECTION('',(0.,0.,-1.));
#5206=DIRECTION('',(0.,1.,0.));
#5207=DIRECTION('',(0.,0.,1.));
#5208=DIRECTION('',(0.,-1.,0.));
#5209=DIRECTION('',(0.,0.,-1.));
#5210=DIRECTION('',(0.,-1.,-1.50062584427059E-16));
#5211=DIRECTION('',(0.,1.50062584427059E-16,-1.));
#5212=DIRECTION('',(0.,-1.,0.));
#5213=DIRECTION('',(0.,0.,-1.));
#5214=DIRECTION('',(1.,0.,0.));
#5215=DIRECTION('',(0.,0.,-1.));
#5216=DIRECTION('',(-0.722607489597781,-1.39400312846404E-14,0.691258573890547));
#5217=DIRECTION('',(0.691258573890547,0.,0.722607489597781));
#5218=DIRECTION('',(0.,1.,0.));
#5219=DIRECTION('',(0.,0.,1.));
#5220=DIRECTION('',(1.,0.,0.));
#5221=DIRECTION('',(0.,0.,-1.));
#5222=DIRECTION('',(-1.,0.,0.));
#5223=DIRECTION('',(0.,0.,1.));
#5224=DIRECTION('',(1.,0.,0.));
#5225=DIRECTION('',(0.,0.,-1.));
#5226=DIRECTION('',(0.722607489597788,-3.35759893307463E-14,0.691258573890539));
#5227=DIRECTION('',(0.691258573890539,0.,-0.722607489597788));
#5228=DIRECTION('',(0.,1.,0.));
#5229=DIRECTION('',(0.,0.,1.));
#5230=CARTESIAN_POINT('',(0.,0.,0.));
#5231=CARTESIAN_POINT('',(0.172786019,-0.075259809,0.002));
#5232=CARTESIAN_POINT('',(0.171664519,-0.075259809,0.001));
#5233=CARTESIAN_POINT('',(0.18737951861943,-0.075259809,0.001));
#5234=CARTESIAN_POINT('',(0.183734506158875,-0.075259809,0.001));
#5235=CARTESIAN_POINT('',(0.181242519,-0.075259809,0.003605));
#5236=CARTESIAN_POINT('',(0.181242519,-0.075259809,0.00721));
#5237=CARTESIAN_POINT('',(0.172786019,-0.075259809,0.00721));
#5238=CARTESIAN_POINT('',(0.175512519,-0.075259809,0.00721));
#5239=CARTESIAN_POINT('',(0.175512519,-0.075259809,0.003605));
#5240=CARTESIAN_POINT('',(0.173020531841124,-0.075259809,0.001));
#5241=CARTESIAN_POINT('',(0.171664519,-0.075259809,0.001));
#5242=CARTESIAN_POINT('',(0.171664519,-0.075259809,0.001));
#5243=CARTESIAN_POINT('',(0.171664519,-0.075259809,0.002));
#5244=CARTESIAN_POINT('',(0.171664519,-0.075259809,0.00956));
#5245=CARTESIAN_POINT('',(0.172786019,-0.075259809,0.00956));
#5246=CARTESIAN_POINT('',(0.18737951861943,-0.075259809,0.00956));
#5247=CARTESIAN_POINT('',(0.18737951861943,-0.075259809,0.002));
#5248=CARTESIAN_POINT('',(0.171686019190285,-0.077259809,0.00646));
#5249=CARTESIAN_POINT('',(0.181242519,-0.077259809,0.003605));
#5250=CARTESIAN_POINT('',(0.183294347452868,-0.077259809,0.002));
#5251=CARTESIAN_POINT('',(0.181242519,-0.077259809,0.00621));
#5252=CARTESIAN_POINT('',(0.171686019190285,-0.077259809,0.002));
#5253=CARTESIAN_POINT('',(0.18737951861943,-0.0772598089999999,0.002));
#5254=CARTESIAN_POINT('',(0.18737951861943,-0.0772598089999999,0.00646));
#5255=CARTESIAN_POINT('',(0.18737951861943,-0.0772598089999999,0.01056));
#5256=CARTESIAN_POINT('',(0.185113518809715,-0.077259809,0.01056));
#5257=CARTESIAN_POINT('',(0.16946451938057,-0.077259809,0.01056));
#5258=CARTESIAN_POINT('',(0.16946451938057,-0.077259809,0.00646));
#5259=CARTESIAN_POINT('',(0.16946451938057,-0.077259809,0.002));
#5260=CARTESIAN_POINT('',(0.171686019190285,-0.077259809,0.002));
#5261=CARTESIAN_POINT('',(0.173460690547131,-0.077259809,0.002));
#5262=CARTESIAN_POINT('',(0.175512519,-0.077259809,0.003605));
#5263=CARTESIAN_POINT('',(0.175512519,-0.077259809,0.00621));
#5264=CARTESIAN_POINT('',(0.178377519,-0.077259809,0.00621));
#5265=CARTESIAN_POINT('',(0.18009160182383,-0.135509678879347,0.002));
#5266=CARTESIAN_POINT('',(0.189717786832087,-0.118836637731027,0.002));
#5267=CARTESIAN_POINT('',(0.189717786832087,-0.118836637731027,0.00956));
#5268=CARTESIAN_POINT('',(0.189717786832087,-0.118836637731027,0.001));
#5269=CARTESIAN_POINT('',(0.18009160182383,-0.135509678879347,0.00956));
#5270=CARTESIAN_POINT('',(0.175119171668854,-0.144122196906394,0.00956));
#5271=CARTESIAN_POINT('',(0.175119171668854,-0.144122196906394,0.002));
#5272=CARTESIAN_POINT('',(0.175119171668854,-0.144122196906394,0.001));
#5273=CARTESIAN_POINT('',(0.189717786832087,-0.118836637731027,0.001));
#5274=CARTESIAN_POINT('',(0.187379513755949,-0.1174866351112,0.002));
#5275=CARTESIAN_POINT('',(0.190079518999992,-0.1174866351112,0.002));
#5276=CARTESIAN_POINT('',(0.190079518999992,-0.1174866351112,0.00956));
#5277=CARTESIAN_POINT('',(0.190079518999992,-0.1174866351112,0.001));
#5278=CARTESIAN_POINT('',(0.187379513755949,-0.1174866351112,0.00956));
#5279=CARTESIAN_POINT('',(0.187379513755949,-0.1174866351112,0.001));
#5280=CARTESIAN_POINT('',(0.190079519,-0.090080809190285,0.002));
#5281=CARTESIAN_POINT('',(0.190079519,-0.109561809,0.002265));
#5282=CARTESIAN_POINT('',(0.190079519,-0.103781809,0.002265));
#5283=CARTESIAN_POINT('',(0.190079519,-0.109561809,0.002265));
#5284=CARTESIAN_POINT('',(0.190079519,-0.109561809,0.005845));
#5285=CARTESIAN_POINT('',(0.190079519,-0.109561809,0.009425));
#5286=CARTESIAN_POINT('',(0.190079519,-0.090080809190285,0.009425));
#5287=CARTESIAN_POINT('',(0.190079519,-0.103781809,0.009425));
#5288=CARTESIAN_POINT('',(0.190079519,-0.103781809,0.005845));
#5289=CARTESIAN_POINT('',(0.190079519,-0.07795980938057,0.002));
#5290=CARTESIAN_POINT('',(0.190079519,-0.07795980938057,0.00956));
#5291=CARTESIAN_POINT('',(0.190079519,-0.07795980938057,0.001));
#5292=CARTESIAN_POINT('',(0.190079519,-0.090080809190285,0.00956));
#5293=CARTESIAN_POINT('',(0.190079519,-0.07795980938057,0.001));
#5294=CARTESIAN_POINT('',(0.18737951861943,-0.07795980938057,0.002));
#5295=CARTESIAN_POINT('',(0.18737951861943,-0.07795980938057,0.00956));
#5296=CARTESIAN_POINT('',(0.18737951861943,-0.07795980938057,0.001));
#5297=CARTESIAN_POINT('',(0.171664519,-0.074759809,0.002));
#5298=CARTESIAN_POINT('',(0.171164519,-0.074759809,0.002));
#5299=CARTESIAN_POINT('',(0.171164519,-0.074759809,0.00956));
#5300=CARTESIAN_POINT('',(0.171164519,-0.074759809,0.001));
#5301=CARTESIAN_POINT('',(0.171664519,-0.074759809,0.00956));
#5302=CARTESIAN_POINT('',(0.171664519,-0.074759809,0.001));
#5303=CARTESIAN_POINT('',(0.171164519,-0.064809809190285,0.002));
#5304=CARTESIAN_POINT('',(0.171164519,-0.05485980938057,0.002));
#5305=CARTESIAN_POINT('',(0.171164519,-0.05485980938057,0.00956));
#5306=CARTESIAN_POINT('',(0.171164519,-0.05485980938057,0.001));
#5307=CARTESIAN_POINT('',(0.171164519,-0.064809809190285,0.00956));
#5308=CARTESIAN_POINT('',(0.171164519,-0.05485980938057,0.001));
#5309=CARTESIAN_POINT('',(0.16846451861943,-0.05485980938057,0.002));
#5310=CARTESIAN_POINT('',(0.16846451861943,-0.052159809,0.002));
#5311=CARTESIAN_POINT('',(0.16846451861943,-0.052159809,0.00956));
#5312=CARTESIAN_POINT('',(0.16846451861943,-0.052159809,0.001));
#5313=CARTESIAN_POINT('',(0.16846451861943,-0.05485980938057,0.00956));
#5314=CARTESIAN_POINT('',(0.16846451861943,-0.05485980938057,0.001));
#5315=CARTESIAN_POINT('',(0.16050076827138,-0.052159809,0.002));
#5316=CARTESIAN_POINT('',(0.152537017923329,-0.052159809,0.002));
#5317=CARTESIAN_POINT('',(0.152537017923329,-0.052159809,0.00956));
#5318=CARTESIAN_POINT('',(0.152537017923329,-0.052159809,0.001));
#5319=CARTESIAN_POINT('',(0.16050076827138,-0.052159809,0.00956));
#5320=CARTESIAN_POINT('',(0.152537017923329,-0.052159809,0.001));
#5321=CARTESIAN_POINT('',(0.152537017923329,-0.0516598090000001,0.002));
#5322=CARTESIAN_POINT('',(0.152049127465119,-0.0517691840464563,0.002));
#5323=CARTESIAN_POINT('',(0.152049127465119,-0.0517691840464563,0.00956));
#5324=CARTESIAN_POINT('',(0.152049127465119,-0.0517691840464563,0.001));
#5325=CARTESIAN_POINT('',(0.152537017923329,-0.0516598090000001,0.00956));
#5326=CARTESIAN_POINT('',(0.152537017923329,-0.0516598090000001,0.001));
#5327=CARTESIAN_POINT('',(0.14941451861943,-0.05235980938057,0.002));
#5328=CARTESIAN_POINT('',(0.14941451861943,-0.049659809,0.002));
#5329=CARTESIAN_POINT('',(0.14941451861943,-0.049659809,0.00956));
#5330=CARTESIAN_POINT('',(0.14941451861943,-0.049659809,0.001));
#5331=CARTESIAN_POINT('',(0.14941451861943,-0.05235980938057,0.00956));
#5332=CARTESIAN_POINT('',(0.14941451861943,-0.05235980938057,0.001));
#5333=CARTESIAN_POINT('',(0.141489518809715,-0.049659809,0.002));
#5334=CARTESIAN_POINT('',(0.133564519,-0.0496598089999999,0.002));
#5335=CARTESIAN_POINT('',(0.133564519,-0.0496598089999999,0.00956));
#5336=CARTESIAN_POINT('',(0.133564519,-0.0496598089999999,0.001));
#5337=CARTESIAN_POINT('',(0.141489518809715,-0.049659809,0.00956));
#5338=CARTESIAN_POINT('',(0.133564519,-0.049659809,0.001));
#5339=CARTESIAN_POINT('',(0.133564519,-0.049159809,0.002));
#5340=CARTESIAN_POINT('',(0.133064519,-0.049159809,0.002));
#5341=CARTESIAN_POINT('',(0.133064519,-0.049159809,0.00956));
#5342=CARTESIAN_POINT('',(0.133064519,-0.049159809,0.001));
#5343=CARTESIAN_POINT('',(0.133564519,-0.049159809,0.00956));
#5344=CARTESIAN_POINT('',(0.133564519,-0.049159809,0.001));
#5345=CARTESIAN_POINT('',(0.133064519,-0.048009809190285,0.002));
#5346=CARTESIAN_POINT('',(0.133064519,-0.04685980938057,0.002));
#5347=CARTESIAN_POINT('',(0.133064519,-0.04685980938057,0.00956));
#5348=CARTESIAN_POINT('',(0.133064519,-0.04685980938057,0.001));
#5349=CARTESIAN_POINT('',(0.133064519,-0.048009809190285,0.00956));
#5350=CARTESIAN_POINT('',(0.133064519,-0.04685980938057,0.001));
#5351=CARTESIAN_POINT('',(0.13036451861943,-0.04685980938057,0.002));
#5352=CARTESIAN_POINT('',(0.13036451861943,-0.044159809,0.002));
#5353=CARTESIAN_POINT('',(0.13036451861943,-0.044159809,0.00956));
#5354=CARTESIAN_POINT('',(0.13036451861943,-0.044159809,0.001));
#5355=CARTESIAN_POINT('',(0.13036451861943,-0.04685980938057,0.00956));
#5356=CARTESIAN_POINT('',(0.13036451861943,-0.04685980938057,0.001));
#5357=CARTESIAN_POINT('',(0.121339514187113,-0.044159809,0.002));
#5358=CARTESIAN_POINT('',(0.112314509754796,-0.0441597993742264,0.002));
#5359=CARTESIAN_POINT('',(0.112314509754796,-0.0441597993742264,0.00956));
#5360=CARTESIAN_POINT('',(0.112314509754796,-0.0441597993742264,0.001));
#5361=CARTESIAN_POINT('',(0.121339514187113,-0.044159809,0.00956));
#5362=CARTESIAN_POINT('',(0.112314509754796,-0.044159809,0.001));
#5363=CARTESIAN_POINT('',(0.112314509754796,-0.0468597997547964,0.002));
#5364=CARTESIAN_POINT('',(0.109614519,-0.0468597997547964,0.002));
#5365=CARTESIAN_POINT('',(0.109614519,-0.0468597997547964,0.00956));
#5366=CARTESIAN_POINT('',(0.109614519,-0.0468597997547964,0.001));
#5367=CARTESIAN_POINT('',(0.112314509754796,-0.0468597997547964,0.00956));
#5368=CARTESIAN_POINT('',(0.112314509754796,-0.0468597997547964,0.001));
#5369=CARTESIAN_POINT('',(0.109614519,-0.0482598043773982,0.002));
#5370=CARTESIAN_POINT('',(0.109614519,-0.0496598090000001,0.002));
#5371=CARTESIAN_POINT('',(0.109614519,-0.0496598090000001,0.00956));
#5372=CARTESIAN_POINT('',(0.109614519,-0.0496598090000001,0.001));
#5373=CARTESIAN_POINT('',(0.109614519,-0.0482598043773982,0.00956));
#5374=CARTESIAN_POINT('',(0.109614519,-0.0496598090000001,0.001));
#5375=CARTESIAN_POINT('',(0.109114519,-0.0496598090000001,0.002));
#5376=CARTESIAN_POINT('',(0.109114519,-0.050159809,0.002));
#5377=CARTESIAN_POINT('',(0.109114519,-0.050159809,0.00956));
#5378=CARTESIAN_POINT('',(0.109114519,-0.050159809,0.001));
#5379=CARTESIAN_POINT('',(0.109114519,-0.0496598090000001,0.00956));
#5380=CARTESIAN_POINT('',(0.109114519,-0.0496598090000001,0.001));
#5381=CARTESIAN_POINT('',(0.101189514377401,-0.050159809,0.002));
#5382=CARTESIAN_POINT('',(0.0932645097548025,-0.0501597993742265,0.002));
#5383=CARTESIAN_POINT('',(0.0932645097548025,-0.0501597993742265,0.00956));
#5384=CARTESIAN_POINT('',(0.0932645097548025,-0.0501597993742265,0.001));
#5385=CARTESIAN_POINT('',(0.101189514377401,-0.050159809,0.00956));
#5386=CARTESIAN_POINT('',(0.0932645097548025,-0.050159809,0.001));
#5387=CARTESIAN_POINT('',(0.0932645097548025,-0.0528597997547965,0.002));
#5388=CARTESIAN_POINT('',(0.090564519,-0.0528597997547965,0.002));
#5389=CARTESIAN_POINT('',(0.090564519,-0.0528597997547965,0.00956));
#5390=CARTESIAN_POINT('',(0.090564519,-0.0528597997547965,0.001));
#5391=CARTESIAN_POINT('',(0.0932645097548025,-0.0528597997547965,0.00956));
#5392=CARTESIAN_POINT('',(0.0932645097548025,-0.0528597997547965,0.001));
#5393=CARTESIAN_POINT('',(0.090564519,-0.0572598043773983,0.002));
#5394=CARTESIAN_POINT('',(0.090564519,-0.0616598090000001,0.002));
#5395=CARTESIAN_POINT('',(0.090564519,-0.0616598090000001,0.00956));
#5396=CARTESIAN_POINT('',(0.090564519,-0.0616598090000001,0.001));
#5397=CARTESIAN_POINT('',(0.090564519,-0.0572598043773983,0.00956));
#5398=CARTESIAN_POINT('',(0.090564519,-0.0616598090000001,0.001));
#5399=CARTESIAN_POINT('',(0.0900645190000001,-0.0616598090000001,0.002));
#5400=CARTESIAN_POINT('',(0.0900645190000001,-0.062159809,0.002));
#5401=CARTESIAN_POINT('',(0.0900645190000001,-0.062159809,0.00956));
#5402=CARTESIAN_POINT('',(0.0900645190000001,-0.062159809,0.001));
#5403=CARTESIAN_POINT('',(0.0900645190000001,-0.0616598090000001,0.00956));
#5404=CARTESIAN_POINT('',(0.0900645190000001,-0.0616598090000001,0.001));
#5405=CARTESIAN_POINT('',(0.0821395153124209,-0.062159809,0.002));
#5406=CARTESIAN_POINT('',(0.0742145116248417,-0.0621598012442717,0.002));
#5407=CARTESIAN_POINT('',(0.0742145116248417,-0.0621598012442717,0.00956));
#5408=CARTESIAN_POINT('',(0.0742145116248417,-0.0621598012442717,0.001));
#5409=CARTESIAN_POINT('',(0.0821395153124209,-0.062159809,0.00956));
#5410=CARTESIAN_POINT('',(0.0742145116248417,-0.062159809,0.001));
#5411=CARTESIAN_POINT('',(0.0742145116248417,-0.0648598016248417,0.002));
#5412=CARTESIAN_POINT('',(0.071514519,-0.0648598016248417,0.002));
#5413=CARTESIAN_POINT('',(0.071514519,-0.0648598016248417,0.00956));
#5414=CARTESIAN_POINT('',(0.071514519,-0.0648598016248417,0.001));
#5415=CARTESIAN_POINT('',(0.0742145116248417,-0.0648598016248417,0.00956));
#5416=CARTESIAN_POINT('',(0.0742145116248417,-0.0648598016248417,0.001));
#5417=CARTESIAN_POINT('',(0.071514519,-0.0929348089999648,0.002));
#5418=CARTESIAN_POINT('',(0.0715145112442716,-0.121009816375088,0.002));
#5419=CARTESIAN_POINT('',(0.0715145112442716,-0.121009816375088,0.00956));
#5420=CARTESIAN_POINT('',(0.0715145112442716,-0.121009816375088,0.001));
#5421=CARTESIAN_POINT('',(0.071514519,-0.0929348089999648,0.00956));
#5422=CARTESIAN_POINT('',(0.071514519,-0.121009816375088,0.001));
#5423=CARTESIAN_POINT('',(0.0742145116248416,-0.121009816375088,0.002));
#5424=CARTESIAN_POINT('',(0.0742145116248416,-0.123709809,0.002));
#5425=CARTESIAN_POINT('',(0.0742145116248416,-0.123709809,0.00956));
#5426=CARTESIAN_POINT('',(0.0742145116248416,-0.123709809,0.001));
#5427=CARTESIAN_POINT('',(0.0742145116248416,-0.121009816375088,0.00956));
#5428=CARTESIAN_POINT('',(0.0742145116248416,-0.121009816375088,0.001));
#5429=CARTESIAN_POINT('',(0.083239510272607,-0.123709809,0.002));
#5430=CARTESIAN_POINT('',(0.0922645089203724,-0.123709799300935,0.002));
#5431=CARTESIAN_POINT('',(0.0922645089203724,-0.123709799300935,0.00956));
#5432=CARTESIAN_POINT('',(0.0922645089203724,-0.123709799300935,0.001));
#5433=CARTESIAN_POINT('',(0.083239510272607,-0.123709809,0.00956));
#5434=CARTESIAN_POINT('',(0.0922645089203724,-0.123709809,0.001));
#5435=CARTESIAN_POINT('',(0.0922645089203724,-0.121009798920365,0.002));
#5436=CARTESIAN_POINT('',(0.094964519,-0.121009798920365,0.002));
#5437=CARTESIAN_POINT('',(0.094964519,-0.121009798920365,0.00956));
#5438=CARTESIAN_POINT('',(0.094964519,-0.121009798920365,0.001));
#5439=CARTESIAN_POINT('',(0.0922645089203724,-0.121009798920365,0.00956));
#5440=CARTESIAN_POINT('',(0.0922645089203724,-0.121009798920365,0.001));
#5441=CARTESIAN_POINT('',(0.094964519,-0.116609803960183,0.002));
#5442=CARTESIAN_POINT('',(0.094964519,-0.112209809,0.002));
#5443=CARTESIAN_POINT('',(0.094964519,-0.112209809,0.00956));
#5444=CARTESIAN_POINT('',(0.094964519,-0.112209809,0.001));
#5445=CARTESIAN_POINT('',(0.094964519,-0.116609803960183,0.00956));
#5446=CARTESIAN_POINT('',(0.094964519,-0.112209809,0.001));
#5447=CARTESIAN_POINT('',(0.095464519,-0.112209809,0.002));
#5448=CARTESIAN_POINT('',(0.0954645189999999,-0.111709809,0.002));
#5449=CARTESIAN_POINT('',(0.0954645189999999,-0.111709809,0.00956));
#5450=CARTESIAN_POINT('',(0.0954645189999999,-0.111709809,0.001));
#5451=CARTESIAN_POINT('',(0.095464519,-0.112209809,0.00956));
#5452=CARTESIAN_POINT('',(0.095464519,-0.112209809,0.001));
#5453=CARTESIAN_POINT('',(0.102699108310264,-0.111709809,0.002));
#5454=CARTESIAN_POINT('',(0.109933697620528,-0.111709809,0.002));
#5455=CARTESIAN_POINT('',(0.109933697620528,-0.111709809,0.00956));
#5456=CARTESIAN_POINT('',(0.109933697620528,-0.111709809,0.001));
#5457=CARTESIAN_POINT('',(0.102699108310264,-0.111709809,0.00956));
#5458=CARTESIAN_POINT('',(0.109933697620528,-0.111709809,0.001));
#5459=CARTESIAN_POINT('',(0.109933697620528,-0.112209809,0.002));
#5460=CARTESIAN_POINT('',(0.110402709152247,-0.1120365225807,0.002));
#5461=CARTESIAN_POINT('',(0.110402709152247,-0.1120365225807,0.00956));
#5462=CARTESIAN_POINT('',(0.110402709152247,-0.1120365225807,0.001));
#5463=CARTESIAN_POINT('',(0.109933697620528,-0.112209809,0.00956));
#5464=CARTESIAN_POINT('',(0.109933697620528,-0.112209809,0.001));
#5465=CARTESIAN_POINT('',(0.113616933737867,-0.12073604099814,0.002));
#5466=CARTESIAN_POINT('',(0.116831158323487,-0.12943555941558,0.002));
#5467=CARTESIAN_POINT('',(0.116831158323487,-0.12943555941558,0.00956));
#5468=CARTESIAN_POINT('',(0.116831158323487,-0.12943555941558,0.001));
#5469=CARTESIAN_POINT('',(0.113616933737867,-0.12073604099814,0.00956));
#5470=CARTESIAN_POINT('',(0.116831158323487,-0.12943555941558,0.001));
#5471=CARTESIAN_POINT('',(0.119363820951757,-0.128499812619465,0.002));
#5472=CARTESIAN_POINT('',(0.119363793859299,-0.131199812999898,0.002));
#5473=CARTESIAN_POINT('',(0.119363793859299,-0.131199812999898,0.00956));
#5474=CARTESIAN_POINT('',(0.119363793859299,-0.131199812999898,0.001));
#5475=CARTESIAN_POINT('',(0.119363820951757,-0.128499812619465,0.00956));
#5476=CARTESIAN_POINT('',(0.119363820951757,-0.128499812619465,0.001));
#5477=CARTESIAN_POINT('',(0.12853707359547,-0.131199905046812,0.002));
#5478=CARTESIAN_POINT('',(0.137710353331641,-0.131199997093724,0.002));
#5479=CARTESIAN_POINT('',(0.137710353331641,-0.131199997093724,0.00956));
#5480=CARTESIAN_POINT('',(0.137710353331641,-0.131199997093724,0.001));
#5481=CARTESIAN_POINT('',(0.12853707359547,-0.131199905046812,0.00956));
#5482=CARTESIAN_POINT('',(0.137710353331641,-0.131199997093726,0.001));
#5483=CARTESIAN_POINT('',(0.13771034831452,-0.131699997093697,0.002));
#5484=CARTESIAN_POINT('',(0.137839757839817,-0.131217034181292,0.002));
#5485=CARTESIAN_POINT('',(0.137839757839817,-0.131217034181292,0.00956));
#5486=CARTESIAN_POINT('',(0.137839757839817,-0.131217034181292,0.001));
#5487=CARTESIAN_POINT('',(0.13771034831452,-0.131699997093697,0.00956));
#5488=CARTESIAN_POINT('',(0.13771034831452,-0.131699997093697,0.001));
#5489=CARTESIAN_POINT('',(0.146696534523514,-0.13359020039521,0.002));
#5490=CARTESIAN_POINT('',(0.155553311207211,-0.135963366609127,0.002));
#5491=CARTESIAN_POINT('',(0.155553311207211,-0.135963366609127,0.00956));
#5492=CARTESIAN_POINT('',(0.155553311207211,-0.135963366609127,0.001));
#5493=CARTESIAN_POINT('',(0.146696534523514,-0.13359020039521,0.00956));
#5494=CARTESIAN_POINT('',(0.155553311207211,-0.135963366609127,0.001));
#5495=CARTESIAN_POINT('',(0.155423901681914,-0.136446329521535,0.002));
#5496=CARTESIAN_POINT('',(0.155673898339863,-0.136013314890126,0.002));
#5497=CARTESIAN_POINT('',(0.155673898339863,-0.136013314890126,0.00956));
#5498=CARTESIAN_POINT('',(0.155673898339863,-0.136013314890126,0.001));
#5499=CARTESIAN_POINT('',(0.155423901681914,-0.136446329521535,0.00956));
#5500=CARTESIAN_POINT('',(0.155423901681914,-0.136446329521535,0.001));
#5501=CARTESIAN_POINT('',(0.163552409964389,-0.140561894621336,0.002));
#5502=CARTESIAN_POINT('',(0.171430921588916,-0.145110474352545,0.002));
#5503=CARTESIAN_POINT('',(0.171430921588916,-0.145110474352545,0.00956));
#5504=CARTESIAN_POINT('',(0.171430921588916,-0.145110474352545,0.001));
#5505=CARTESIAN_POINT('',(0.163552409964389,-0.140561894621336,0.00956));
#5506=CARTESIAN_POINT('',(0.171430921588916,-0.145110474352545,0.001));
#5507=CARTESIAN_POINT('',(0.172489519,-0.106606809,0.002));
#5508=CARTESIAN_POINT('',(0.172489519,-0.106606809,0.002));
#5509=CARTESIAN_POINT('',(0.174489519,-0.106606809,0.002));
#5510=CARTESIAN_POINT('',(0.172489519,-0.106606809,0.));
#5511=CARTESIAN_POINT('',(0.174489519,-0.106606809,0.));
#5512=CARTESIAN_POINT('',(0.172780902761991,-0.142772196693699,0.002));
#5513=CARTESIAN_POINT('',(0.172780902761991,-0.142772196693699,0.00956));
#5514=CARTESIAN_POINT('',(0.172780902761991,-0.142772196693699,0.001));
#5515=CARTESIAN_POINT('',(0.130797015122136,-0.0948159982242475,0.002));
#5516=CARTESIAN_POINT('',(0.073614519,-0.103459809,0.002));
#5517=CARTESIAN_POINT('',(0.073514519,-0.103459809,0.002));
#5518=CARTESIAN_POINT('',(0.076264519,-0.103459809,0.002));
#5519=CARTESIAN_POINT('',(0.073514519,-0.112234812687544,0.002));
#5520=CARTESIAN_POINT('',(0.073514519,-0.121009816375088,0.002));
#5521=CARTESIAN_POINT('',(0.0742145116248416,-0.121009816375088,0.002));
#5522=CARTESIAN_POINT('',(0.0742145116248416,-0.121709816755658,0.002));
#5523=CARTESIAN_POINT('',(0.083239510272607,-0.121709809,0.002));
#5524=CARTESIAN_POINT('',(0.0922645089203724,-0.121709809,0.002));
#5525=CARTESIAN_POINT('',(0.0922645089203724,-0.121009798920365,0.002));
#5526=CARTESIAN_POINT('',(0.0929645093009424,-0.121009798920365,0.002));
#5527=CARTESIAN_POINT('',(0.092964519,-0.115509804626933,0.002));
#5528=CARTESIAN_POINT('',(0.092964519,-0.1100098103335,0.002));
#5529=CARTESIAN_POINT('',(0.093264520333573,-0.1100098103335,0.002));
#5530=CARTESIAN_POINT('',(0.093264520333573,-0.109709808999925,0.002));
#5531=CARTESIAN_POINT('',(0.102365369190918,-0.109709809,0.002));
#5532=CARTESIAN_POINT('',(0.111466218048264,-0.109709809,0.002));
#5533=CARTESIAN_POINT('',(0.111466218048264,-0.11000980938057,0.002));
#5534=CARTESIAN_POINT('',(0.111747625324279,-0.109905837397095,0.002));
#5535=CARTESIAN_POINT('',(0.115227414887321,-0.119324125567738,0.002));
#5536=CARTESIAN_POINT('',(0.118707204450366,-0.12874241373838,0.002));
#5537=CARTESIAN_POINT('',(0.119363820951757,-0.128499812619465,0.002));
#5538=CARTESIAN_POINT('',(0.119363813927784,-0.129199812999999,0.002));
#5539=CARTESIAN_POINT('',(0.128681905137993,-0.129199906499986,0.002));
#5540=CARTESIAN_POINT('',(0.137999996348202,-0.129199999999973,0.002));
#5541=CARTESIAN_POINT('',(0.137999993337909,-0.129500001938032,0.002));
#5542=CARTESIAN_POINT('',(0.138077639151587,-0.129210223822983,0.002));
#5543=CARTESIAN_POINT('',(0.147214173710105,-0.131658349036407,0.002));
#5544=CARTESIAN_POINT('',(0.156350707793915,-0.134106476021467,0.002));
#5545=CARTESIAN_POINT('',(0.156273062056303,-0.134396253852634,0.002));
#5546=CARTESIAN_POINT('',(0.156423060241355,-0.134136444744205,0.002));
#5547=CARTESIAN_POINT('',(0.164426984127997,-0.138757430464024,0.002));
#5548=CARTESIAN_POINT('',(0.172430908220711,-0.143378415826909,0.002));
#5549=CARTESIAN_POINT('',(0.172780902761991,-0.142772196693699,0.002));
#5550=CARTESIAN_POINT('',(0.173387120870869,-0.143122196889794,0.002));
#5551=CARTESIAN_POINT('',(0.178359551025846,-0.134509678862746,0.002));
#5552=CARTESIAN_POINT('',(0.187985736034102,-0.117836637714427,0.002));
#5553=CARTESIAN_POINT('',(0.18737951375595,-0.1174866351112,0.002));
#5554=CARTESIAN_POINT('',(0.188079518999992,-0.1174866351112,0.002));
#5555=CARTESIAN_POINT('',(0.188079519,-0.090080809190285,0.002));
#5556=CARTESIAN_POINT('',(0.188079519,-0.07795980938057,0.002));
#5557=CARTESIAN_POINT('',(0.18737951861943,-0.07795980938057,0.002));
#5558=CARTESIAN_POINT('',(0.171686019190285,-0.077259809,0.002));
#5559=CARTESIAN_POINT('',(0.16946451938057,-0.07695980861943,0.002));
#5560=CARTESIAN_POINT('',(0.169164519,-0.07695980861943,0.002));
#5561=CARTESIAN_POINT('',(0.169164519,-0.065909809,0.002));
#5562=CARTESIAN_POINT('',(0.169164519,-0.05485980938057,0.002));
#5563=CARTESIAN_POINT('',(0.16846451861943,-0.05485980938057,0.002));
#5564=CARTESIAN_POINT('',(0.16846451861943,-0.0541598089999999,0.002));
#5565=CARTESIAN_POINT('',(0.159439519,-0.054159809,0.002));
#5566=CARTESIAN_POINT('',(0.15041451938057,-0.054159809,0.002));
#5567=CARTESIAN_POINT('',(0.15041451938057,-0.05385980861943,0.002));
#5568=CARTESIAN_POINT('',(0.150114519,-0.05385980861943,0.002));
#5569=CARTESIAN_POINT('',(0.150114519,-0.053109809,0.002));
#5570=CARTESIAN_POINT('',(0.150114519,-0.05235980938057,0.002));
#5571=CARTESIAN_POINT('',(0.14941451861943,-0.05235980938057,0.002));
#5572=CARTESIAN_POINT('',(0.14941451861943,-0.0516598089999998,0.002));
#5573=CARTESIAN_POINT('',(0.140389519,-0.051659809,0.002));
#5574=CARTESIAN_POINT('',(0.13136451938057,-0.051659809,0.002));
#5575=CARTESIAN_POINT('',(0.13136451938057,-0.05135980861943,0.002));
#5576=CARTESIAN_POINT('',(0.131064519,-0.05135980861943,0.002));
#5577=CARTESIAN_POINT('',(0.131064519,-0.049109809,0.002));
#5578=CARTESIAN_POINT('',(0.131064519,-0.04685980938057,0.002));
#5579=CARTESIAN_POINT('',(0.13036451861943,-0.04685980938057,0.002));
#5580=CARTESIAN_POINT('',(0.13036451861943,-0.0461598089999998,0.002));
#5581=CARTESIAN_POINT('',(0.121339514187113,-0.046159809,0.002));
#5582=CARTESIAN_POINT('',(0.112314509754796,-0.046159809,0.002));
#5583=CARTESIAN_POINT('',(0.112314509754796,-0.0468597997547964,0.002));
#5584=CARTESIAN_POINT('',(0.111614509374226,-0.0468597997547964,0.002));
#5585=CARTESIAN_POINT('',(0.111614519,-0.0493597993375809,0.002));
#5586=CARTESIAN_POINT('',(0.111614519,-0.0518597989203654,0.002));
#5587=CARTESIAN_POINT('',(0.111314508920365,-0.0518597989203654,0.002));
#5588=CARTESIAN_POINT('',(0.111314508920365,-0.0521597993009354,0.002));
#5589=CARTESIAN_POINT('',(0.102289509337584,-0.052159809,0.002));
#5590=CARTESIAN_POINT('',(0.0932645097548025,-0.052159809,0.002));
#5591=CARTESIAN_POINT('',(0.0932645097548025,-0.0528597997547965,0.002));
#5592=CARTESIAN_POINT('',(0.0925645093742325,-0.0528597997547965,0.002));
#5593=CARTESIAN_POINT('',(0.092564519,-0.058359799337581,0.002));
#5594=CARTESIAN_POINT('',(0.092564519,-0.0638597989203654,0.002));
#5595=CARTESIAN_POINT('',(0.0922645089203724,-0.0638597989203654,0.002));
#5596=CARTESIAN_POINT('',(0.0922645089203724,-0.0641597993009354,0.002));
#5597=CARTESIAN_POINT('',(0.0832395102726071,-0.064159809,0.002));
#5598=CARTESIAN_POINT('',(0.0742145116248417,-0.064159809,0.002));
#5599=CARTESIAN_POINT('',(0.0742145116248417,-0.0648598016248417,0.002));
#5600=CARTESIAN_POINT('',(0.0735145112442717,-0.0648598016248417,0.002));
#5601=CARTESIAN_POINT('',(0.073514519,-0.0736348053124209,0.002));
#5602=CARTESIAN_POINT('',(0.073514519,-0.082409809,0.002));
#5603=CARTESIAN_POINT('',(0.073614519,-0.082409809,0.002));
#5604=CARTESIAN_POINT('',(0.076264519,-0.082409809,0.002));
#5605=CARTESIAN_POINT('',(0.076264519,-0.082659809,0.002));
#5606=CARTESIAN_POINT('',(0.076514519,-0.082659809,0.002));
#5607=CARTESIAN_POINT('',(0.076514519,-0.083409809,0.002));
#5608=CARTESIAN_POINT('',(0.076514519,-0.084159809,0.002));
#5609=CARTESIAN_POINT('',(0.076264519,-0.084159809,0.002));
#5610=CARTESIAN_POINT('',(0.076264519,-0.084409809,0.002));
#5611=CARTESIAN_POINT('',(0.073614519,-0.084409809,0.002));
#5612=CARTESIAN_POINT('',(0.073514519,-0.084409809,0.002));
#5613=CARTESIAN_POINT('',(0.073514519,-0.092934809,0.002));
#5614=CARTESIAN_POINT('',(0.073514519,-0.101459809,0.002));
#5615=CARTESIAN_POINT('',(0.073614519,-0.101459809,0.002));
#5616=CARTESIAN_POINT('',(0.076264519,-0.101459809,0.002));
#5617=CARTESIAN_POINT('',(0.076264519,-0.101709809,0.002));
#5618=CARTESIAN_POINT('',(0.076514519,-0.101709809,0.002));
#5619=CARTESIAN_POINT('',(0.076514519,-0.102459809,0.002));
#5620=CARTESIAN_POINT('',(0.076514519,-0.103209809,0.002));
#5621=CARTESIAN_POINT('',(0.076264519,-0.103209809,0.002));
#5622=CARTESIAN_POINT('',(0.116256578,-0.110107084,0.002));
#5623=CARTESIAN_POINT('',(0.119256578,-0.110107084,0.002));
#5624=CARTESIAN_POINT('',(0.175256578,-0.118107084,0.002));
#5625=CARTESIAN_POINT('',(0.178256578,-0.118107084,0.002));
#5626=CARTESIAN_POINT('',(0.092764519,-0.071409809,0.002));
#5627=CARTESIAN_POINT('',(0.095764519,-0.071409809,0.002));
#5628=CARTESIAN_POINT('',(0.149914519,-0.061507084,0.002));
#5629=CARTESIAN_POINT('',(0.152914519,-0.061507084,0.002));
#5630=CARTESIAN_POINT('',(0.130797015122136,-0.0948159982242475,0.));
#5631=CARTESIAN_POINT('',(0.138098576890412,-0.130251108356474,0.));
#5632=CARTESIAN_POINT('',(0.155812130257807,-0.134997440784309,0.));
#5633=CARTESIAN_POINT('',(0.138098576890413,-0.130251108356475,0.));
#5634=CARTESIAN_POINT('',(0.13771034831452,-0.131699997093697,0.));
#5635=CARTESIAN_POINT('',(0.137710363365883,-0.130199997093776,0.));
#5636=CARTESIAN_POINT('',(0.119363803893541,-0.130199812999949,0.));
#5637=CARTESIAN_POINT('',(0.119363803893541,-0.130199812999949,0.));
#5638=CARTESIAN_POINT('',(0.119363820951757,-0.128499812619465,0.));
#5639=CARTESIAN_POINT('',(0.117769181386926,-0.12908898657698,0.));
#5640=CARTESIAN_POINT('',(0.111340732215687,-0.1116899497421,0.));
#5641=CARTESIAN_POINT('',(0.111340732215687,-0.1116899497421,0.));
#5642=CARTESIAN_POINT('',(0.109933697620528,-0.112209809,0.));
#5643=CARTESIAN_POINT('',(0.109933697620528,-0.110709809,0.));
#5644=CARTESIAN_POINT('',(0.0954645189999999,-0.110709809,0.));
#5645=CARTESIAN_POINT('',(0.0954645189999999,-0.110709809,0.));
#5646=CARTESIAN_POINT('',(0.095464519,-0.112209809,0.));
#5647=CARTESIAN_POINT('',(0.093964519,-0.112209809,0.));
#5648=CARTESIAN_POINT('',(0.093964519,-0.121009798920365,0.));
#5649=CARTESIAN_POINT('',(0.093964519,-0.121009798920365,0.));
#5650=CARTESIAN_POINT('',(0.0922645089203724,-0.121009798920365,0.));
#5651=CARTESIAN_POINT('',(0.0922645089203724,-0.122709799300935,0.));
#5652=CARTESIAN_POINT('',(0.0742145116248416,-0.122709809,0.));
#5653=CARTESIAN_POINT('',(0.0742145116248416,-0.122709809,0.));
#5654=CARTESIAN_POINT('',(0.0742145116248416,-0.121009816375088,0.));
#5655=CARTESIAN_POINT('',(0.0725145112442716,-0.121009816375088,0.));
#5656=CARTESIAN_POINT('',(0.072514519,-0.0648598016248417,0.));
#5657=CARTESIAN_POINT('',(0.072514519,-0.0648598016248417,0.));
#5658=CARTESIAN_POINT('',(0.0742145116248417,-0.0648598016248417,0.));
#5659=CARTESIAN_POINT('',(0.0742145116248417,-0.0631598012442717,0.));
#5660=CARTESIAN_POINT('',(0.0900645190000001,-0.063159809,0.));
#5661=CARTESIAN_POINT('',(0.0900645190000001,-0.063159809,0.));
#5662=CARTESIAN_POINT('',(0.0900645190000001,-0.0616598090000001,0.));
#5663=CARTESIAN_POINT('',(0.091564519,-0.0616598090000001,0.));
#5664=CARTESIAN_POINT('',(0.091564519,-0.0528597997547965,0.));
#5665=CARTESIAN_POINT('',(0.091564519,-0.0528597997547965,0.));
#5666=CARTESIAN_POINT('',(0.0932645097548025,-0.0528597997547965,0.));
#5667=CARTESIAN_POINT('',(0.0932645097548025,-0.0511597993742265,0.));
#5668=CARTESIAN_POINT('',(0.109114519,-0.051159809,0.));
#5669=CARTESIAN_POINT('',(0.109114519,-0.051159809,0.));
#5670=CARTESIAN_POINT('',(0.109114519,-0.0496598090000001,0.));
#5671=CARTESIAN_POINT('',(0.110614519,-0.0496598090000001,0.));
#5672=CARTESIAN_POINT('',(0.110614519,-0.0468597997547964,0.));
#5673=CARTESIAN_POINT('',(0.110614519,-0.0468597997547964,0.));
#5674=CARTESIAN_POINT('',(0.112314509754796,-0.0468597997547964,0.));
#5675=CARTESIAN_POINT('',(0.112314509754796,-0.0451597993742264,0.));
#5676=CARTESIAN_POINT('',(0.13036451861943,-0.045159809,0.));
#5677=CARTESIAN_POINT('',(0.13036451861943,-0.045159809,0.));
#5678=CARTESIAN_POINT('',(0.13036451861943,-0.04685980938057,0.));
#5679=CARTESIAN_POINT('',(0.132064519,-0.04685980938057,0.));
#5680=CARTESIAN_POINT('',(0.132064519,-0.049159809,0.));
#5681=CARTESIAN_POINT('',(0.132064519,-0.049159809,0.));
#5682=CARTESIAN_POINT('',(0.133564519,-0.049159809,0.));
#5683=CARTESIAN_POINT('',(0.133564519,-0.0506598089999999,0.));
#5684=CARTESIAN_POINT('',(0.14941451861943,-0.050659809,0.));
#5685=CARTESIAN_POINT('',(0.14941451861943,-0.050659809,0.));
#5686=CARTESIAN_POINT('',(0.14941451861943,-0.05235980938057,0.));
#5687=CARTESIAN_POINT('',(0.151073346548699,-0.0519879341393688,0.));
#5688=CARTESIAN_POINT('',(0.152537017923329,-0.0516598090000001,0.));
#5689=CARTESIAN_POINT('',(0.152537017923329,-0.053159809,0.));
#5690=CARTESIAN_POINT('',(0.16846451861943,-0.053159809,0.));
#5691=CARTESIAN_POINT('',(0.16846451861943,-0.053159809,0.));
#5692=CARTESIAN_POINT('',(0.16846451861943,-0.05485980938057,0.));
#5693=CARTESIAN_POINT('',(0.170164519,-0.05485980938057,0.));
#5694=CARTESIAN_POINT('',(0.170164519,-0.074759809,0.));
#5695=CARTESIAN_POINT('',(0.170164519,-0.074759809,0.));
#5696=CARTESIAN_POINT('',(0.171664519,-0.074759809,0.));
#5697=CARTESIAN_POINT('',(0.171664519,-0.076259809,0.));
#5698=CARTESIAN_POINT('',(0.18737951861943,-0.076259809,0.));
#5699=CARTESIAN_POINT('',(0.18737951861943,-0.076259809,0.));
#5700=CARTESIAN_POINT('',(0.18737951861943,-0.07795980938057,0.));
#5701=CARTESIAN_POINT('',(0.189079519,-0.07795980938057,0.));
#5702=CARTESIAN_POINT('',(0.189079519,-0.1174866351112,0.));
#5703=CARTESIAN_POINT('',(0.189079519,-0.1174866351112,0.));
#5704=CARTESIAN_POINT('',(0.187379513755949,-0.1174866351112,0.));
#5705=CARTESIAN_POINT('',(0.188851761475711,-0.118336637747331,0.));
#5706=CARTESIAN_POINT('',(0.174253139102563,-0.143622192760052,0.));
#5707=CARTESIAN_POINT('',(0.174253139102563,-0.143622192760052,0.));
#5708=CARTESIAN_POINT('',(0.172780902761991,-0.142772196693699,0.));
#5709=CARTESIAN_POINT('',(0.171930913934682,-0.144244446770074,0.));
#5710=CARTESIAN_POINT('',(0.156173891655761,-0.135147285627309,0.));
#5711=CARTESIAN_POINT('',(0.156173891655761,-0.135147285627309,0.));
#5712=CARTESIAN_POINT('',(0.155423901681914,-0.136446329521535,0.));
#5713=CARTESIAN_POINT('',(0.149914519,-0.061507084,0.00646));
#5714=CARTESIAN_POINT('',(0.149914519,-0.061507084,0.00646));
#5715=CARTESIAN_POINT('',(0.151014519,-0.061507084,0.00646));
#5716=CARTESIAN_POINT('',(0.149914519,-0.061507084,0.002));
#5717=CARTESIAN_POINT('',(0.151014519,-0.061507084,0.002));
#5718=CARTESIAN_POINT('',(0.149914519,-0.061507084,0.00646));
#5719=CARTESIAN_POINT('',(0.149914519,-0.061507084,0.00646));
#5720=CARTESIAN_POINT('',(0.152914519,-0.061507084,0.00646));
#5721=CARTESIAN_POINT('',(0.130797015122136,-0.0948159982242475,0.00646));
#5722=CARTESIAN_POINT('',(0.130797015122136,-0.0948159982242475,0.002));
#5723=CARTESIAN_POINT('',(0.092764519,-0.071409809,0.00646));
#5724=CARTESIAN_POINT('',(0.092764519,-0.071409809,0.00646));
#5725=CARTESIAN_POINT('',(0.093864519,-0.071409809,0.00646));
#5726=CARTESIAN_POINT('',(0.092764519,-0.071409809,0.002));
#5727=CARTESIAN_POINT('',(0.093864519,-0.071409809,0.002));
#5728=CARTESIAN_POINT('',(0.092764519,-0.071409809,0.00646));
#5729=CARTESIAN_POINT('',(0.092764519,-0.071409809,0.00646));
#5730=CARTESIAN_POINT('',(0.095764519,-0.071409809,0.00646));
#5731=CARTESIAN_POINT('',(0.130797015122136,-0.0948159982242475,0.00646));
#5732=CARTESIAN_POINT('',(0.130797015122136,-0.0948159982242475,0.002));
#5733=CARTESIAN_POINT('',(0.175256578,-0.118107084,0.00646));
#5734=CARTESIAN_POINT('',(0.175256578,-0.118107084,0.00646));
#5735=CARTESIAN_POINT('',(0.176356578,-0.118107084,0.00646));
#5736=CARTESIAN_POINT('',(0.175256578,-0.118107084,0.002));
#5737=CARTESIAN_POINT('',(0.176356578,-0.118107084,0.002));
#5738=CARTESIAN_POINT('',(0.175256578,-0.118107084,0.00646));
#5739=CARTESIAN_POINT('',(0.175256578,-0.118107084,0.00646));
#5740=CARTESIAN_POINT('',(0.178256578,-0.118107084,0.00646));
#5741=CARTESIAN_POINT('',(0.130797015122136,-0.0948159982242475,0.00646));
#5742=CARTESIAN_POINT('',(0.130797015122136,-0.0948159982242475,0.002));
#5743=CARTESIAN_POINT('',(0.116256578,-0.110107084,0.00646));
#5744=CARTESIAN_POINT('',(0.116256578,-0.110107084,0.00646));
#5745=CARTESIAN_POINT('',(0.117356578,-0.110107084,0.00646));
#5746=CARTESIAN_POINT('',(0.116256578,-0.110107084,0.002));
#5747=CARTESIAN_POINT('',(0.117356578,-0.110107084,0.002));
#5748=CARTESIAN_POINT('',(0.116256578,-0.110107084,0.00646));
#5749=CARTESIAN_POINT('',(0.116256578,-0.110107084,0.00646));
#5750=CARTESIAN_POINT('',(0.119256578,-0.110107084,0.00646));
#5751=CARTESIAN_POINT('',(0.130797015122136,-0.0948159982242475,0.00646));
#5752=CARTESIAN_POINT('',(0.130797015122136,-0.0948159982242475,0.002));
#5753=CARTESIAN_POINT('',(0.073514519,-0.112234812687544,0.00646));
#5754=CARTESIAN_POINT('',(0.073514519,-0.084409809,0.00646));
#5755=CARTESIAN_POINT('',(0.073514519,-0.084409809,0.00646));
#5756=CARTESIAN_POINT('',(0.073514519,-0.102459809,0.00646));
#5757=CARTESIAN_POINT('',(0.073514519,-0.082409809,0.00646));
#5758=CARTESIAN_POINT('',(0.073514519,-0.082409809,0.00646));
#5759=CARTESIAN_POINT('',(0.0735145112442717,-0.0648598016248417,0.00646));
#5760=CARTESIAN_POINT('',(0.0735145112442717,-0.0648598016248417,0.01056));
#5761=CARTESIAN_POINT('',(0.073514519,-0.102459809,0.01056));
#5762=CARTESIAN_POINT('',(0.073514519,-0.121009816375088,0.01056));
#5763=CARTESIAN_POINT('',(0.073514519,-0.121009816375088,0.00646));
#5764=CARTESIAN_POINT('',(0.073514519,-0.103459809,0.00646));
#5765=CARTESIAN_POINT('',(0.073514519,-0.103459809,0.00646));
#5766=CARTESIAN_POINT('',(0.073514519,-0.102459809,0.00646));
#5767=CARTESIAN_POINT('',(0.073514519,-0.101459809,0.00646));
#5768=CARTESIAN_POINT('',(0.073514519,-0.101459809,0.00646));
#5769=CARTESIAN_POINT('',(0.073614519,-0.103459809,0.00646));
#5770=CARTESIAN_POINT('',(0.076264519,-0.103459809,0.00646));
#5771=CARTESIAN_POINT('',(0.076264519,-0.103459809,0.00646));
#5772=CARTESIAN_POINT('',(0.073614519,-0.103459809,0.00646));
#5773=CARTESIAN_POINT('',(0.076264519,-0.103209809,0.00646));
#5774=CARTESIAN_POINT('',(0.076514519,-0.103209809,0.00646));
#5775=CARTESIAN_POINT('',(0.076514519,-0.103209809,0.00646));
#5776=CARTESIAN_POINT('',(0.076264519,-0.103209809,0.00646));
#5777=CARTESIAN_POINT('',(0.076514519,-0.102459809,0.00646));
#5778=CARTESIAN_POINT('',(0.076514519,-0.102459809,0.00646));
#5779=CARTESIAN_POINT('',(0.076514519,-0.101709809,0.00646));
#5780=CARTESIAN_POINT('',(0.076514519,-0.101709809,0.00646));
#5781=CARTESIAN_POINT('',(0.076264519,-0.101709809,0.00646));
#5782=CARTESIAN_POINT('',(0.076264519,-0.101459809,0.00646));
#5783=CARTESIAN_POINT('',(0.076264519,-0.101459809,0.00646));
#5784=CARTESIAN_POINT('',(0.076264519,-0.101709809,0.00646));
#5785=CARTESIAN_POINT('',(0.073614519,-0.101459809,0.00646));
#5786=CARTESIAN_POINT('',(0.073614519,-0.101459809,0.00646));
#5787=CARTESIAN_POINT('',(0.073614519,-0.084409809,0.00646));
#5788=CARTESIAN_POINT('',(0.076264519,-0.084409809,0.00646));
#5789=CARTESIAN_POINT('',(0.076264519,-0.084409809,0.00646));
#5790=CARTESIAN_POINT('',(0.073614519,-0.084409809,0.00646));
#5791=CARTESIAN_POINT('',(0.076264519,-0.084159809,0.00646));
#5792=CARTESIAN_POINT('',(0.076514519,-0.084159809,0.00646));
#5793=CARTESIAN_POINT('',(0.076514519,-0.084159809,0.00646));
#5794=CARTESIAN_POINT('',(0.076264519,-0.084159809,0.00646));
#5795=CARTESIAN_POINT('',(0.076514519,-0.083409809,0.00646));
#5796=CARTESIAN_POINT('',(0.076514519,-0.083409809,0.00646));
#5797=CARTESIAN_POINT('',(0.076514519,-0.082659809,0.00646));
#5798=CARTESIAN_POINT('',(0.076514519,-0.082659809,0.00646));
#5799=CARTESIAN_POINT('',(0.076264519,-0.082659809,0.00646));
#5800=CARTESIAN_POINT('',(0.076264519,-0.082409809,0.00646));
#5801=CARTESIAN_POINT('',(0.076264519,-0.082409809,0.00646));
#5802=CARTESIAN_POINT('',(0.076264519,-0.082659809,0.00646));
#5803=CARTESIAN_POINT('',(0.073614519,-0.082409809,0.00646));
#5804=CARTESIAN_POINT('',(0.073614519,-0.082409809,0.00646));
#5805=CARTESIAN_POINT('',(0.0742145116248417,-0.0648598016248417,0.00646));
#5806=CARTESIAN_POINT('',(0.0742145116248417,-0.064159809,0.00646));
#5807=CARTESIAN_POINT('',(0.0742145116248417,-0.064159809,0.01056));
#5808=CARTESIAN_POINT('',(0.0742145116248417,-0.0648598016248417,0.01056));
#5809=CARTESIAN_POINT('',(0.0832395102726071,-0.064159809,0.00646));
#5810=CARTESIAN_POINT('',(0.0922645089203724,-0.0641597993009354,0.00646));
#5811=CARTESIAN_POINT('',(0.0922645089203724,-0.0641597993009354,0.01056));
#5812=CARTESIAN_POINT('',(0.0832395102726071,-0.064159809,0.01056));
#5813=CARTESIAN_POINT('',(0.0922645089203724,-0.0638597989203654,0.00646));
#5814=CARTESIAN_POINT('',(0.092564519,-0.0638597989203654,0.00646));
#5815=CARTESIAN_POINT('',(0.092564519,-0.0638597989203654,0.01056));
#5816=CARTESIAN_POINT('',(0.0922645089203724,-0.0638597989203654,0.01056));
#5817=CARTESIAN_POINT('',(0.092564519,-0.058359799337581,0.00646));
#5818=CARTESIAN_POINT('',(0.0925645093742325,-0.0528597997547965,0.00646));
#5819=CARTESIAN_POINT('',(0.0925645093742325,-0.0528597997547965,0.01056));
#5820=CARTESIAN_POINT('',(0.092564519,-0.058359799337581,0.01056));
#5821=CARTESIAN_POINT('',(0.0932645097548025,-0.0528597997547965,0.00646));
#5822=CARTESIAN_POINT('',(0.0932645097548025,-0.052159809,0.00646));
#5823=CARTESIAN_POINT('',(0.0932645097548025,-0.052159809,0.01056));
#5824=CARTESIAN_POINT('',(0.0932645097548025,-0.0528597997547965,0.01056));
#5825=CARTESIAN_POINT('',(0.102289509337584,-0.052159809,0.00646));
#5826=CARTESIAN_POINT('',(0.111314508920365,-0.0521597993009354,0.00646));
#5827=CARTESIAN_POINT('',(0.111314508920365,-0.0521597993009354,0.01056));
#5828=CARTESIAN_POINT('',(0.102289509337584,-0.052159809,0.01056));
#5829=CARTESIAN_POINT('',(0.111314508920365,-0.0518597989203654,0.00646));
#5830=CARTESIAN_POINT('',(0.111614519,-0.0518597989203654,0.00646));
#5831=CARTESIAN_POINT('',(0.111614519,-0.0518597989203654,0.01056));
#5832=CARTESIAN_POINT('',(0.111314508920365,-0.0518597989203654,0.01056));
#5833=CARTESIAN_POINT('',(0.111614519,-0.0493597993375809,0.00646));
#5834=CARTESIAN_POINT('',(0.111614509374226,-0.0468597997547964,0.00646));
#5835=CARTESIAN_POINT('',(0.111614509374226,-0.0468597997547964,0.01056));
#5836=CARTESIAN_POINT('',(0.111614519,-0.0493597993375809,0.01056));
#5837=CARTESIAN_POINT('',(0.112314509754796,-0.0468597997547964,0.00646));
#5838=CARTESIAN_POINT('',(0.112314509754796,-0.046159809,0.00646));
#5839=CARTESIAN_POINT('',(0.112314509754796,-0.046159809,0.01056));
#5840=CARTESIAN_POINT('',(0.112314509754796,-0.0468597997547964,0.01056));
#5841=CARTESIAN_POINT('',(0.121339514187113,-0.046159809,0.00646));
#5842=CARTESIAN_POINT('',(0.13036451861943,-0.0461598089999998,0.00646));
#5843=CARTESIAN_POINT('',(0.13036451861943,-0.0461598089999998,0.01056));
#5844=CARTESIAN_POINT('',(0.121339514187113,-0.046159809,0.01056));
#5845=CARTESIAN_POINT('',(0.13036451861943,-0.04685980938057,0.00646));
#5846=CARTESIAN_POINT('',(0.131064519,-0.04685980938057,0.00646));
#5847=CARTESIAN_POINT('',(0.131064519,-0.04685980938057,0.01056));
#5848=CARTESIAN_POINT('',(0.13036451861943,-0.04685980938057,0.01056));
#5849=CARTESIAN_POINT('',(0.131064519,-0.049109809,0.00646));
#5850=CARTESIAN_POINT('',(0.131064519,-0.05135980861943,0.00646));
#5851=CARTESIAN_POINT('',(0.131064519,-0.05135980861943,0.01056));
#5852=CARTESIAN_POINT('',(0.131064519,-0.049109809,0.01056));
#5853=CARTESIAN_POINT('',(0.13136451938057,-0.05135980861943,0.00646));
#5854=CARTESIAN_POINT('',(0.13136451938057,-0.051659809,0.00646));
#5855=CARTESIAN_POINT('',(0.13136451938057,-0.051659809,0.01056));
#5856=CARTESIAN_POINT('',(0.13136451938057,-0.05135980861943,0.01056));
#5857=CARTESIAN_POINT('',(0.140389519,-0.051659809,0.00646));
#5858=CARTESIAN_POINT('',(0.14941451861943,-0.0516598089999998,0.00646));
#5859=CARTESIAN_POINT('',(0.14941451861943,-0.0516598089999998,0.01056));
#5860=CARTESIAN_POINT('',(0.140389519,-0.051659809,0.01056));
#5861=CARTESIAN_POINT('',(0.14941451861943,-0.05235980938057,0.00646));
#5862=CARTESIAN_POINT('',(0.150114519,-0.05235980938057,0.00646));
#5863=CARTESIAN_POINT('',(0.150114519,-0.05235980938057,0.01056));
#5864=CARTESIAN_POINT('',(0.14941451861943,-0.05235980938057,0.01056));
#5865=CARTESIAN_POINT('',(0.150114519,-0.053109809,0.00646));
#5866=CARTESIAN_POINT('',(0.150114519,-0.05385980861943,0.00646));
#5867=CARTESIAN_POINT('',(0.150114519,-0.05385980861943,0.01056));
#5868=CARTESIAN_POINT('',(0.150114519,-0.053109809,0.01056));
#5869=CARTESIAN_POINT('',(0.15041451938057,-0.05385980861943,0.00646));
#5870=CARTESIAN_POINT('',(0.15041451938057,-0.054159809,0.00646));
#5871=CARTESIAN_POINT('',(0.15041451938057,-0.054159809,0.01056));
#5872=CARTESIAN_POINT('',(0.15041451938057,-0.05385980861943,0.01056));
#5873=CARTESIAN_POINT('',(0.159439519,-0.054159809,0.00646));
#5874=CARTESIAN_POINT('',(0.16846451861943,-0.0541598089999999,0.00646));
#5875=CARTESIAN_POINT('',(0.16846451861943,-0.0541598089999999,0.01056));
#5876=CARTESIAN_POINT('',(0.159439519,-0.054159809,0.01056));
#5877=CARTESIAN_POINT('',(0.16846451861943,-0.05485980938057,0.00646));
#5878=CARTESIAN_POINT('',(0.169164519,-0.05485980938057,0.00646));
#5879=CARTESIAN_POINT('',(0.169164519,-0.05485980938057,0.01056));
#5880=CARTESIAN_POINT('',(0.16846451861943,-0.05485980938057,0.01056));
#5881=CARTESIAN_POINT('',(0.169164519,-0.065909809,0.00646));
#5882=CARTESIAN_POINT('',(0.169164519,-0.07695980861943,0.00646));
#5883=CARTESIAN_POINT('',(0.169164519,-0.07695980861943,0.01056));
#5884=CARTESIAN_POINT('',(0.169164519,-0.065909809,0.01056));
#5885=CARTESIAN_POINT('',(0.16946451938057,-0.07695980861943,0.00646));
#5886=CARTESIAN_POINT('',(0.16946451938057,-0.07695980861943,0.01056));
#5887=CARTESIAN_POINT('',(0.18737951861943,-0.07795980938057,0.00646));
#5888=CARTESIAN_POINT('',(0.188079519,-0.07795980938057,0.00646));
#5889=CARTESIAN_POINT('',(0.188079519,-0.07795980938057,0.01056));
#5890=CARTESIAN_POINT('',(0.18737951861943,-0.07795980938057,0.01056));
#5891=CARTESIAN_POINT('',(0.188079519,-0.090080809190285,0.00646));
#5892=CARTESIAN_POINT('',(0.188079519,-0.109561809,0.005845));
#5893=CARTESIAN_POINT('',(0.188079519,-0.109561809,0.003265));
#5894=CARTESIAN_POINT('',(0.188079519,-0.109561809,0.008425));
#5895=CARTESIAN_POINT('',(0.188079519,-0.105226809,0.003265));
#5896=CARTESIAN_POINT('',(0.188079519,-0.103781809,0.003265));
#5897=CARTESIAN_POINT('',(0.188079519,-0.103781809,0.005845));
#5898=CARTESIAN_POINT('',(0.188079519,-0.103781809,0.008425));
#5899=CARTESIAN_POINT('',(0.188079519,-0.106671809,0.008425));
#5900=CARTESIAN_POINT('',(0.188079518999992,-0.1174866351112,0.00646));
#5901=CARTESIAN_POINT('',(0.188079518999992,-0.1174866351112,0.01056));
#5902=CARTESIAN_POINT('',(0.188079519,-0.1143142220556,0.01056));
#5903=CARTESIAN_POINT('',(0.18737951375595,-0.1174866351112,0.00646));
#5904=CARTESIAN_POINT('',(0.187985736034102,-0.117836637714427,0.00646));
#5905=CARTESIAN_POINT('',(0.187985736034102,-0.117836637714427,0.01056));
#5906=CARTESIAN_POINT('',(0.18737951375595,-0.1174866351112,0.01056));
#5907=CARTESIAN_POINT('',(0.178359551025846,-0.134509678862746,0.00646));
#5908=CARTESIAN_POINT('',(0.173387120870869,-0.143122196889794,0.00646));
#5909=CARTESIAN_POINT('',(0.173387120870869,-0.143122196889794,0.01056));
#5910=CARTESIAN_POINT('',(0.185656988386717,-0.121870146868426,0.01056));
#5911=CARTESIAN_POINT('',(0.172780902761991,-0.142772196693699,0.00646));
#5912=CARTESIAN_POINT('',(0.172430908220711,-0.143378415826909,0.00646));
#5913=CARTESIAN_POINT('',(0.172430908220711,-0.143378415826909,0.01056));
#5914=CARTESIAN_POINT('',(0.172780902761991,-0.142772196693699,0.01056));
#5915=CARTESIAN_POINT('',(0.164426984127997,-0.138757430464024,0.00646));
#5916=CARTESIAN_POINT('',(0.156423060241355,-0.134136444744205,0.00646));
#5917=CARTESIAN_POINT('',(0.156423060241355,-0.134136444744205,0.01056));
#5918=CARTESIAN_POINT('',(0.164426984127997,-0.138757430464024,0.01056));
#5919=CARTESIAN_POINT('',(0.156273062056303,-0.134396253852634,0.00646));
#5920=CARTESIAN_POINT('',(0.156350707793915,-0.134106476021467,0.00646));
#5921=CARTESIAN_POINT('',(0.156350707793915,-0.134106476021467,0.01056));
#5922=CARTESIAN_POINT('',(0.156273062056303,-0.134396253852634,0.01056));
#5923=CARTESIAN_POINT('',(0.147214173710105,-0.131658349036407,0.00646));
#5924=CARTESIAN_POINT('',(0.138077639151587,-0.129210223822983,0.00646));
#5925=CARTESIAN_POINT('',(0.138077639151587,-0.129210223822983,0.01056));
#5926=CARTESIAN_POINT('',(0.147214173710105,-0.131658349036407,0.01056));
#5927=CARTESIAN_POINT('',(0.137999993337909,-0.129500001938032,0.00646));
#5928=CARTESIAN_POINT('',(0.137999996348202,-0.129199999999973,0.00646));
#5929=CARTESIAN_POINT('',(0.137999996348202,-0.129199999999973,0.01056));
#5930=CARTESIAN_POINT('',(0.137999993337909,-0.129500001938032,0.01056));
#5931=CARTESIAN_POINT('',(0.128681905137993,-0.129199906499986,0.00646));
#5932=CARTESIAN_POINT('',(0.119363813927784,-0.129199812999999,0.00646));
#5933=CARTESIAN_POINT('',(0.119363813927784,-0.129199812999999,0.01056));
#5934=CARTESIAN_POINT('',(0.128681905137993,-0.129199906499986,0.01056));
#5935=CARTESIAN_POINT('',(0.119363820951757,-0.128499812619465,0.00646));
#5936=CARTESIAN_POINT('',(0.118707204450366,-0.12874241373838,0.00646));
#5937=CARTESIAN_POINT('',(0.118707204450366,-0.12874241373838,0.01056));
#5938=CARTESIAN_POINT('',(0.119363820951757,-0.128499812619465,0.01056));
#5939=CARTESIAN_POINT('',(0.115227414887321,-0.119324125567738,0.00646));
#5940=CARTESIAN_POINT('',(0.111747625324279,-0.109905837397095,0.00646));
#5941=CARTESIAN_POINT('',(0.111747625324279,-0.109905837397095,0.01056));
#5942=CARTESIAN_POINT('',(0.115227414887321,-0.119324125567738,0.01056));
#5943=CARTESIAN_POINT('',(0.111466218048264,-0.11000980938057,0.00646));
#5944=CARTESIAN_POINT('',(0.111466218048264,-0.109709809,0.00646));
#5945=CARTESIAN_POINT('',(0.111466218048264,-0.109709809,0.01056));
#5946=CARTESIAN_POINT('',(0.111466218048264,-0.11000980938057,0.01056));
#5947=CARTESIAN_POINT('',(0.102365369190918,-0.109709809,0.00646));
#5948=CARTESIAN_POINT('',(0.093264520333573,-0.109709808999925,0.00646));
#5949=CARTESIAN_POINT('',(0.093264520333573,-0.109709808999925,0.01056));
#5950=CARTESIAN_POINT('',(0.102365369190918,-0.109709809,0.01056));
#5951=CARTESIAN_POINT('',(0.093264520333573,-0.1100098103335,0.00646));
#5952=CARTESIAN_POINT('',(0.092964519,-0.1100098103335,0.00646));
#5953=CARTESIAN_POINT('',(0.092964519,-0.1100098103335,0.01056));
#5954=CARTESIAN_POINT('',(0.093264520333573,-0.1100098103335,0.01056));
#5955=CARTESIAN_POINT('',(0.092964519,-0.115509804626933,0.00646));
#5956=CARTESIAN_POINT('',(0.0929645093009424,-0.121009798920365,0.00646));
#5957=CARTESIAN_POINT('',(0.0929645093009424,-0.121009798920365,0.01056));
#5958=CARTESIAN_POINT('',(0.092964519,-0.115509804626933,0.01056));
#5959=CARTESIAN_POINT('',(0.0922645089203724,-0.121009798920365,0.00646));
#5960=CARTESIAN_POINT('',(0.0922645089203724,-0.121709809,0.00646));
#5961=CARTESIAN_POINT('',(0.0922645089203724,-0.121709809,0.01056));
#5962=CARTESIAN_POINT('',(0.0922645089203724,-0.121009798920365,0.01056));
#5963=CARTESIAN_POINT('',(0.083239510272607,-0.121709809,0.00646));
#5964=CARTESIAN_POINT('',(0.0742145116248416,-0.121709816755658,0.00646));
#5965=CARTESIAN_POINT('',(0.0742145116248416,-0.121709816755658,0.01056));
#5966=CARTESIAN_POINT('',(0.083239510272607,-0.121709809,0.01056));
#5967=CARTESIAN_POINT('',(0.0742145116248416,-0.121009816375088,0.00646));
#5968=CARTESIAN_POINT('',(0.0742145116248416,-0.121009816375088,0.01056));
#5969=CARTESIAN_POINT('',(0.130797015122136,-0.0948159982242475,0.01056));
#5970=CARTESIAN_POINT('',(0.130796660071206,-0.13019992772,0.01056));
#5971=CARTESIAN_POINT('',(0.119363803893541,-0.130199812999949,0.01056));
#5972=CARTESIAN_POINT('',(0.137710363365883,-0.130199997093776,0.01056));
#5973=CARTESIAN_POINT('',(0.13771034831452,-0.131699997093697,0.01056));
#5974=CARTESIAN_POINT('',(0.138098576890413,-0.130251108356475,0.01056));
#5975=CARTESIAN_POINT('',(0.122427349330162,-0.126052015491791,0.01056));
#5976=CARTESIAN_POINT('',(0.155812130257807,-0.134997440784309,0.01056));
#5977=CARTESIAN_POINT('',(0.155423901681914,-0.136446329521535,0.01056));
#5978=CARTESIAN_POINT('',(0.156173891655761,-0.135147285627309,0.01056));
#5979=CARTESIAN_POINT('',(0.119677260548771,-0.114076321411952,0.01056));
#5980=CARTESIAN_POINT('',(0.171930913934682,-0.144244446770074,0.01056));
#5981=CARTESIAN_POINT('',(0.172780902761991,-0.142772196693699,0.01056));
#5982=CARTESIAN_POINT('',(0.174253139102563,-0.143622192760052,0.01056));
#5983=CARTESIAN_POINT('',(0.184522810145672,-0.125834601130073,0.01056));
#5984=CARTESIAN_POINT('',(0.188851761475711,-0.118336637747331,0.01056));
#5985=CARTESIAN_POINT('',(0.187379513755949,-0.1174866351112,0.01056));
#5986=CARTESIAN_POINT('',(0.189079519,-0.1174866351112,0.01056));
#5987=CARTESIAN_POINT('',(0.189079519,-0.0948159982242475,0.01056));
#5988=CARTESIAN_POINT('',(0.189079519,-0.07795980938057,0.01056));
#5989=CARTESIAN_POINT('',(0.18737951861943,-0.07795980938057,0.01056));
#5990=CARTESIAN_POINT('',(0.18737951861943,-0.076259809,0.01056));
#5991=CARTESIAN_POINT('',(0.130797015122136,-0.076259809,0.01056));
#5992=CARTESIAN_POINT('',(0.171664519,-0.076259809,0.01056));
#5993=CARTESIAN_POINT('',(0.171664519,-0.074759809,0.01056));
#5994=CARTESIAN_POINT('',(0.170164519,-0.074759809,0.01056));
#5995=CARTESIAN_POINT('',(0.170164519,-0.0948159982242475,0.01056));
#5996=CARTESIAN_POINT('',(0.170164519,-0.05485980938057,0.01056));
#5997=CARTESIAN_POINT('',(0.16846451861943,-0.05485980938057,0.01056));
#5998=CARTESIAN_POINT('',(0.16846451861943,-0.053159809,0.01056));
#5999=CARTESIAN_POINT('',(0.130797015122136,-0.053159809,0.01056));
#6000=CARTESIAN_POINT('',(0.152537017923329,-0.053159809,0.01056));
#6001=CARTESIAN_POINT('',(0.152537017923329,-0.0516598090000001,0.01056));
#6002=CARTESIAN_POINT('',(0.151073346548699,-0.0519879341393688,0.01056));
#6003=CARTESIAN_POINT('',(0.14941451861943,-0.05235980938057,0.01056));
#6004=CARTESIAN_POINT('',(0.14941451861943,-0.050659809,0.01056));
#6005=CARTESIAN_POINT('',(0.130797015122136,-0.050659809,0.01056));
#6006=CARTESIAN_POINT('',(0.133564519,-0.0506598089999999,0.01056));
#6007=CARTESIAN_POINT('',(0.133564519,-0.049159809,0.01056));
#6008=CARTESIAN_POINT('',(0.132064519,-0.049159809,0.01056));
#6009=CARTESIAN_POINT('',(0.132064519,-0.0948159982242475,0.01056));
#6010=CARTESIAN_POINT('',(0.132064519,-0.04685980938057,0.01056));
#6011=CARTESIAN_POINT('',(0.13036451861943,-0.04685980938057,0.01056));
#6012=CARTESIAN_POINT('',(0.13036451861943,-0.045159809,0.01056));
#6013=CARTESIAN_POINT('',(0.130797015122136,-0.045159809,0.01056));
#6014=CARTESIAN_POINT('',(0.112314509754796,-0.0451597993742264,0.01056));
#6015=CARTESIAN_POINT('',(0.112314509754796,-0.0468597997547964,0.01056));
#6016=CARTESIAN_POINT('',(0.110614519,-0.0468597997547964,0.01056));
#6017=CARTESIAN_POINT('',(0.110614519,-0.0948159982242475,0.01056));
#6018=CARTESIAN_POINT('',(0.110614519,-0.0496598090000001,0.01056));
#6019=CARTESIAN_POINT('',(0.109114519,-0.0496598090000001,0.01056));
#6020=CARTESIAN_POINT('',(0.109114519,-0.051159809,0.01056));
#6021=CARTESIAN_POINT('',(0.130797015122136,-0.051159809,0.01056));
#6022=CARTESIAN_POINT('',(0.0932645097548025,-0.0511597993742265,0.01056));
#6023=CARTESIAN_POINT('',(0.0932645097548025,-0.0528597997547965,0.01056));
#6024=CARTESIAN_POINT('',(0.091564519,-0.0528597997547965,0.01056));
#6025=CARTESIAN_POINT('',(0.091564519,-0.0948159982242475,0.01056));
#6026=CARTESIAN_POINT('',(0.091564519,-0.0616598090000001,0.01056));
#6027=CARTESIAN_POINT('',(0.0900645190000001,-0.0616598090000001,0.01056));
#6028=CARTESIAN_POINT('',(0.0900645190000001,-0.063159809,0.01056));
#6029=CARTESIAN_POINT('',(0.130797015122136,-0.063159809,0.01056));
#6030=CARTESIAN_POINT('',(0.0742145116248417,-0.0631598012442717,0.01056));
#6031=CARTESIAN_POINT('',(0.0742145116248417,-0.0648598016248417,0.01056));
#6032=CARTESIAN_POINT('',(0.072514519,-0.0648598016248417,0.01056));
#6033=CARTESIAN_POINT('',(0.072514519,-0.0948159982242475,0.01056));
#6034=CARTESIAN_POINT('',(0.0725145112442716,-0.121009816375088,0.01056));
#6035=CARTESIAN_POINT('',(0.0742145116248416,-0.121009816375088,0.01056));
#6036=CARTESIAN_POINT('',(0.0742145116248416,-0.122709809,0.01056));
#6037=CARTESIAN_POINT('',(0.130797015122136,-0.122709809,0.01056));
#6038=CARTESIAN_POINT('',(0.0922645089203724,-0.122709799300935,0.01056));
#6039=CARTESIAN_POINT('',(0.0922645089203724,-0.121009798920365,0.01056));
#6040=CARTESIAN_POINT('',(0.093964519,-0.121009798920365,0.01056));
#6041=CARTESIAN_POINT('',(0.093964519,-0.0948159982242475,0.01056));
#6042=CARTESIAN_POINT('',(0.093964519,-0.112209809,0.01056));
#6043=CARTESIAN_POINT('',(0.095464519,-0.112209809,0.01056));
#6044=CARTESIAN_POINT('',(0.0954645189999999,-0.110709809,0.01056));
#6045=CARTESIAN_POINT('',(0.130797015122136,-0.110709809,0.01056));
#6046=CARTESIAN_POINT('',(0.109933697620528,-0.110709809,0.01056));
#6047=CARTESIAN_POINT('',(0.109933697620528,-0.112209809,0.01056));
#6048=CARTESIAN_POINT('',(0.111340732215687,-0.1116899497421,0.01056));
#6049=CARTESIAN_POINT('',(0.108192070669947,-0.103167882170965,0.01056));
#6050=CARTESIAN_POINT('',(0.117769181386926,-0.12908898657698,0.01056));
#6051=CARTESIAN_POINT('',(0.119363820951757,-0.128499812619465,0.01056));
#6052=CARTESIAN_POINT('',(0.130797015122136,-0.0948159982242475,0.00646));
#6053=CARTESIAN_POINT('',(0.130797015122136,-0.0948159982242475,0.00646));
#6054=CARTESIAN_POINT('',(0.171686019190285,-0.077259809,0.00646));
#6055=CARTESIAN_POINT('',(0.181242519,-0.077259809,0.003605));
#6056=CARTESIAN_POINT('',(0.181242519,-0.077259809,0.001));
#6057=CARTESIAN_POINT('',(0.178377519,-0.077259809,0.001));
#6058=CARTESIAN_POINT('',(0.175512519,-0.077259809,0.001));
#6059=CARTESIAN_POINT('',(0.175512519,-0.077259809,0.003605));
#6060=CARTESIAN_POINT('',(0.181242519,-0.077261809,0.003605));
#6061=CARTESIAN_POINT('',(0.181242519,-0.077261809,0.00621));
#6062=CARTESIAN_POINT('',(0.181242519,-0.076259809,0.00621));
#6063=CARTESIAN_POINT('',(0.181242519,-0.076259809,0.003605));
#6064=CARTESIAN_POINT('',(0.183043247584985,-0.076259809,0.00172260748959777));
#6065=CARTESIAN_POINT('',(0.183043247584985,-0.076259809,0.00172260748959777));
#6066=CARTESIAN_POINT('',(0.182766259155572,-0.076259809,0.00145763566262878));
#6067=CARTESIAN_POINT('',(0.182154035173888,-0.0759215252210016,0.00110130546334231));
#6068=CARTESIAN_POINT('',(0.18154589900889,-0.0754809302294475,0.001));
#6069=CARTESIAN_POINT('',(0.181242519,-0.075259809,0.001));
#6070=CARTESIAN_POINT('',(0.181242519,-0.075259809,0.001));
#6071=CARTESIAN_POINT('',(0.181242519,-0.077261809,0.001));
#6072=CARTESIAN_POINT('',(0.178377519,-0.077261809,0.00621));
#6073=CARTESIAN_POINT('',(0.175512519,-0.077261809,0.00621));
#6074=CARTESIAN_POINT('',(0.175512519,-0.076259809,0.00621));
#6075=CARTESIAN_POINT('',(0.178377519,-0.076259809,0.00621));
#6076=CARTESIAN_POINT('',(0.175512519,-0.077261809,0.003605));
#6077=CARTESIAN_POINT('',(0.175512519,-0.077261809,0.001));
#6078=CARTESIAN_POINT('',(0.175512519,-0.075259809,0.001));
#6079=CARTESIAN_POINT('',(0.173711790415015,-0.076259809,0.0017226074895978));
#6080=CARTESIAN_POINT('',(0.173988778844428,-0.076259809,0.00145763566262881));
#6081=CARTESIAN_POINT('',(0.174601002826112,-0.0759215252210013,0.00110130546334229));
#6082=CARTESIAN_POINT('',(0.175209138991111,-0.075480930229448,0.001));
#6083=CARTESIAN_POINT('',(0.175512519,-0.075259809,0.001));
#6084=CARTESIAN_POINT('',(0.173711790415015,-0.076259809,0.00172260748959779));
#6085=CARTESIAN_POINT('',(0.175512519,-0.076259809,0.003605));
#6086=CARTESIAN_POINT('',(0.178377519,-0.077261809,0.001));
#6087=CARTESIAN_POINT('',(0.178377519,-0.075259809,0.001));
#6088=CARTESIAN_POINT('',(0.188077519,-0.109561809,0.005845));
#6089=CARTESIAN_POINT('',(0.188077519,-0.109561809,0.008425));
#6090=CARTESIAN_POINT('',(0.189079519,-0.109561809,0.008425));
#6091=CARTESIAN_POINT('',(0.189079519,-0.109561809,0.005845));
#6092=CARTESIAN_POINT('',(0.189079519,-0.109561809,0.003265));
#6093=CARTESIAN_POINT('',(0.188077519,-0.109561809,0.003265));
#6094=CARTESIAN_POINT('',(0.188077519,-0.106671809,0.008425));
#6095=CARTESIAN_POINT('',(0.188077519,-0.103781809,0.008425));
#6096=CARTESIAN_POINT('',(0.189079519,-0.103781809,0.008425));
#6097=CARTESIAN_POINT('',(0.189079519,-0.106671809,0.008425));
#6098=CARTESIAN_POINT('',(0.188077519,-0.103781809,0.005845));
#6099=CARTESIAN_POINT('',(0.188077519,-0.103781809,0.003265));
#6100=CARTESIAN_POINT('',(0.189079519,-0.103781809,0.003265));
#6101=CARTESIAN_POINT('',(0.189079519,-0.103781809,0.005845));
#6102=CARTESIAN_POINT('',(0.188077519,-0.105226809,0.003265));
#6103=CARTESIAN_POINT('',(0.189079519,-0.103781809,0.003265));
#6104=CARTESIAN_POINT('',(0.121339514187113,-0.045159809,0.00956));
#6105=CARTESIAN_POINT('',(0.13036451861943,-0.045159809,0.00956));
#6106=CARTESIAN_POINT('',(0.112314509754796,-0.045159809,0.00956));
#6107=CARTESIAN_POINT('',(0.112314509754796,-0.0468597997547964,0.00956));
#6108=CARTESIAN_POINT('',(0.110614509374226,-0.0468597997547964,0.00956));
#6109=CARTESIAN_POINT('',(0.13036451861943,-0.04685980938057,0.00956));
#6110=CARTESIAN_POINT('',(0.132064519,-0.04685980938057,0.00956));
#6111=CARTESIAN_POINT('',(0.110614519,-0.0482598043773982,0.00956));
#6112=CARTESIAN_POINT('',(0.110614519,-0.0496598090000001,0.00956));
#6113=CARTESIAN_POINT('',(0.132064519,-0.048009809190285,0.00956));
#6114=CARTESIAN_POINT('',(0.132064519,-0.049159809,0.00956));
#6115=CARTESIAN_POINT('',(0.109114519,-0.0496598090000001,0.00956));
#6116=CARTESIAN_POINT('',(0.109114519,-0.051159809,0.00956));
#6117=CARTESIAN_POINT('',(0.133564519,-0.049159809,0.00956));
#6118=CARTESIAN_POINT('',(0.133564519,-0.0506598089999999,0.00956));
#6119=CARTESIAN_POINT('',(0.101189514377401,-0.051159809,0.00956));
#6120=CARTESIAN_POINT('',(0.0932645097548025,-0.051159809,0.00956));
#6121=CARTESIAN_POINT('',(0.141489518809715,-0.050659809,0.00956));
#6122=CARTESIAN_POINT('',(0.14941451861943,-0.050659809,0.00956));
#6123=CARTESIAN_POINT('',(0.0932645097548025,-0.0528597997547965,0.00956));
#6124=CARTESIAN_POINT('',(0.0915645093742325,-0.0528597997547965,0.00956));
#6125=CARTESIAN_POINT('',(0.14941451861943,-0.05235980938057,0.00956));
#6126=CARTESIAN_POINT('',(0.151073346548699,-0.0519879341393689,0.00956));
#6127=CARTESIAN_POINT('',(0.091564519,-0.0572598043773983,0.00956));
#6128=CARTESIAN_POINT('',(0.091564519,-0.0616598090000001,0.00956));
#6129=CARTESIAN_POINT('',(0.152537017923329,-0.0516598090000001,0.00956));
#6130=CARTESIAN_POINT('',(0.152537017923329,-0.053159809,0.00956));
#6131=CARTESIAN_POINT('',(0.0900645190000001,-0.0616598090000001,0.00956));
#6132=CARTESIAN_POINT('',(0.0900645190000001,-0.063159809,0.00956));
#6133=CARTESIAN_POINT('',(0.16050076827138,-0.053159809,0.00956));
#6134=CARTESIAN_POINT('',(0.16846451861943,-0.053159809,0.00956));
#6135=CARTESIAN_POINT('',(0.0821395153124209,-0.063159809,0.00956));
#6136=CARTESIAN_POINT('',(0.0742145116248417,-0.063159809,0.00956));
#6137=CARTESIAN_POINT('',(0.16846451861943,-0.05485980938057,0.00956));
#6138=CARTESIAN_POINT('',(0.170164519,-0.05485980938057,0.00956));
#6139=CARTESIAN_POINT('',(0.0742145116248417,-0.0648598016248417,0.00956));
#6140=CARTESIAN_POINT('',(0.0725145112442717,-0.0648598016248417,0.00956));
#6141=CARTESIAN_POINT('',(0.170164519,-0.064809809190285,0.00956));
#6142=CARTESIAN_POINT('',(0.170164519,-0.074759809,0.00956));
#6143=CARTESIAN_POINT('',(0.072514519,-0.0929348089999648,0.00956));
#6144=CARTESIAN_POINT('',(0.072514519,-0.121009816375088,0.00956));
#6145=CARTESIAN_POINT('',(0.171664519,-0.074759809,0.00956));
#6146=CARTESIAN_POINT('',(0.171664519,-0.076259809,0.00956));
#6147=CARTESIAN_POINT('',(0.0742145116248416,-0.121009816375088,0.00956));
#6148=CARTESIAN_POINT('',(0.0742145116248416,-0.122709816755658,0.00956));
#6149=CARTESIAN_POINT('',(0.172786019,-0.076259809,0.00956));
#6150=CARTESIAN_POINT('',(0.18737951861943,-0.076259809,0.00956));
#6151=CARTESIAN_POINT('',(0.083239510272607,-0.122709809,0.00956));
#6152=CARTESIAN_POINT('',(0.0922645089203724,-0.122709809,0.00956));
#6153=CARTESIAN_POINT('',(0.18737951861943,-0.07795980938057,0.00956));
#6154=CARTESIAN_POINT('',(0.189079519,-0.07795980938057,0.00956));
#6155=CARTESIAN_POINT('',(0.0922645089203724,-0.121009798920365,0.00956));
#6156=CARTESIAN_POINT('',(0.0939645093009425,-0.121009798920365,0.00956));
#6157=CARTESIAN_POINT('',(0.189079519,-0.090080809190285,0.00956));
#6158=CARTESIAN_POINT('',(0.189079519,-0.1174866351112,0.00956));
#6159=CARTESIAN_POINT('',(0.093964519,-0.116609803960183,0.00956));
#6160=CARTESIAN_POINT('',(0.093964519,-0.112209809,0.00956));
#6161=CARTESIAN_POINT('',(0.187379513755949,-0.1174866351112,0.00956));
#6162=CARTESIAN_POINT('',(0.188851761475711,-0.118336637747331,0.00956));
#6163=CARTESIAN_POINT('',(0.095464519,-0.112209809,0.00956));
#6164=CARTESIAN_POINT('',(0.0954645189999999,-0.110709809,0.00956));
#6165=CARTESIAN_POINT('',(0.179225576424838,-0.135009678871046,0.00956));
#6166=CARTESIAN_POINT('',(0.174253139102563,-0.143622192760052,0.00956));
#6167=CARTESIAN_POINT('',(0.102699108310264,-0.110709809,0.00956));
#6168=CARTESIAN_POINT('',(0.109933697620528,-0.110709809,0.00956));
#6169=CARTESIAN_POINT('',(0.172780902761991,-0.142772196693699,0.00956));
#6170=CARTESIAN_POINT('',(0.171930913934682,-0.144244446770074,0.00956));
#6171=CARTESIAN_POINT('',(0.109933697620528,-0.112209809,0.00956));
#6172=CARTESIAN_POINT('',(0.111340732215687,-0.1116899497421,0.00956));
#6173=CARTESIAN_POINT('',(0.164052403280287,-0.139695865358518,0.00956));
#6174=CARTESIAN_POINT('',(0.156173891655761,-0.135147285627309,0.00956));
#6175=CARTESIAN_POINT('',(0.114554956801307,-0.12038946815954,0.00956));
#6176=CARTESIAN_POINT('',(0.117769181386926,-0.12908898657698,0.00956));
#6177=CARTESIAN_POINT('',(0.155423901681914,-0.136446329521535,0.00956));
#6178=CARTESIAN_POINT('',(0.155812130257806,-0.134997440784309,0.00956));
#6179=CARTESIAN_POINT('',(0.119363820951757,-0.128499812619465,0.00956));
#6180=CARTESIAN_POINT('',(0.119363803893541,-0.130199812999949,0.00956));
#6181=CARTESIAN_POINT('',(0.146955353574109,-0.132624274570392,0.00956));
#6182=CARTESIAN_POINT('',(0.138098576890412,-0.130251108356475,0.00956));
#6183=CARTESIAN_POINT('',(0.128537083629712,-0.130199905046862,0.00956));
#6184=CARTESIAN_POINT('',(0.137710363365883,-0.130199997093776,0.00956));
#6185=CARTESIAN_POINT('',(0.13771034831452,-0.131699997093697,0.00956));
#6186=CARTESIAN_POINT('',(0.130797015122136,-0.045159809,0.001));
#6187=CARTESIAN_POINT('',(0.13036451861943,-0.045159809,0.001));
#6188=CARTESIAN_POINT('',(0.112314509754796,-0.045159809,0.001));
#6189=CARTESIAN_POINT('',(0.112314509754796,-0.0468597997547964,0.001));
#6190=CARTESIAN_POINT('',(0.110614509374226,-0.0468597997547964,0.001));
#6191=CARTESIAN_POINT('',(0.13036451861943,-0.04685980938057,0.001));
#6192=CARTESIAN_POINT('',(0.132064519,-0.04685980938057,0.001));
#6193=CARTESIAN_POINT('',(0.110614519,-0.0948159982242475,0.001));
#6194=CARTESIAN_POINT('',(0.110614519,-0.0496598090000001,0.001));
#6195=CARTESIAN_POINT('',(0.132064519,-0.0948159982242475,0.001));
#6196=CARTESIAN_POINT('',(0.132064519,-0.049159809,0.001));
#6197=CARTESIAN_POINT('',(0.109114519,-0.0496598090000001,0.001));
#6198=CARTESIAN_POINT('',(0.109114519,-0.051159809,0.001));
#6199=CARTESIAN_POINT('',(0.133564519,-0.049159809,0.001));
#6200=CARTESIAN_POINT('',(0.133564519,-0.0506598089999999,0.001));
#6201=CARTESIAN_POINT('',(0.130797015122136,-0.051159809,0.001));
#6202=CARTESIAN_POINT('',(0.0932645097548025,-0.051159809,0.001));
#6203=CARTESIAN_POINT('',(0.130797015122136,-0.050659809,0.001));
#6204=CARTESIAN_POINT('',(0.14941451861943,-0.050659809,0.001));
#6205=CARTESIAN_POINT('',(0.0932645097548025,-0.0528597997547965,0.001));
#6206=CARTESIAN_POINT('',(0.0915645093742325,-0.0528597997547965,0.001));
#6207=CARTESIAN_POINT('',(0.14941451861943,-0.05235980938057,0.001));
#6208=CARTESIAN_POINT('',(0.151073346548699,-0.0519879341393688,0.001));
#6209=CARTESIAN_POINT('',(0.091564519,-0.0948159982242475,0.001));
#6210=CARTESIAN_POINT('',(0.091564519,-0.0616598090000001,0.001));
#6211=CARTESIAN_POINT('',(0.152537017923329,-0.0516598090000001,0.001));
#6212=CARTESIAN_POINT('',(0.152537017923329,-0.053159809,0.001));
#6213=CARTESIAN_POINT('',(0.0900645190000001,-0.0616598090000001,0.001));
#6214=CARTESIAN_POINT('',(0.0900645190000001,-0.063159809,0.001));
#6215=CARTESIAN_POINT('',(0.130797015122136,-0.053159809,0.001));
#6216=CARTESIAN_POINT('',(0.16846451861943,-0.053159809,0.001));
#6217=CARTESIAN_POINT('',(0.130797015122136,-0.063159809,0.001));
#6218=CARTESIAN_POINT('',(0.0742145116248417,-0.063159809,0.001));
#6219=CARTESIAN_POINT('',(0.16846451861943,-0.05485980938057,0.001));
#6220=CARTESIAN_POINT('',(0.170164519,-0.05485980938057,0.001));
#6221=CARTESIAN_POINT('',(0.0742145116248417,-0.0648598016248417,0.001));
#6222=CARTESIAN_POINT('',(0.0725145112442717,-0.0648598016248417,0.001));
#6223=CARTESIAN_POINT('',(0.170164519,-0.0948159982242475,0.001));
#6224=CARTESIAN_POINT('',(0.170164519,-0.074759809,0.001));
#6225=CARTESIAN_POINT('',(0.072514519,-0.0948159982242475,0.001));
#6226=CARTESIAN_POINT('',(0.072514519,-0.121009816375088,0.001));
#6227=CARTESIAN_POINT('',(0.171664519,-0.074759809,0.001));
#6228=CARTESIAN_POINT('',(0.171664519,-0.076259809,0.001));
#6229=CARTESIAN_POINT('',(0.0742145116248416,-0.121009816375088,0.001));
#6230=CARTESIAN_POINT('',(0.0742145116248416,-0.122709816755658,0.001));
#6231=CARTESIAN_POINT('',(0.130797015122136,-0.076259809,0.001));
#6232=CARTESIAN_POINT('',(0.171664519,-0.075259809,0.001));
#6233=CARTESIAN_POINT('',(0.18737951861943,-0.076259809,0.001));
#6234=CARTESIAN_POINT('',(0.171664519,-0.075259809,0.001));
#6235=CARTESIAN_POINT('',(0.130797015122136,-0.122709809,0.001));
#6236=CARTESIAN_POINT('',(0.0922645089203724,-0.122709809,0.001));
#6237=CARTESIAN_POINT('',(0.18737951861943,-0.07795980938057,0.001));
#6238=CARTESIAN_POINT('',(0.189079519,-0.07795980938057,0.001));
#6239=CARTESIAN_POINT('',(0.0922645089203724,-0.121009798920365,0.001));
#6240=CARTESIAN_POINT('',(0.0939645093009425,-0.121009798920365,0.001));
#6241=CARTESIAN_POINT('',(0.189079519,-0.0948159982242475,0.001));
#6242=CARTESIAN_POINT('',(0.189079519,-0.1174866351112,0.001));
#6243=CARTESIAN_POINT('',(0.093964519,-0.0948159982242475,0.001));
#6244=CARTESIAN_POINT('',(0.093964519,-0.112209809,0.001));
#6245=CARTESIAN_POINT('',(0.187379513755949,-0.1174866351112,0.001));
#6246=CARTESIAN_POINT('',(0.188851761475711,-0.118336637747331,0.001));
#6247=CARTESIAN_POINT('',(0.095464519,-0.112209809,0.001));
#6248=CARTESIAN_POINT('',(0.0954645189999999,-0.110709809,0.001));
#6249=CARTESIAN_POINT('',(0.184522810145672,-0.125834601130073,0.001));
#6250=CARTESIAN_POINT('',(0.174253139102563,-0.143622192760052,0.001));
#6251=CARTESIAN_POINT('',(0.130797015122136,-0.110709809,0.001));
#6252=CARTESIAN_POINT('',(0.109933697620528,-0.110709809,0.001));
#6253=CARTESIAN_POINT('',(0.172780902761991,-0.142772196693699,0.001));
#6254=CARTESIAN_POINT('',(0.171930913934682,-0.144244446770074,0.001));
#6255=CARTESIAN_POINT('',(0.109933697620528,-0.112209809,0.001));
#6256=CARTESIAN_POINT('',(0.111340732215687,-0.1116899497421,0.001));
#6257=CARTESIAN_POINT('',(0.119677260548771,-0.114076321411952,0.001));
#6258=CARTESIAN_POINT('',(0.156173891655761,-0.135147285627309,0.001));
#6259=CARTESIAN_POINT('',(0.108192070669947,-0.103167882170965,0.001));
#6260=CARTESIAN_POINT('',(0.117769181386926,-0.12908898657698,0.001));
#6261=CARTESIAN_POINT('',(0.155423901681914,-0.136446329521535,0.001));
#6262=CARTESIAN_POINT('',(0.155812130257807,-0.134997440784309,0.001));
#6263=CARTESIAN_POINT('',(0.119363820951757,-0.128499812619465,0.001));
#6264=CARTESIAN_POINT('',(0.119363803893541,-0.130199812999949,0.001));
#6265=CARTESIAN_POINT('',(0.122427349330162,-0.126052015491791,0.001));
#6266=CARTESIAN_POINT('',(0.138098576890413,-0.130251108356475,0.001));
#6267=CARTESIAN_POINT('',(0.130796660071206,-0.13019992772,0.001));
#6268=CARTESIAN_POINT('',(0.137710363365884,-0.130199997093776,0.001));
#6269=CARTESIAN_POINT('',(0.13771034831452,-0.131699997093697,0.001));
#6270=CARTESIAN_POINT('',(0.189079519,-0.103781809,0.005845));
#6271=CARTESIAN_POINT('',(0.189079519,-0.103781809,0.002265));
#6272=CARTESIAN_POINT('',(0.189079519,-0.103781809,0.009425));
#6273=CARTESIAN_POINT('',(0.189079519,-0.090080809190285,0.009425));
#6274=CARTESIAN_POINT('',(0.189079519,-0.109561809,0.009425));
#6275=CARTESIAN_POINT('',(0.189079519,-0.105226809,0.002265));
#6276=CARTESIAN_POINT('',(0.189079519,-0.109561809,0.002265));
#6277=CARTESIAN_POINT('',(0.189079519,-0.109561809,0.005845));
#6278=CARTESIAN_POINT('',(0.173711790415015,-0.076259809,0.00172260748959786));
#6279=CARTESIAN_POINT('',(0.173711790415015,-0.0752598089999999,0.00172260748959782));
#6280=CARTESIAN_POINT('',(0.173020531841124,-0.075259809,0.001));
#6281=CARTESIAN_POINT('',(0.17384168496436,-0.0762598089555208,0.00159834816177624));
#6282=CARTESIAN_POINT('',(0.17375321588624,-0.075376799795279,0.00168297910483157));
#6283=CARTESIAN_POINT('',(0.173200289945123,-0.075259809,0.001));
#6284=CARTESIAN_POINT('',(0.174122944296597,-0.076174502714692,0.00138139521859585));
#6285=CARTESIAN_POINT('',(0.173935802142353,-0.0755406646836159,0.00150212856503189));
#6286=CARTESIAN_POINT('',(0.17358951830497,-0.075259809,0.001));
#6287=CARTESIAN_POINT('',(0.174724275613977,-0.0758365978878353,0.00108446422395992));
#6288=CARTESIAN_POINT('',(0.174536307800592,-0.0755561875062317,0.00113838951833257));
#6289=CARTESIAN_POINT('',(0.174421686983207,-0.075259809,0.001));
#6290=CARTESIAN_POINT('',(0.175196336422115,-0.0754902616015012,0.001));
#6291=CARTESIAN_POINT('',(0.175135648761058,-0.0753750353087351,0.00100000000001308));
#6292=CARTESIAN_POINT('',(0.175074961152303,-0.075259809,0.001));
#6293=CARTESIAN_POINT('',(0.175512519,-0.075259809,0.001));
#6294=CARTESIAN_POINT('',(0.175512519,-0.075259809,0.001));
#6295=CARTESIAN_POINT('',(0.175512519,-0.075259809,0.001));
#6296=CARTESIAN_POINT('',(0.173020531841124,-0.0762598090000001,0.00099999999999998));
#6297=CARTESIAN_POINT('',(0.175512519,-0.076259809,0.003605));
#6298=CARTESIAN_POINT('',(0.175512519,-0.076259809,0.00721));
#6299=CARTESIAN_POINT('',(0.172786019,-0.076259809,0.00721));
#6300=CARTESIAN_POINT('',(0.181242519,-0.076259809,0.00721));
#6301=CARTESIAN_POINT('',(0.183734506158875,-0.075259809,0.001));
#6302=CARTESIAN_POINT('',(0.183043247584985,-0.0752598089999999,0.00172260748959781));
#6303=CARTESIAN_POINT('',(0.183043247584985,-0.076259809,0.00172260748959783));
#6304=CARTESIAN_POINT('',(0.183554748054874,-0.075259809,0.001));
#6305=CARTESIAN_POINT('',(0.183001822113746,-0.0753767997952765,0.00168297910483177));
#6306=CARTESIAN_POINT('',(0.182913353035637,-0.0762598089555208,0.0015983481617731));
#6307=CARTESIAN_POINT('',(0.183165519695031,-0.075259809,0.001));
#6308=CARTESIAN_POINT('',(0.182819235857652,-0.0755406646836163,0.00150212856503181));
#6309=CARTESIAN_POINT('',(0.182632093703405,-0.0761745027146916,0.00138139521859727));
#6310=CARTESIAN_POINT('',(0.182333351016792,-0.075259809,0.001));
#6311=CARTESIAN_POINT('',(0.182218730199406,-0.0755561875062336,0.00113838951833265));
#6312=CARTESIAN_POINT('',(0.182030762386022,-0.0758365978878376,0.00108446422395909));
#6313=CARTESIAN_POINT('',(0.181680076847697,-0.075259809,0.001));
#6314=CARTESIAN_POINT('',(0.181619389238938,-0.0753750353087249,0.00100000000001297));
#6315=CARTESIAN_POINT('',(0.181558701577885,-0.0754902616014909,0.001));
#6316=CARTESIAN_POINT('',(0.181242519,-0.075259809,0.001));
#6317=CARTESIAN_POINT('',(0.181242519,-0.075259809,0.001));
#6318=CARTESIAN_POINT('',(0.181242519,-0.075259809,0.001));
#6319=CARTESIAN_POINT('',(0.183734506158875,-0.0762598090000001,0.000999999999999951));
#6320=CARTESIAN_POINT('',(0.181242519,-0.076259809,0.003605));
#6321=MECHANICAL_DESIGN_GEOMETRIC_PRESENTATION_REPRESENTATION('',(#3552),
#6322);
#6322=(
GEOMETRIC_REPRESENTATION_CONTEXT(3)
GLOBAL_UNCERTAINTY_ASSIGNED_CONTEXT((#6323))
GLOBAL_UNIT_ASSIGNED_CONTEXT((#6326,#6325,#6324))
REPRESENTATION_CONTEXT('Left','TOP_LEVEL_ASSEMBLY_PART')
);
#6323=UNCERTAINTY_MEASURE_WITH_UNIT(LENGTH_MEASURE(2.E-5),#6326,
'DISTANCE_ACCURACY_VALUE','Maximum Tolerance applied to model');
#6324=(
NAMED_UNIT(*)
SI_UNIT($,.STERADIAN.)
SOLID_ANGLE_UNIT()
);
#6325=(
NAMED_UNIT(*)
PLANE_ANGLE_UNIT()
SI_UNIT($,.RADIAN.)
);
#6326=(
LENGTH_UNIT()
NAMED_UNIT(*)
SI_UNIT($,.METRE.)
);
#6327=PRODUCT_DEFINITION_SHAPE('','',#6328);
#6328=PRODUCT_DEFINITION('','',#6330,#6329);
#6329=PRODUCT_DEFINITION_CONTEXT('',#6336,'design');
#6330=PRODUCT_DEFINITION_FORMATION_WITH_SPECIFIED_SOURCE('','',#6332,
 .NOT_KNOWN.);
#6331=PRODUCT_RELATED_PRODUCT_CATEGORY('','',(#6332));
#6332=PRODUCT('Left','Left','Left',(#6334));
#6333=PRODUCT_CATEGORY('','');
#6334=PRODUCT_CONTEXT('',#6336,'mechanical');
#6335=APPLICATION_PROTOCOL_DEFINITION('international standard',
'ap242_managed_model_based_3d_engineering',2020,#6336);
#6336=APPLICATION_CONTEXT('managed model based 3d engineering');
ENDSEC;
END-ISO-10303-21;
